date,open,high,low,close,volume
2018-01-02,39.74192922403438,40.24173941710281,39.53172647732496,40.23239517211914,102223600
2018-01-03,40.29543604668363,40.767220394628254,40.162310914925996,40.22536849975586,118071600
2018-01-04,40.29777620574446,40.51498527654076,40.19034237338912,40.4122200012207,89738400
2018-01-05,40.507975095875025,40.95873670879751,40.4168883492139,40.87232208251953,94640000
2018-01-08,40.72050476074219,41.01478414426948,40.62240806911673,40.72050476074219,82271200
2018-01-09,40.767222018194126,40.886334358066584,40.500968180291736,40.71583938598633,86336000
2018-01-10,40.442588763192425,40.708842664386644,40.40521891928828,40.706504821777344,95839600
2018-01-11,40.77655934108537,40.986761972950376,40.75320586895592,40.937713623046875,74670800
2018-01-12,41.14791003371474,41.42350807179687,41.024125591694585,41.36044692993164,101672400
2018-01-16,41.54963996826612,41.89763993406561,41.13858240438722,41.15026092529297,118263600
2018-01-17,41.14089798614181,41.86492318784634,40.88866058088767,41.829891204833984,137547200
2018-01-18,41.89295510663197,42.063453619817594,41.63137342384646,41.86726379394531,124773600
2018-01-19,41.7154633623387,41.942013108967615,41.435196700011545,41.6804313659668,129700400
2018-01-22,41.40950313011101,41.52160907619025,41.246014549623844,41.33943557739258,108434400
2018-01-23,41.4094970080787,41.909306916694824,41.29739107857335,41.34877014160156,130756400
2018-01-24,41.39782603750043,41.40950455731997,40.45192295265972,40.69015121459961,204420400
2018-01-25,40.75788033680049,40.86064560766888,39.828327905935794,39.96379089355469,166116000
2018-01-26,40.17164132031456,40.17164132031456,39.718542004984876,40.05719757080078,156572000
2018-01-29,39.74191887120787,39.74191887120787,39.02023115887901,39.22809600830078,202561600
2018-01-30,38.66054672904738,39.09028916200144,38.4666947094055,38.99686813354492,184192800
2018-01-31,38.97351439091905,39.34019926438187,38.88709975409863,39.104305267333984,129915600
2018-02-01,39.043573419865425,39.38222905740429,38.947814562060074,39.18604278564453,188923200
2018-02-02,38.77031453450521,38.95716013658482,37.392334901262075,37.485755920410156,346375200
2018-02-05,37.158795273810895,38.27519369766384,36.43476958098249,36.54921340942383,290954000
2018-02-06,36.161500373275416,38.23781447548652,35.96764833446802,38.07666015625,272975200
2018-02-07,38.090679943847086,38.163081795909825,37.15178658229281,37.26155471801758,206434400
2018-02-08,37.436707202469265,37.60253360818496,36.20820335015767,36.236228942871094,217562000
2018-02-09,36.8342311855885,37.02652618717998,35.23253859813122,36.6794548034668,282690400
2018-02-12,37.169571058398745,38.43357083958652,36.937406518800216,38.15685272216797,243278000
2018-02-13,37.97863336270872,38.63525757586731,37.90828012945707,38.53910827636719,130196800
2018-02-14,38.23424636240979,39.289534118272805,38.19672773949779,39.24966812133789,162579600
2018-02-15,39.81716693279276,40.59104512106228,39.63190693047491,40.567596435546875,204588800
2018-02-16,40.41986938372041,40.9967616423969,40.28151028166677,40.436283111572266,160704400
2018-02-20,40.347167225893934,40.865428738385795,40.19942580241765,40.30026626586914,135722000
2018-02-21,40.530073443596514,40.83258760245082,40.10326658288389,40.117340087890625,149886400
2018-02-22,40.288546393843085,40.79273805453179,40.26744149529841,40.452701568603516,123967600
2018-02-23,40.72706873021606,41.191394307064236,40.69658149665015,41.156219482421875,135249600
2018-02-26,41.35555229219334,42.06845615928356,41.32272126367563,41.96996307373047,152648800
2018-02-27,42.00045256808782,42.32407170138227,41.78001411689453,41.83395004272461,155712400
2018-02-28,42.037969282526205,42.35690081010692,41.75421615757141,41.7706298828125,151128400
2018-03-01,41.869113560517185,42.15990516330248,40.490207082637184,41.03895568847656,195208000
2018-03-02,40.52305269157681,41.34383210081118,40.44097331932767,41.32272720336914,153816000
2018-03-05,41.08820077163233,41.68150648370561,40.92638947228277,41.46575927734375,113605600
2018-03-06,41.72138323820596,41.80111522190971,41.30395864315268,41.43059158325195,95154000
2018-03-07,41.024888913465674,41.238292358234624,40.86776875758587,41.04599380493164,126814000
2018-03-08,41.1515203805562,41.5361138952039,41.055374685629104,41.49390411376953,95096400
2018-03-09,41.733094411872464,42.21148972091879,41.599422976832976,42.2067985534668,128740800
2018-03-12,42.27951549540932,42.77198453917445,42.260757973375576,42.614864349365234,128828400
2018-03-13,42.818878501558245,43.03228195752703,42.03327768092932,42.2044677734375,126774000
2018-03-14,42.28655332708337,42.33345428800608,41.697934995814336,41.84567642211914,117473600
2018-03-15,41.85973790071512,42.26778369281401,41.758901034006826,41.89491271972656,90975200
2018-03-16,41.894926434640674,42.005145674709375,41.6533830561874,41.747188568115234,157618800
2018-03-19,41.58302954525192,41.61820437252176,40.72472797672701,41.10932159423828,133787200
2018-03-20,41.095245361328125,41.46107782208997,41.02489213926311,41.095245361328125,78597600
2018-03-21,41.048335598889736,41.06006173079245,40.161894417403104,40.164241790771484,148219600
2018-03-22,39.866420083077934,40.494900752679506,39.538109819601516,39.596736907958984,165963200
2018-03-23,39.488858804240465,39.847656274311774,38.679805755615234,38.679805755615234,164115200
2018-03-26,39.413814288272604,40.5933908285116,39.03156458909685,40.5160026550293,150164800
2018-03-27,40.72942417521666,41.0741518685663,39.14414840770191,39.477149963378906,163690400
2018-03-28,39.221523214294066,39.87111237349299,38.73843656517135,39.040950775146484,166674000
2018-03-29,39.35284871600534,40.27681225973409,39.139445242034746,39.3458137512207,153594000
2018-04-02,39.07846990412321,39.61783980550772,38.56958723220933,39.08784866333008,150347200
2018-04-03,39.31297982072446,39.57328423348167,38.6657380601208,39.488861083984375,121112000
2018-04-04,38.665743788214215,40.3377861453882,38.63994772264869,40.24398422241211,138422000
2018-04-05,40.471456271496045,40.85839366355364,40.35420208259207,40.523048400878906,107732800
2018-04-06,40.09390240110896,40.44800880545494,39.44431311551647,39.48652648925781,140021200
2018-04-09,39.83828113365013,40.59105096146025,39.83124616915198,39.87814712524414,116070800
2018-04-10,40.56995108908561,40.80445947688379,40.225223472757165,40.628578186035156,113634400
2018-04-11,40.38937319172964,40.78569288629012,40.26508404919231,40.438621520996094,89726400
2018-04-12,40.666093993882306,41.03896141306867,40.579323470784374,40.837284088134766,91557200
2018-04-13,40.98736165959085,41.23593989277432,40.769270651413485,40.97563552856445,100497200
2018-04-16,41.04599479836905,41.31802533378069,40.99909384564957,41.231258392333984,86313600
2018-04-17,41.38838127915609,41.962926039032276,41.36962018116944,41.798770904541016,106421600
2018-04-18,41.697928719918146,41.93478444114706,41.47983767421081,41.70496368408203,83018000
2018-04-19,40.74817443971879,41.1304242406062,40.49021737111835,40.523048400878906,139235200
2018-04-20,40.00713405885561,40.15252812029606,38.794722494438965,38.86273193359375,261964400
2018-04-23,39.123031478455985,39.14413637278911,38.48047726168653,38.75016403198242,146062000
2018-04-24,38.85099548025622,39.0057718403514,37.80743410382036,38.21078872680664,134768000
2018-04-25,38.135749302540106,38.792373442463585,38.08650454957621,38.37729263305664,113528400
2018-04-26,38.48751117244882,38.86506977787231,38.311629901195275,38.510963439941406,111852000
2018-04-27,38.45936379350475,38.536751967120935,37.66907191427153,38.065391540527344,142623200
2018-04-30,38.02083978086763,39.223865178378034,37.95283035577987,38.75484848022461,169709600
2018-05-01,39.02453317715288,39.678809862224035,38.75719381639185,39.65536117553711,214277600
2018-05-02,41.09290629028131,41.68386846538951,40.75756099293259,41.40715026855469,266157600
2018-05-03,41.24532940570239,41.62523178453475,40.907636811934324,41.482181549072266,136272800
2018-05-04,41.80112285694862,43.20817327569584,41.782361755300954,43.10968017578125,224805200
2018-05-07,43.42626886047117,44.010196132784614,43.32543195429846,43.42158126831055,169805600
2018-05-08,43.38169746782833,43.67014171321646,43.072144753118614,43.63027572631836,113611200
2018-05-09,43.74753734783236,43.946867316294885,43.43564078484701,43.9374885559082,92844800
2018-05-10,44.026597421096504,44.64335192738503,44.00548895079558,44.56596374511719,111957200
2018-05-11,44.608342648435915,44.74252598594442,44.1280988490821,44.39646911621094,104848800
2018-05-14,44.49534749608727,44.61776309036825,44.22462436223415,44.29289245605469,83115200
2018-05-15,43.970378343631864,44.0386500297141,43.574886781090854,43.89033889770508,94780800
2018-05-16,43.80323241533357,44.365868491092186,43.786751806031575,44.299949645996094,76732400
2018-05-17,44.2575713547681,44.471797695241,43.87149481216628,44.019805908203125,69176000
2018-05-18,44.06689404605473,44.21284873798185,43.81735721452309,43.8597297668457,73190800
2018-05-21,44.25756888940936,44.55654389780449,44.00097001699767,44.170467376708984,73603200
2018-05-22,44.34703725408873,44.46474358200202,43.970375567921366,44.05983352661133,60962800
2018-05-23,43.869160304201685,44.3752961979968,43.7302640741597,44.34233856201172,80233600
2018-05-24,44.4388507541978,44.455327773211465,43.83619489329493,44.29289245605469,92936000
2018-05-25,44.311719588330504,44.64600510130118,44.17517982802782,44.39411544799805,69844000
2018-05-29,44.16342599646382,44.43414917712166,43.99157213120586,44.234046936035156,90056400
2018-05-30,44.19166839609295,44.257583658854166,43.970379903060696,44.13987731933594,74762000
2018-05-31,44.07395775611649,44.311723245583195,43.81971165651136,43.99156188964844,109931200
2018-06-01,44.255218470622694,44.789602516532064,44.19871815026651,44.78489685058594,93770000
2018-06-04,45.11447741480749,45.5335116194763,45.04620933090354,45.15920639038086,105064800
2018-06-05,45.45111740448041,45.65592523952757,45.28397285957056,45.50761413574219,86264000
2018-06-06,45.58295958276537,45.68889457314305,45.18040230879515,45.66535186767578,83734400
2018-06-07,45.703009472917365,45.717133656482744,45.27926600539702,45.542930603027344,85388800
2018-06-08,45.003832665969014,45.19922558261393,44.674256416273806,45.12860107421875,106627200
2018-06-11,45.046211555074656,45.19216624711074,44.777841280495316,45.01795959472656,73234000
2018-06-12,45.055631029010755,45.34283477544598,44.99913069472254,45.2651481628418,67644400
2018-06-13,45.298106191637146,45.406397601947454,44.83199010402392,44.89319610595703,86553600
2018-06-14,45.09330375856828,45.098013018396934,44.78020443404885,44.916744232177734,86440400
2018-06-15,44.735448528216516,44.76605331051844,44.31876729086429,44.45530700683594,246876800
2018-06-18,44.22932676017291,44.54477882716092,44.06924430139088,44.43178176879883,73939600
2018-06-19,43.584294155203395,43.864435759517136,43.186446235941816,43.71377182006836,134314000
2018-06-20,43.869146633345196,44.06924522085797,43.72318835479916,43.904457092285156,82514800
2018-06-21,44.08101301559192,44.33996833397004,43.53721043910938,43.65962600708008,102847600
2018-06-22,43.81500332493383,43.82206541739633,43.48071777729794,43.532508850097656,108801600
2018-06-25,43.1746807750187,43.532509027058914,42.546129398516676,42.88512420654297,126652400
2018-06-26,43.07815742835521,43.91151653812936,42.9722188736952,43.41714859008789,98276800
2018-06-27,43.605477734770446,44.08807431465228,43.322983314777396,43.35358810424805,101141200
2018-06-28,43.33947202308176,43.836192877993625,43.2688475068545,43.66904830932617,69460800
2018-06-29,43.855021380811685,44.06689492297677,43.05932905932024,43.57723617553711,90950800
2018-07-02,43.27355401169523,44.092789008299924,43.179386798681435,44.064537048339844,70925200
2018-07-03,44.20813041766312,44.245797295637054,43.20762687118931,43.29708480834961,55819200
2018-07-05,43.6125501822098,43.88327690941216,43.381846770178385,43.6455078125,66416800
2018-07-06,43.65020826050607,44.35879896476578,43.59841719591709,44.250511169433594,69940800
2018-07-09,44.61069077205164,44.888475934967545,44.563608967231666,44.86493682861328,79026400
2018-07-10,44.89553969751991,45.02972301512193,44.77076771152323,44.810791015625,63756400
2018-07-11,44.375286670796754,44.67661458999871,44.16576954584989,44.229331970214844,75326000
2018-07-12,44.61776340799935,45.0603403805497,44.56597233282379,44.970882415771484,72164400
2018-07-13,44.982654551959264,45.16156689252232,44.94027840238948,45.041507720947266,50055600
2018-07-16,45.086236457750054,45.3522503374858,44.827281078772934,44.94263458251953,60172400
2018-07-17,44.66955094745963,45.16862462279862,44.54007326976923,45.06975173950195,62138000
2018-07-18,45.147433749220426,45.15214300759659,44.711918948272675,44.82256317138672,65573600
2018-07-19,44.655428060581336,45.328708412023275,44.655428060581336,45.170982360839844,81147200
2018-07-20,45.14743750979245,45.30045429470257,44.76842300145352,45.06739807128906,82704800
2018-07-23,44.88848242766125,45.18981392473907,44.624821408844134,45.107418060302734,63957600
2018-07-24,45.305165112002,45.59001600744331,45.211001486066,45.43464279174805,74791600
2018-07-25,45.448769545919404,45.870160237270106,45.30045841417882,45.86309814453125,66839600
2018-07-26,45.813649847163006,46.131458319101874,45.57823722857466,45.719486236572266,76304000
2018-07-27,45.90312904057975,45.950210867669625,44.75196094648347,44.95912170410156,96096000
2018-07-30,45.175671635953215,45.24629612676642,44.50945721078866,44.70720291137695,84118000
2018-07-31,44.799021616765586,45.23217996880992,44.57302392450554,44.79666519165039,157492000
2018-08-01,46.87772303025375,47.49685586882303,46.44927027493961,47.43564987182617,271742800
2018-08-02,47.21906796740019,49.05528728580015,47.16492406575627,48.822227478027344,249616000
2018-08-03,48.737484162224085,49.14004140332828,48.372593809947276,48.96348190307617,133789600
2018-08-06,48.96583818020829,49.260104034656656,48.74690610871269,49.21773147583008,101701600
2018-08-07,49.27657299747852,49.318945546288,48.67391365266562,48.756309509277344,102349600
2018-08-08,48.50676646549255,48.921091344207525,48.14658547844738,48.78926086425781,90102000
2018-08-09,49.32601330988609,49.384866473630254,48.77750139273708,49.172996520996094,93970400
2018-08-10,48.986371143415944,49.39742705887133,48.82336614927484,49.02653121948242,98444800
2018-08-13,49.447024012639176,49.83445457088549,49.06668031301187,49.34307861328125,103563600
2018-08-14,49.6478343527854,49.74232821635951,49.1989794890338,49.55097579956055,82992000
2018-08-15,49.42576875498392,49.78485191739147,49.21551684900846,49.66673278808594,115230400
2018-08-16,50.02344855362679,50.51009876327454,49.95730213317231,50.394344329833984,114001600
2018-08-17,50.42269622366473,51.48812950883822,50.35654979736229,51.40072250366211,141708000
2018-08-20,51.523563547511685,51.77869768428093,50.81720988532367,50.89989471435547,121150800
2018-08-21,51.21645993387259,51.308592719080146,50.56207888756199,50.80067825317383,104639200
2018-08-22,50.57861771807685,51.11251493875671,50.51719345762094,50.803043365478516,76072400
2018-08-23,50.70852815035226,51.27550199275533,50.696719124128144,50.9069709777832,75532800
2018-08-24,51.16921107177788,51.24007966949176,50.81721474938912,51.06526565551758,73905600
2018-08-27,51.29912951726357,51.67475103752438,51.105416045700416,51.48575973510742,82100400
2018-08-28,51.738537694761895,52.09998192790679,51.71727711744975,51.90154266357422,91107200
2018-08-29,52.00785590995711,52.796894504886076,51.83304188973848,52.67641067504883,109019200
2018-08-30,52.74019031767683,53.923742675038724,52.53938635946585,53.16069412231445,195175200
2018-08-31,53.51032829361586,54.067850745143865,53.38984807574226,53.77491760253906,173360400
2018-09-04,53.959188886707125,54.141089775298994,53.53868501730448,53.9473762512207,109560400
2018-09-05,54.0961949430119,54.25683521318291,53.17722834943758,53.595367431640625,133332000
2018-09-06,53.44418486745145,53.70877419122638,52.279531881836945,52.70476150512695,137160000
2018-09-07,52.40945751605054,53.241013565604675,52.140146053637395,52.27952575683594,150479200
2018-09-10,52.19682372051695,52.40944023951905,51.13847771242082,51.577880859375,158066000
2018-09-11,51.50230096312733,52.98824161403199,51.15975621240195,52.881935119628906,142996000
2018-09-12,53.13944168453879,53.15361540522654,51.93462496013622,52.22520065307617,197114800
2018-09-13,52.80398487884961,53.94501627996278,52.57955921881434,53.48671340942383,166825600
2018-09-14,53.33079363291841,53.58829250227248,52.56774497032442,52.87957763671875,127997200
2018-09-17,52.48033836730671,52.66932973352161,51.32749788234575,51.47160339355469,148780400
2018-09-18,51.450330521211534,52.409460912019995,51.29205131507944,51.556640625,126286800
2018-09-19,51.61806488301106,51.88265060670735,50.86210309765727,51.58735275268555,108495200
2018-09-20,52.029126706870315,52.51105127333453,51.77162420931718,51.979515075683594,106435200
2018-09-21,52.15667886190373,52.29369747504303,51.33220609833967,51.41961669921875,384986800
2018-09-24,51.221187301371494,52.27008227145814,51.176301449926825,52.15904998779297,110773600
2018-09-25,51.91335848542905,52.63861168577063,51.901545851293584,52.48978042602539,98217600
2018-09-26,52.208650996905945,52.85830615636971,51.91571428185233,52.071632385253906,95938800
2018-09-27,52.87484932822745,53.49379241878552,52.808699298788234,53.14179611206055,120724800
2018-09-28,53.10399333061653,53.35204420798232,52.922092477963226,53.32842254638672,91717600
2018-10-01,53.85051643777683,54.197787005703184,53.47253734395038,53.6875114440918,94403200
2018-10-02,53.685143811325815,54.33479901696342,53.53867724574372,54.16470718383789,99152800
2018-10-03,54.34661210049897,55.15454651217673,54.28282676137159,54.823814392089844,114619200
2018-10-04,54.51906562598968,54.88996142629786,53.56229994728196,53.859962463378906,128168000
2018-10-05,53.85286782678433,53.959174308019705,52.10942855757086,52.985870361328125,134322000
2018-10-08,52.49451357213514,53.10636989634763,52.01967228806284,52.86304473876953,118655600
2018-10-09,52.83231893890951,53.68986488883776,52.50394793515697,53.595367431640625,107564000
2018-10-10,53.26228031441347,53.47253222410703,51.03927739644141,51.112510681152344,167962400
2018-10-11,50.677831437884706,51.854296937675905,50.15810799817568,50.661293029785156,212497600
2018-10-12,52.07163916179051,52.65278689341281,51.22590572066078,52.470882415771484,161351600
2018-10-15,52.24647275034153,52.40475200742665,51.32750574118638,51.3487663269043,123164000
2018-10-16,51.719628848367556,52.67875899526169,51.20699237253441,52.480316162109375,116736000
2018-10-17,52.515764645492226,52.59608478681421,51.81649782677638,52.2535400390625,91541600
2018-10-18,51.466865935858664,51.91099500494613,50.318747882244416,51.032188415527344,130325200
2018-10-19,51.51412745416602,52.270089356808874,51.36529615914031,51.809425354003906,132314800
2018-10-22,51.92280389191962,52.76617618297206,51.722003540271174,52.12596893310547,115168400
2018-10-23,50.98729404224741,52.740181153507756,50.720343707537985,52.61733627319336,155071200
2018-10-24,52.58664026806459,52.97170619640665,50.68255678665356,50.8124885559082,163702000
2018-10-25,51.431441351031665,52.29843547056509,51.20465099928753,51.92517852783203,119423200
2018-10-26,51.003841608951056,52.01730581697299,50.240792997824286,51.09833908081055,189033600
2018-10-29,51.78105705896714,51.89917617134046,48.686334872902606,50.13920211791992,183742000
2018-10-30,49.88170731122408,50.8337472135886,49.43758183225462,50.38962173461914,146640000
2018-10-31,51.23535895942081,52.07872773863771,51.17393470003853,51.70310974121094,153435600
2018-11-01,51.74798949726561,52.52993752973202,51.21881451840618,52.496864318847656,233292800
2018-11-02,49.50371280590586,50.47228720976333,48.53040902428139,49.01469802856445,365314800
2018-11-05,48.26347923934601,48.28473981849687,46.81533749201692,47.62327194213867,264654800
2018-11-06,47.70122910815629,48.362696958228696,47.64689531758217,48.13827133178711,127531600
2018-11-07,48.658016035636415,49.62423007756153,48.2233383117738,49.598243713378906,133697600
2018-11-08,49.77839177248752,49.81158038382015,49.01268077134279,49.4251708984375,101450400
2018-11-09,48.72821123325348,48.83725798808566,47.945904040896274,48.47218322753906,137463200
2018-11-12,47.175450083987386,47.37695470965315,45.940352537920646,46.03043746948242,204542000
2018-11-13,45.42829078480157,46.74398484568346,45.38561765122714,45.570526123046875,187531600
2018-11-14,45.96643301809805,46.10392974917986,44.077043957770435,44.28329086303711,243204000
2018-11-15,44.66020697297825,45.50889120917199,44.30698252406285,45.376136779785156,185915200
2018-11-16,45.160412515171664,46.22008232656418,44.913869072574464,45.87871170043945,147713200
2018-11-19,45.04188654984463,45.207829618939165,43.854204422517,44.060447692871094,167701200
2018-11-20,42.28485439049654,43.019749890217156,41.60685521644267,41.95533752441406,271300800
2018-11-21,42.60724306041743,42.73525883894707,41.85338602993736,41.90790939331055,124496800
2018-11-23,41.47172379819083,41.8652485061949,40.79846701261189,40.843505859375,94496000
2018-11-26,41.30577746097213,41.474089835387204,40.362265965846845,41.39585876464844,179994000
2018-11-27,40.65859891607065,41.43142518724016,40.50925196099607,41.305782318115234,165549600
2018-11-28,41.896057768030154,42.97706227069224,41.46934451243013,42.89409255981445,184250000
2018-11-29,43.301847521528224,43.3350361348104,42.126015647425476,42.56458282470703,167080000
2018-11-30,42.74000012754947,42.7494846540276,41.96717761478334,42.334625244140625,158126000
2018-12-03,43.7285573355553,43.84234634091446,42.95810408732895,43.813899993896484,163210000
2018-12-04,42.89645092805689,43.23782144535916,41.787000364110554,41.886566162109375,165377200
2018-12-06,40.71785665095758,41.43378646572274,40.400193746066954,41.41956329345703,172393600
2018-12-07,41.127977694253815,41.365040213085045,39.8976226427538,39.942665100097656,169126400
2018-12-10,39.115325064377515,40.32197270882044,38.719430996285325,40.205814361572266,248104000
2018-12-11,40.69415597889754,40.724971648959276,39.589443688075356,39.97585678100586,189126800
2018-12-12,40.39545486304984,40.75579093217634,40.06831102170334,40.087276458740234,142510800
2018-12-13,40.41679401583242,40.909884536388844,40.19395464798327,40.525840759277344,127594400
2018-12-14,40.06357582280403,40.082541263185234,39.18170274016165,39.2291145324707,162814800
2018-12-17,39.221995872633826,39.909479397667184,38.57718548508604,38.86403274536133,177151600
2018-12-18,39.20541426301864,39.71509741023078,38.97072098489433,39.368988037109375,135366000
2018-12-19,39.35237304092806,39.69611292535838,37.71427037932862,38.14098358154297,196189200
2018-12-20,38.02482772479942,38.43020623587975,36.815811012529885,37.17851638793945,259092000
2018-12-21,37.18563569205263,37.493817763282536,35.47167428612858,35.73244094848633,382978400
2018-12-24,35.1208086565069,35.92682334359603,34.7509917276026,34.80788803100586,148676800
2018-12-26,35.15637365867392,37.27334029939218,34.78181443000984,37.259117126464844,234330000
2018-12-27,36.94383371504013,37.164303808057454,35.57598515454274,37.0173225402832,212468400
2018-12-28,37.3373405032617,37.57914524507539,36.6380069125309,37.03627014160156,169165600
2018-12-31,37.58152679042015,37.77828914637844,37.09554782616534,37.394248962402344,140014000
2019-01-02,36.7186059109956,37.65737488578006,36.562143812317146,37.43690490722656,148158800
2019-01-03,34.13225652812852,34.544746565740525,33.66287380759525,33.707916259765625,365248800
2019-01-04,34.26264280679694,35.2156350688356,34.08958819478278,35.14688491821289,234428400
2019-01-07,35.251188405905694,35.28200768439772,34.587412769454396,35.06864929199219,219111200
2019-01-08,35.45507757862409,35.990841304732,35.20853409612209,35.7371826171875,164101200
2019-01-09,35.865191626259296,36.63327559109025,35.471670542086514,36.344058990478516,180396400
2019-01-10,36.152042085783165,36.50052435461603,35.7632596139456,36.46022415161133,143122800
2019-01-11,36.24213409767135,36.43652356290657,35.91735585214863,36.102264404296875,108092800
2019-01-14,35.760888011805555,35.860453851229586,35.37447488807685,35.559383392333984,129756800
2019-01-15,35.62339821578827,36.3630323765045,35.57124415396462,36.287174224853516,114843600
2019-01-16,36.28954360894264,36.9533196191107,36.27057816667632,36.7304801940918,122278800
2019-01-17,36.55505308712287,37.375291294712916,36.332213658927785,36.948577880859375,119284800
2019-01-18,37.33734441280423,37.427429321935136,36.97700839356735,37.176143646240234,135004000
2019-01-22,37.07895085520432,37.154808983139375,36.18048184882576,36.3416862487793,121576000
2019-01-23,36.543193727393664,36.77788697397383,35.96239115421121,36.488670349121094,92522400
2019-01-24,36.53370666750917,36.62141864613615,35.97186962856401,36.19944763183594,101766000
2019-01-25,36.85848448845611,37.48670242020263,36.58349467789878,37.39898681640625,134142000
2019-01-28,36.93196370450961,37.05997947471733,36.427023060851354,37.0528678894043,104768400
2019-01-29,37.0410361983911,37.48671510346252,36.53372231130948,36.668846130371094,166348800
2019-01-30,38.70045837079162,39.38793826706386,37.984528510908085,39.174583435058594,244439200
2019-01-31,39.37846827996008,40.06357904316649,39.01102052977518,39.45669937133789,162958400
2019-02-01,39.57995887212942,40.05882254527424,39.33578115515661,39.475650787353516,130672400
2019-02-04,39.68663891563872,40.69415466560486,39.655819629284345,40.59695816040039,125982000
2019-02-05,40.978640381799345,41.504919632922416,40.8577397603801,41.291561126708984,144406400
2019-02-06,41.402975219897854,41.6210759612757,40.97626549992744,41.305782318115234,112958400
2019-02-07,40.86959266251732,41.23467110889792,40.38124426294569,40.52348327636719,126966800
2019-02-08,40.233007210168395,40.63059905695286,40.097300316034534,40.57107925415039,95280000
2019-02-11,40.723455587227264,40.7615491383027,40.29491221963111,40.337764739990234,83973600
2019-02-12,40.49727895932219,40.71154881575849,40.40204508650543,40.685359954833984,89134000
2019-02-13,40.80440825043843,41.06391379755997,40.45443141309773,40.51633071899414,89960800
2019-02-14,40.40443489478929,40.77345486056133,40.325868299005165,40.6639404296875,87342800
2019-02-15,40.771069644079475,40.87820457497819,40.41395078588315,40.573463439941406,98507200
2019-02-19,40.404439480348884,40.816315650930065,40.352061743881706,40.69489288330078,75891200
2019-02-20,40.75680134277752,41.26391148139469,40.70918620303559,40.956787109375,104457600
2019-02-21,40.90202916164342,41.03773248916366,40.54491017065026,40.72584915161133,68998800
2019-02-22,40.84963867860566,41.18771078203653,40.80202355455081,41.18056869506836,75652800
2019-02-25,41.463889012500914,41.8710025541568,41.413890764380966,41.480552673339844,87493600
2019-02-26,41.356737007330025,41.73528204127891,41.228172212494506,41.50434494018555,68280800
2019-02-27,41.23770671972961,41.66386696049311,41.12342606902132,41.63291549682617,111341600
2019-02-28,41.501978939190536,41.64244483272273,41.16866579075333,41.22342300415039,112861600
2019-03-01,41.49246297168521,41.699590814457125,41.16153286720035,41.65673828125,103544800
2019-03-04,41.82814027721426,42.31858290715454,41.41864371317076,41.866233825683594,109744800
2019-03-05,41.88765622385319,41.901940395012524,41.55434315466717,41.790042877197266,78949600
2019-03-06,41.58530913421484,41.78053589569321,41.41151226975844,41.549598693847656,83241600
2019-03-07,41.394843447524245,41.5305503815129,40.95439895711522,41.06867599487305,99185600
2019-03-08,40.549654530628665,41.20437238621775,40.35442782630872,41.16627883911133,95997600
2019-03-11,41.78053296297351,42.64475825441138,41.74720201003653,42.59238052368164,128044000
2019-03-12,42.85426983773272,43.48994107105625,42.70427873080419,43.0709228515625,129870400
2019-03-13,43.389951908070735,43.639935896652894,43.0733060069069,43.261390686035156,124130000
2019-03-14,43.78277116143453,43.83038991608697,43.46374584894839,43.7422981262207,94318000
2019-03-15,44.00895556463961,44.599391151169385,43.74468742331031,44.31131362915039,156171600
2019-03-18,44.235127988769825,44.85175241081099,44.23274487113642,44.76366424560547,104879200
2019-03-19,44.842226248059674,44.99459681614695,44.26369180656518,44.40892028808594,126585600
2019-03-20,44.33750218240909,45.11364294068705,43.98038327138836,44.7969970703125,124140800
2019-03-21,45.23980184575281,46.742080725763,45.189803624997026,46.446861267089844,204136800
2019-03-22,46.50640098152946,47.06588868608585,45.42076015573601,45.485042572021484,169630800
2019-03-25,45.59455068456965,45.70644820999302,44.425584460679715,44.93507385253906,175381200
2019-03-26,45.63026979507093,45.92072676985604,43.9446682740036,44.470821380615234,199202000
2019-03-27,44.937458102492236,45.17791683539124,44.413684482957166,44.87079620361328,119393600
2019-03-28,44.98507413606459,45.13030262573335,44.647002032678536,44.93031692504883,83121600
2019-03-29,45.19458000126423,45.25409980788769,44.887455764718766,45.223148345947266,94256000
2019-04-01,45.62551896746963,45.63504054146689,44.849381722222255,45.53028869628906,111448000
2019-04-02,45.494564556613646,46.29689412668294,45.485042984722554,46.192138671875,91062800
2019-04-03,46.00881357119078,46.78257110861055,45.98500419384211,46.50878143310547,93087200
2019-04-04,46.37544820873737,46.75161380045826,45.98261896119618,46.5897216796875,76457200
2019-04-05,46.770674624732635,46.92542833904499,46.64687237984307,46.90161895751953,74106400
2019-04-08,46.76353008781775,47.67061153128953,46.744483310155175,47.63966369628906,103526800
2019-04-09,47.69202615291156,48.2943662264808,47.43251706907009,47.49679946899414,143072800
2019-04-10,47.30158392300267,47.792030232425006,47.1825442973062,47.763458251953125,86781200
2019-04-11,47.81823193765084,47.853942381829896,47.24445991582706,47.36587905883789,83603200
2019-04-12,47.42538742230085,47.64918250585792,46.713532766545136,47.34682083129883,111042800
2019-04-15,47.27777178072152,47.58013340626442,47.14206488204458,47.43252182006836,70146400
2019-04-16,47.48729988834569,47.94202860106376,47.273026333647394,47.43730163574219,102785600
2019-04-17,47.50632721009765,48.42055419987631,47.28491527341734,48.36103439331055,115627200
2019-04-18,48.35865966432395,48.60388101928682,48.21581428346865,48.53483963012695,96783200
2019-04-22,48.28960961121841,48.79195692095308,48.17294948323619,48.69434356689453,77758000
2019-04-23,48.670532768749986,49.46095751587674,48.5443510738943,49.39667510986328,93292000
2019-04-24,49.36811454468543,49.63476214823507,49.294310556760166,49.320499420166016,70162400
2019-04-25,49.24193312050334,49.46334508558559,48.83481599293768,48.87290954589844,74172800
2019-04-26,48.782428934724166,48.80623830897068,48.120569018036306,48.639583587646484,74596400
2019-04-29,48.66339211468231,49.03717824150613,48.53483093167325,48.7133903503418,88818800
2019-04-30,48.34437319932044,48.42531927458395,47.403960863567825,47.77536392211914,186139600
2019-05-01,49.968074675183026,51.260843272461415,49.813320981383605,50.120445251464844,259309200
2019-05-02,49.95855246647943,50.62755462484601,49.55143895467689,49.79427719116211,127985200
2019-05-03,50.20854358720607,50.434718196346275,50.051410376846924,50.413291931152344,83569600
2019-05-06,48.63720915572776,49.7204704869746,48.4491281436762,49.634761810302734,129772400
2019-05-07,49.01575709573647,49.382397541879435,47.81345615806851,48.296756744384766,155054800
2019-05-08,48.06820277536153,48.88719603885827,48.03249233826774,48.30628204345703,105358000
2019-05-09,47.71108629358228,48.01582748157981,46.8206721107276,47.78727340698242,139634400
2019-05-10,47.18260069191322,47.52436694654239,46.07127049602343,47.125240325927734,164834800
2019-05-13,44.86196376514138,45.28498427633387,43.70044246376236,44.38636016845703,229722400
2019-05-14,44.55126706777633,45.3375626885166,44.31227095065522,45.08900833129883,146118800
2019-05-15,44.51780472171754,45.827502333135364,44.458055696511366,45.62913513183594,106178800
2019-05-16,45.38773872565577,45.999568003140816,45.13201121299358,45.428367614746094,132125600
2019-05-17,44.675530176376924,45.62434479299866,44.63490128521863,45.17025375366211,131516400
2019-05-20,43.860563641976256,44.05893083512368,43.086214994281725,43.75779342651367,154449200
2019-05-21,44.26685249892783,44.93126128361247,44.14257352108455,44.5966682434082,113459200
2019-05-22,44.13302589344985,44.38397255733177,43.62874391724978,43.683712005615234,118994400
2019-05-23,42.9714895432883,43.14834428232536,42.49588610174681,42.93803024291992,146118800
2019-05-24,43.067100347137895,43.53075340614285,42.68948603770904,42.773136138916016,94858800
2019-05-28,42.76117173928439,43.16029469500414,42.51978704777683,42.59626388549805,111792800
2019-05-29,42.16368959133705,42.863950028564076,42.063311671553926,42.39312744140625,113924800
2019-05-30,42.52934126682536,42.83525588238824,42.223426651262486,42.61299133300781,84873600
2019-05-31,42.118281900211706,42.53891737233829,41.8219290686219,41.84104919433594,108174400
2019-06-03,41.96771001391318,42.52217898232048,40.6938605637744,41.41801834106445,161584400
2019-06-04,41.92947519408972,42.978667897856404,41.70959922585788,42.933258056640625,123872000
2019-06-05,44.04219341380124,44.211882220098055,43.29174593521329,43.626338958740234,119093600
2019-06-06,43.75540941879875,44.32660999100133,43.53314113426265,44.26686096191406,90105200
2019-06-07,44.575160856832326,45.86813062026095,44.398306078529586,45.445106506347656,122737600
2019-06-10,45.84185085004158,46.69267655873653,45.79644099815194,46.02587890625,104883600
2019-06-11,46.570796058449275,46.84325155940268,46.26966218269835,46.55884552001953,107731600
2019-06-12,46.353295595119384,46.83606876664861,46.219458354725056,46.4106559753418,73012800
2019-06-13,46.53254111697809,47.03204210337555,46.269647588406826,46.401092529296875,86698400
2019-06-14,45.7797114409662,46.26726196298543,45.48096626534882,46.064117431640625,75046000
2019-06-17,46.10235126256792,46.59468634560239,45.92788511162942,46.338958740234375,58676400
2019-06-18,46.85519413749216,47.86853544063034,46.654438254431774,47.42878341674805,106204000
2019-06-19,47.72273582766585,47.77053796142273,47.15631628119662,47.29015350341797,84496800
2019-06-20,47.88764204137815,47.94500241181626,47.32839210507154,47.67015838623047,86056000
2019-06-21,47.5124294115218,48.002372187149874,47.357079745361425,47.50764846801758,191202400
2019-06-24,47.45028461027407,47.837460776342034,47.361857219276544,47.45984649658203,72881600
2019-06-25,47.42400012897621,47.62236735366942,46.67355242975676,46.740474700927734,84281200
2019-06-26,47.26626862875501,48.0358365075775,47.165890685446655,47.75143051147461,104270000
2019-06-27,47.86851690007391,48.17443519688524,47.696443100378566,47.7370719909668,83598800
2019-06-28,47.483752150680864,47.679730739267214,47.09419091568719,47.30211639404297,124442400
2019-07-01,48.556838818217976,48.87231543119535,47.9545676050374,48.1696662902832,109012000
2019-07-02,48.13620626822179,48.54727985958251,48.12425573364212,48.45167922973633,67740800
2019-07-03,48.58312083486759,48.86035715139442,48.44211402874797,48.853187561035156,45448000
2019-07-05,48.59985894410412,49.013321180685026,48.49230778045325,48.81017303466797,69062000
2019-07-08,47.992813828081516,48.13382067409461,47.4192245563178,47.80400848388672,101354400
2019-07-09,47.60802314605108,48.160103562324515,47.51481481144376,48.095577239990234,82312000
2019-07-10,48.2413662841474,48.69067649133362,48.1720553700128,48.5711784362793,71588400
2019-07-11,48.59030547775813,48.84842175102384,48.207913835239545,48.217472076416016,80767200
2019-07-12,48.38476154708042,48.75520624546054,48.32501251981883,48.58790969848633,70380800
2019-07-15,48.77671731224816,49.20213011459918,48.7552085366531,49.044395446777344,67789600
2019-07-16,48.89621122738501,49.25948632051337,48.63570635359561,48.87470245361328,67467200
2019-07-17,48.7671576951322,49.01571204861512,48.580741018322186,48.59986114501953,56430000
2019-07-18,48.7552049860908,49.20451882646519,48.683505425870685,49.151939392089844,74162400
2019-07-19,49.1829995843911,49.35268839848465,48.36324481568932,48.418212890625,83717200
2019-07-22,48.67155480779176,49.52716129222279,48.661996568281346,49.52477264404297,89111600
2019-07-23,49.821133111328635,49.928680636686046,49.5415044398914,49.911949157714844,73420800
2019-07-24,49.63231510960469,49.98602828414967,49.512817070534965,49.87131118774414,59966400
2019-07-25,49.92389603495717,50.00754613010088,49.40766357491906,49.47697448730469,55638400
2019-07-26,49.58690272579285,50.124643874002366,49.505644938626475,49.649044036865234,70475600
2019-07-29,49.821133316221555,50.3421431129715,49.81635237266849,50.11270523071289,86693600
2019-07-30,49.89281732418989,50.22741400398605,49.5462737585504,49.89759826660156,135742800
2019-07-31,51.723533663924655,52.90656358701365,50.49987484291198,50.91572570800781,277125600
2019-08-01,51.1212623066255,52.10831732750633,49.41005306995918,49.8139533996582,216071600
2019-08-02,49.12086968695259,49.335964725004594,48.18878632633897,48.759986877441406,163448400
2019-08-05,47.318834399217735,47.4765690378139,46.02586475285165,46.20750045776367,209572000
2019-08-06,46.917325530412754,47.33796101580563,46.37480334238874,47.08223342895508,143299200
2019-08-07,46.70222514662527,47.6940574258256,46.3222222523882,47.56977844238281,133457600
2019-08-08,47.847020183801895,48.64287766257979,47.653433919438044,48.61897659301758,108038000
2019-08-09,48.292703895357675,48.64296188820883,47.81049423332828,48.21833419799805,98478800
2019-08-12,47.88967148501429,48.47264054893113,47.77691622698608,48.09598922729492,89927600
2019-08-13,48.225540616343345,50.89327399998517,48.09599030561405,50.13277816772461,188874000
2019-08-14,48.7389331847721,49.5258185877482,48.60218604759379,48.64057159423828,146189600
2019-08-15,48.81089743333585,49.213934627282455,47.90165870212019,48.39826202392578,108909600
2019-08-16,49.00761940403555,49.69854452652455,48.90206099247231,49.54020690917969,110481600
2019-08-19,50.52861579041757,51.034813742319905,50.387073206778055,50.463844299316406,97654400
2019-08-20,50.590998767328294,51.18356243300789,50.45665300129767,50.46624755859375,107537200
2019-08-21,51.097189663129065,51.25552363068702,50.763723018625974,51.013221740722656,86141600
2019-08-22,51.14516455142714,51.4450447285328,50.55979786001343,50.970035552978516,89014800
2019-08-23,50.243125301638166,50.87167667544053,48.220735037045706,48.61417770385742,187272000
2019-08-26,49.38667048720254,49.70574345904227,49.194746427216245,49.537811279296875,104174400
2019-08-27,49.86647686959799,50.03201131914729,48.82769145865033,48.97883224487305,103493200
2019-08-28,48.964437759537844,49.35308130541824,48.77731281814011,49.307498931884766,63755200
2019-08-29,50.02001470468099,50.21673786254846,49.57859195226925,50.142364501953125,83962000
2019-08-30,50.41824669680705,50.48781727534667,49.708128947837544,50.07758331298828,84573600
2019-09-03,49.52341086109975,49.65535887288814,48.99322475097742,49.34828186035156,80092000
2019-09-04,49.993622833766814,50.255117463865645,49.73692731137663,50.185546875,76752400
2019-09-05,50.859678663980254,51.332290121775586,50.74212431527314,51.16675567626953,95654800
2019-09-06,51.351479283319904,51.440242639191425,50.982024876577526,51.16195297241211,77449200
2019-09-09,51.54100725454967,51.92485536288293,50.63657123511484,51.380271911621094,109237600
2019-09-10,51.30590525316312,52.00642498087169,50.79011275885333,51.98723220825195,127111600
2019-09-11,52.31589526281973,53.668954406402584,52.234325076720765,53.64016342163086,177158400
2019-09-12,53.93046330551826,54.31910692667731,53.46504858550695,53.520225524902344,128906800
2019-09-13,52.77890694754464,52.968429593626404,52.06399368750889,52.479026794433594,159053200
2019-09-16,52.234333171895095,52.810105368157046,52.19354990284835,52.75492477416992,84632400
2019-09-17,52.76931927731361,52.9756369959949,52.56779700604228,52.94684600830078,73274800
2019-09-18,53.033216987486675,53.4626475159437,52.6445733906473,53.44345474243164,101360000
2019-09-19,53.261116540529656,53.68094878345625,52.867673899298595,53.009220123291016,88242400
2019-09-20,53.10997768332739,53.39306280074984,52.171951652718704,52.23432540893555,221652400
2019-09-23,52.52700920101302,52.74052373300916,52.21513309590776,52.471832275390625,76662000
2019-09-24,53.026020089457724,53.37628179948727,52.10478892590082,52.22233963012695,124763200
2019-09-25,52.43105117115003,53.13876766068672,52.092785451052755,53.0260124206543,87613600
2019-09-26,52.77891493348246,53.00442542844722,52.498227506977486,52.752525329589844,75334000
2019-09-27,52.90846232712596,53.00922529663117,52.1263760760949,52.49583053588867,101408000
2019-09-30,52.994830924787706,53.877680194515705,52.96844131904631,53.73133850097656,103909600
2019-10-01,53.99523782367357,54.750934558240175,53.7865186890434,53.88008117675781,139223200
2019-10-02,53.5130199648798,53.63777114984615,52.28231048438784,52.529415130615234,138449200
2019-10-03,52.402261102678956,53.00922196273818,51.61058034563439,52.97563552856445,114426000
2019-10-04,54.13196485508281,54.57578893613265,53.712132650009956,54.46063232421875,138478800
2019-10-07,54.28311070218234,55.16115707118716,54.17995001859924,54.472633361816406,122306000
2019-10-08,54.175155017507095,54.712537951919714,53.81769652866201,53.83448791503906,111820000
2019-10-09,54.46544647216797,54.64777233374476,54.13197980362061,54.46544647216797,74770400
2019-10-10,54.68135295433329,55.28351473349061,54.53021582409262,55.199546813964844,113013600
2019-10-11,55.88567662071718,57.010827782874266,55.73213809572937,56.66776657104492,166795600
2019-10-14,56.353485756513194,57.12837882948465,56.29830882465834,56.5861930847168,96427600
2019-10-15,56.71094205880496,57.01321997096741,56.34868810894503,56.454246520996094,87360000
2019-10-16,55.98643327019431,56.4350565436216,55.945650001818564,56.22633743286133,73903200
2019-10-17,56.39906255635208,56.65336035527154,56.02241496568268,56.444644927978516,67585200
2019-10-18,56.279116685052266,56.99643144981467,56.20714470406706,56.71574401855469,97433600
2019-10-21,56.98204111833702,57.81450890497435,56.93406101508978,57.6993522644043,87247200
2019-10-22,57.85528230228995,58.10478099298496,57.48582788297742,57.56739807128906,82293600
2019-10-23,58.08080006310815,58.35429066597053,57.869683225583834,58.33989334106445,75828800
2019-10-24,58.65896497767729,58.72853923419843,58.01122447632799,58.435855865478516,69275200
2019-10-25,58.335102919308554,59.19155896233175,58.267930039881136,59.155574798583984,73477200
2019-10-28,59.357078273097535,59.7961032619008,59.18914611743011,59.74812316894531,96572800
2019-10-29,59.72894099440109,59.916065952572374,58.19355578359902,58.36628341674805,142839600
2019-10-30,58.718945163935885,58.84849546974143,57.86728826237409,58.35908889770508,124522000
2019-10-31,59.313910448417545,59.776923756110406,56.919664109777756,59.67856216430664,139162000
2019-11-01,59.86568616480788,61.39867369524902,59.77452506763022,61.37228775024414,151125200
2019-11-04,61.73453121919917,61.859286061859265,61.266722523104576,61.77531814575195,103272000
2019-11-05,61.667361337070204,61.940855593414504,61.49223598607557,61.68655776977539,79897600
2019-11-06,61.60019258997119,61.772923889414315,61.26432820808025,61.712947845458984,75864400
2019-11-07,62.259150929671776,62.64656000743047,62.10755639243026,62.4251823425293,94940400
2019-11-08,62.247122892567724,62.66821556732877,61.8043749042975,62.596031188964844,69986400
2019-11-11,62.153279546974815,63.156686525438744,62.14846970255619,63.09172058105469,81821200
2019-11-12,62.93531679624955,63.233696083194374,62.7837295735389,63.033973693847656,87388800
2019-11-13,62.83426608621174,63.71254389196474,62.81982920614928,63.6379508972168,102734400
2019-11-14,63.46469473113416,63.73660151760766,63.06766588203988,63.19760513305664,89182800
2019-11-15,63.4478612263703,63.953174103840766,63.28664693674499,63.9483642578125,100206400
2019-11-18,63.95797391868933,64.3501929351306,63.580199124620194,64.27079010009766,86703200
2019-11-19,64.46329144370087,64.48735535838527,63.85932904179426,64.07588958740234,76167200
2019-11-20,63.8954250386282,64.0253569677477,62.6586117144653,63.3299560546875,106234400
2019-11-21,63.45025250335686,63.527254078451136,62.84628287257729,63.04600524902344,121395200
2019-11-22,63.18555533818893,63.32752284181442,62.76446267135501,62.99065017700195,65325200
2019-11-25,63.21442953951619,64.11196113080011,63.16871031932938,64.0951156616211,84020400
2019-11-26,64.23228830416319,64.2852259744495,63.163915208039484,63.594635009765625,105207600
2019-11-27,63.905016230980486,64.482520587069,63.84005029539335,64.4488296508789,65235600
2019-11-29,64.15048034055641,64.48735310453695,63.98204028692839,64.306884765625,46617600
2019-12-02,64.31168141512865,64.54749597316658,63.3925017784307,63.5633430480957,94487200
2019-12-03,62.15568877645392,62.449250841018284,61.66963012734118,62.43000411987305,114430400
2019-12-04,62.819815271136704,63.35881158930754,62.72596822827263,62.98102951049805,67181600
2019-12-05,63.47432445651237,63.97963726009609,63.21926313205803,63.90503692626953,74424400
2019-12-06,64.36221509760516,65.20921031494399,64.31889712610206,65.1394271850586,106075600
2019-12-09,64.96858262823653,65.16107919501087,63.74380541469702,64.22746276855469,128042400
2019-12-10,64.63171799255643,64.98543616897592,63.972402115751365,64.60284423828125,90420400
2019-12-11,64.68225540996873,65.23328743607989,64.60766242070665,65.15387725830078,78756800
2019-12-12,64.43441949509666,65.58460415390351,64.32373429636719,65.31991577148438,137310400
2019-12-13,65.31988214622592,66.24387874288264,65.19235153806613,66.2077865600586,133587600
2019-12-16,66.65295849103184,67.56492701892114,66.64814864663275,67.34114074707031,128186000
2019-12-17,67.27136424228581,67.80073350823116,67.08607875742219,67.4734878540039,114158400
2019-12-18,67.32670036448889,67.8320130444866,67.16307754415392,67.31226348876953,116028400
2019-12-19,67.25452424857191,67.65877150492523,67.12218375712777,67.37964630126953,98369200
2019-12-20,67.91142590788041,68.01248404193913,67.02833114376412,67.24008178710938,275978000
2019-12-23,67.50236666762733,68.39748978279006,67.46386588013625,68.33733367919922,98572000
2019-12-24,68.50334817492838,68.55147598321106,68.07744571038954,68.40228271484375,48478800
2019-12-26,68.53464495904811,69.77626777302233,68.50577120530262,69.7594223022461,93121200
2019-12-27,70.05056661001181,70.73634754482153,69.32869348774332,69.73294067382812,146266000
2019-12-30,69.65116471054014,70.42838447792381,68.63091919508567,70.1468505859375,144114400
2019-12-31,69.76423208192604,70.66657360200388,69.66557519453796,70.65935516357422,100805600
2020-01-02,71.28256770874596,72.3316938789073,71.02991503384398,72.27153778076172,135480400
2020-01-03,71.50153415769186,72.32687403151142,71.34512977691992,71.56890869140625,146322800
2020-01-06,70.693043053502,72.17769145821572,70.44279162661955,72.13919067382812,118387200
2020-01-07,72.14880477383014,72.40386599931632,71.58093482826389,71.7999038696289,108872000
2020-01-08,71.50393052740053,73.25567544777785,71.50393052740053,72.95489501953125,132079200
2020-01-09,73.92942846672628,74.69702078802769,73.67918441118903,74.50452423095703,170108400
2020-01-10,74.73793929040194,75.2360335553344,74.17247048793807,74.67296600341797,140644800
2020-01-13,74.98820927579929,76.29479831442737,74.87029829848657,76.26832580566406,121532000
2020-01-14,76.20576405751645,76.41510614806313,75.11573562414125,75.23844909667969,161954400
2020-01-15,75.03871351906952,75.91699102743593,74.48527304539368,74.9159927368164,121923600
2020-01-16,75.45743273116501,75.9651542221778,75.09649599715392,75.85446166992188,108829200
2020-01-17,76.10225744425115,76.6965998583758,75.79666717572381,76.69419860839844,137816400
2020-01-21,76.32367023769899,76.7640097522044,76.03732655340609,76.17448425292969,110843200
2020-01-22,76.65813158547017,76.99741293025565,76.35254118737379,76.4463882446289,101832400
2020-01-23,76.499312044199,76.89393223945343,75.95308995960856,76.81452941894531,104472000
2020-01-24,77.05997452322455,77.8010945444288,76.40306717879187,76.5931625366211,146537600
2020-01-27,74.60801674004179,75.01948249541286,73.36158384540518,74.34092712402344,161940000
2020-01-28,75.2191848484719,76.6148033558296,75.12052796860432,76.44396209716797,162234000
2020-01-29,78.0705856603743,78.88870711130171,77.33186702648361,78.04411315917969,216229200
2020-01-30,77.12974662934549,77.98396030536023,76.69902690059489,77.93102264404297,126743200
2020-01-31,77.22359674590982,77.64468949943712,74.18210776179268,74.47566986083984,199588400
2020-02-03,73.22201466798846,75.43335387455234,72.72151906032097,74.2711410522461,173788400
2020-02-04,75.87127115182567,76.91317880860565,75.467023963902,76.72308349609375,136616400
2020-02-05,77.8468190226948,78.14519833259766,76.74717087270234,77.3487319946289,118826800
2020-02-06,77.61820397472934,78.25585707985009,77.06236227335305,78.25344848632812,105425600
2020-02-07,77.75418535570422,78.00261640454451,76.70016229061778,77.18978881835938,117684000
2020-02-10,75.7787945932457,77.55640411376953,75.69920332307832,77.55640411376953,109348800
2020-02-11,78.05085298718184,78.12320868151228,76.87140364468625,77.0884780883789,94323200
2020-02-12,77.53710627398911,78.92398019498478,77.53710627398911,78.91915893554688,113730400
2020-02-13,78.19315134073435,78.68277779613301,77.99054805167637,78.35716247558594,94747600
2020-02-14,78.32581612373606,78.62490351773702,77.86996050397198,78.37647247314453,80113600
2020-02-18,76.06339028176376,77.12224179450247,75.88249370210502,76.94134521484375,152531200
2020-02-19,77.18257550182095,78.28484092477528,77.18257550182095,78.05570220947266,93984000
2020-02-20,77.81691831957885,78.30413066097421,76.75083079308737,77.25492858886719,100566000
2020-02-21,76.84970917824121,77.29110106607291,74.891202892234,75.5062484741211,129554000
2020-02-24,71.69777437412706,73.36684305832843,69.76097486599113,71.91967010498047,222195200
2020-02-25,72.58778908763885,72.96887474112613,69.0132699904686,69.48359680175781,230673600
2020-02-26,69.10975340191128,71.8473240795573,69.10251783059799,70.58586883544922,198054800
2020-02-27,67.80006808151072,68.98192476086734,65.83673284364053,65.9718017578125,320605600
2020-02-28,62.0499482580576,67.15123091808199,61.835280759075644,65.93318939208984,426510000
2020-03-02,68.08465633915449,72.7059623843327,66.98480559511727,72.07161712646484,341397200
2020-03-03,73.24383324028676,73.32342450844571,68.93366391267253,69.78267669677734,319475600
2020-03-04,71.49999490851802,73.17871353455695,70.70163838902825,73.01952362060547,219178400
2020-03-05,71.27810349342903,72.25012122741664,70.28679335490708,70.6510009765625,187572800
2020-03-06,68.01712645055636,70.14447238483373,67.83140857783133,69.71273040771484,226176800
2020-03-09,63.61530125773645,67.07404319923313,63.43440466648222,64.1989974975586,286744800
2020-03-10,66.84490246598337,69.08801693555726,64.97080933517347,68.82270050048828,285290000
2020-03-11,66.90521300673807,67.82898839120944,65.5713950302336,66.43246459960938,255598800
2020-03-12,61.73157866504394,65.1227869054102,59.81648575015455,59.8719596862793,418474000
2020-03-13,63.89027874713733,67.51544677339488,61.01040024313374,67.04511260986328,370732000
2020-03-16,58.35725065107087,62.488927074911565,57.88692016083435,58.41996383666992,322423600
2020-03-17,59.69828839419459,62.1343603897057,57.50099755431687,60.988685607910156,324056000
2020-03-18,57.831434614371226,60.298863060300576,57.19226445772172,59.49568176269531,300233600
2020-03-19,59.66934960367585,60.98386423258545,58.51643550459872,59.03982925415039,271857200
2020-03-20,59.61870880122068,60.74027021381805,54.99258034410552,55.291664123535156,401693200
2020-03-23,55.011867987706175,55.11316965220814,51.28057345030364,54.11703109741211,336752800
2020-03-24,57.008959824529704,59.74170486400554,56.51209775923422,59.54633712768555,287531200
2020-03-25,60.47976255514235,62.28872853386047,58.92405254951491,59.21831130981445,303602000
2020-03-26,59.45951799394508,62.39245259049927,59.420925829165725,62.33456802368164,252087200
2020-03-27,60.96215693824958,61.71468565033882,59.58734345256695,59.75376892089844,204216800
2020-03-30,60.477355032834254,61.63026911474741,60.154150297630075,61.45901870727539,167976400
2020-03-31,61.64957210604245,63.3114052959559,60.78126682215682,61.33360290527344,197002000
2020-04-01,59.45468128316464,59.990135502333565,57.67707190892179,58.10639953613281,176218400
2020-04-02,57.96891771690177,59.12906732554458,57.13920472068674,59.07600402832031,165934000
2020-04-03,58.56226275717802,59.26172817079223,57.63848363538416,58.22700119018555,129880000
2020-04-06,60.51597157229286,63.46096764151676,60.149356928294445,63.30660629272461,201820400
2020-04-07,65.31572880710591,65.53281061360002,62.4696252718209,62.57333755493164,202887200
2020-04-08,63.3717110057614,64.4884474840079,63.007510761837494,64.17489624023438,168895200
2020-04-09,64.80922404965942,65.13966065726305,63.84444219472263,64.63796997070312,161834800
2020-04-13,64.71517076301717,66.01521817669068,64.11700321080237,65.90667724609375,131022800
2020-04-14,67.53475049154513,69.524613675671,67.06441624919755,69.23517608642578,194994800
2020-04-15,68.11359919874643,69.06149562848323,67.68668586705697,68.60322570800781,131154400
2020-04-16,69.3147638013278,69.51254587742164,68.10155073366812,69.1483383178711,157125200
2020-04-17,68.66594602627303,69.21105020012682,66.77738117936849,68.2100830078125,215250000
2020-04-20,67.04028985944329,67.93994433259655,66.77497334644413,66.79426574707031,130015200
2020-04-21,66.63750234716127,66.87146231135321,64.02052931116778,64.72964477539062,180991600
2020-04-22,65.99350383291697,67.02823469257027,65.65342462126695,66.59408569335938,116862400
2020-04-23,66.5386095259871,67.95684041674475,66.29741399655765,66.33600616455078,124814400
2020-04-24,66.85941056441207,68.2607561453716,66.81116850929337,68.25110626220703,126161200
2020-04-27,67.96888006089833,68.62976064968919,67.52267433285353,68.29932403564453,117087600
2020-04-28,68.75999295891828,68.94088953934559,67.10057451078693,67.19222259521484,112004800
2020-04-29,68.67561376663903,69.86712041006258,68.4730103815356,69.39920043945312,137280800
2020-04-30,69.93702304111527,71.03928789471824,69.54870194183862,70.86321258544922,183064000
2020-05-01,69.04223876786983,72.11748259071818,68.94576200243135,69.722412109375,240616800
2020-05-04,69.746494769706,70.8366956047244,69.05908623299008,70.7088623046875,133568000
2020-05-05,71.16714520888473,72.59984709930193,71.02242643355622,71.77013397216797,147751200
2020-05-06,72.46958313423785,73.14010619347668,72.08608325049667,72.51058959960938,142333600
2020-05-07,73.1352926720061,73.6056267954184,72.83379832640894,73.26071166992188,115215200
2020-05-08,73.9185359092618,75.05763961237142,73.59203914883197,75.00443267822266,133838400
2020-05-11,74.51350356888688,76.67804261253256,74.3055100788998,76.18467712402344,145946400
2020-05-12,76.86666541777984,77.31650723109308,75.19307880379056,75.31400299072266,162301200
2020-05-13,75.49297320787404,76.41200151515211,73.33084801811279,74.40465545654297,200622400
2020-05-14,73.64525071591287,74.92220983518885,72.92453990449086,74.86174774169922,158929200
2020-05-15,72.63916594421597,74.46511834982786,72.60530362666714,74.4191665649414,166348400
2020-05-18,75.73965837102512,76.54501020724649,75.05038903047435,76.17256164550781,135178400
2020-05-19,76.18951925102249,77.03356800567484,75.7009880240271,75.73242950439453,101729600
2020-05-20,76.58853586283631,77.27538431049794,76.54983924007178,77.20525360107422,111504800
2020-05-21,77.06741421541801,77.6067388197399,76.39265509370519,76.62966918945312,102688800
2020-05-22,76.3684660434856,77.20526681531915,76.26689384939174,77.12303924560547,81803200
2020-05-26,78.23796578857532,78.416931261963,76.54502680706055,76.60065460205078,125522000
2020-05-27,76.45796054995435,77.07950535982266,75.72031846461518,76.93439483642578,112945200
2020-05-28,76.61031579665872,78.22344788867842,76.3346124557575,76.96825408935547,133560800
2020-05-29,77.21010083931498,77.66961131806718,76.53776259003484,76.89328002929688,153532400
2020-06-01,76.84733299745191,77.95983717000007,76.71673278825261,77.83891296386719,80791200
2020-06-02,77.57288559423814,78.22345847540862,77.13271967080152,78.19927215576172,87642800
2020-06-03,78.51848967465142,78.8909382167243,77.94772370544388,78.6297378540039,104491200
2020-06-04,78.45321898447096,78.75068784203134,77.58014227825346,77.95259094238281,87560400
2020-06-05,78.2016892052146,80.23321448623865,78.17266857529869,80.1727523803711,137250400
2020-06-08,79.87042024109125,80.68061371663406,79.1618063233987,80.6467514038086,95654400
2020-06-09,80.32753042867137,83.58522126328481,80.29608895604107,83.19342803955078,147712400
2020-06-10,84.13905436012791,85.800551637391,83.70130935970825,85.33378601074219,166651600
2020-06-11,84.4800733592576,84.90330810607846,81.1353128647156,81.23688507080078,201662400
2020-06-12,83.36999367827895,84.11488361837434,80.83058508428364,81.93824768066406,200146000
2020-06-15,80.59599012122506,83.60216436549862,80.43394842399245,82.95159149169922,138808800
2020-06-16,85.00004143146272,85.42086269022191,83.36998548456056,85.14998626708984,165428800
2020-06-17,85.89245089695726,85.95291299210936,84.9105470621372,85.0314712524414,114406400
2020-06-18,84.98796012237246,85.48133300037347,84.45831145495121,85.06535339355469,96820400
2020-06-19,85.76912102080368,86.2334658205362,83.47397466183713,84.5792236328125,264476000
2020-06-22,84.97101892587712,86.93482682128399,84.92506713782858,86.7921371459961,135445200
2020-06-23,88.03280774958151,90.05949829570565,87.61440740737248,88.64468383789062,212155600
2020-06-24,88.27467257128609,89.19128014209528,86.70749216559717,87.07994079589844,192623200
2020-06-25,87.23472854623947,88.27467380594872,86.47774180640029,88.23597717285156,137522400
2020-06-26,88.13197433577965,88.35205726047579,85.37731757939976,85.52484893798828,205256800
2020-06-29,85.43293671398446,87.59022742215014,84.95649512979536,87.49590301513672,130646000
2020-06-30,87.08478576211239,88.51169750741916,87.0654411337816,88.22631072998047,140223200
2020-07-01,88.30367932080465,88.84541733018017,88.01104484759307,88.05941009521484,110737200
2020-07-02,88.96392805520118,89.59756962987294,87.94574844202161,88.05941009521484,114041600
2020-07-06,89.48391355913485,90.88179710275243,89.45247208428117,90.41503143310547,118655600
2020-07-07,90.79230361416894,91.56863486785247,90.02322751685155,90.13447570800781,112424400
2020-07-08,91.10911026733615,92.2651450795296,91.02204102383105,92.23370361328125,117092000
2020-07-09,93.12372891516388,93.1769358615014,91.58557654388848,92.63036346435547,125642800
2020-07-10,92.22646456657715,92.85043754869993,91.61700927809584,92.79238891601562,90257200
2020-07-13,94.09354889207897,96.69584034150665,92.15150630871287,92.36433410644531,191649200
2020-07-14,91.74759058853576,94.08384663898248,90.81648030417851,93.89279174804688,170989200
2020-07-15,95.76229608743468,96.01139965901083,93.34381194373303,94.53854370117188,153198000
2020-07-16,93.41396366642356,94.22899176074843,92.77790106301757,93.3752670288086,110577600
2020-07-17,93.82509836770011,93.97987752001936,92.71500761457771,93.18661499023438,92186800
2020-07-20,93.27368244127173,95.28827651192833,92.93025444088441,95.15042114257812,90318000
2020-07-21,95.93884432011826,96.01381673517915,93.58807752951296,93.8371810913086,103433200
2020-07-22,93.53970187859424,94.78038533647508,93.45263999834938,94.10079193115234,89001600
2020-07-23,93.83474776947158,93.91214102009206,89.00987716210209,89.8176498413086,197004400
2020-07-24,88.02071079474753,89.93856645763552,86.23828223810673,89.59513854980469,185438800
2020-07-27,90.65445070078177,91.81048572351438,90.43195431248509,91.71858215332031,121214000
2020-07-28,91.29052545592491,91.46707746354134,90.20704185281049,90.21188354492188,103625600
2020-07-29,90.693132172275,92.12487766631008,90.65685639553129,91.94107055664062,90329200
2020-07-30,91.11637343156816,93.15757426558149,90.71006994116662,93.05358123779297,158130000
2020-07-31,99.5302890268665,102.94518713128302,97.53745326363413,102.79524230957031,374336800
2020-08-03,104.67198130172932,107.9973966979683,104.37451250261263,105.38543701171875,308151200
2020-08-04,105.57407987592546,107.17753592025956,104.85336899973937,106.08921813964844,173071600
2020-08-05,105.81111539437022,106.79301948932648,105.34676313310521,106.4737777709961,121776800
2020-08-06,106.80509589113738,110.68192568980469,106.21740601381943,110.18855285644531,202428800
2020-08-07,109.71124638392962,110.1667423327947,106.88863402123575,107.6833267211914,198045600
2020-08-10,109.12492193624439,110.26366188327368,106.60516497027935,109.24848937988281,212403600
2020-08-11,108.51433330635514,109.01101334613136,105.74017409529431,105.99942016601562,187902400
2020-08-12,107.08731438450859,109.77909878796228,106.89348975910477,109.52227783203125,165598000
2020-08-13,110.89843907131024,112.46117673591529,110.41144495933911,111.46054077148438,210082000
2020-08-14,111.28607559185257,111.45082721405979,109.55616137687677,111.3611831665039,165565200
2020-08-17,112.48054699080019,112.50477691266525,110.44535925101356,111.07044982910156,119561600
2020-08-18,110.82333863803461,112.41999238397445,110.4889848914492,111.9959945678711,105633600
2020-08-19,112.40301949215254,113.54660235506186,112.04201803934366,112.13650512695312,145538000
2020-08-20,112.17770423893735,114.73865273876372,112.16074255230501,114.6247787475586,126907200
2020-08-21,115.58177078613319,121.01379032147594,115.56965952363059,120.53164672851562,338054800
2020-08-24,124.72561457851019,124.81042301409434,120.11252368244841,121.9732666015625,345937600
2020-08-25,120.84907330953439,121.31668056382314,119.25483735042155,120.9726333618164,211495600
2020-08-26,122.28580830184438,123.07323276693351,121.22217601375844,122.61773681640625,163022400
2020-08-27,123.21860253348014,123.5505310416234,120.01075143908814,121.15191650390625,155552400
2020-08-28,122.12347869162592,122.54020825717129,120.73276826199735,120.95567321777344,187630000
2020-08-31,123.64263055162438,126.95708081045176,122.11139070318261,125.05756378173828,225702700
2020-09-01,128.66270574189053,130.63975477764288,126.50153297923832,130.03887939453125,151948100
2020-09-02,133.34364518172669,133.7216082722021,123.08048105831436,127.34468078613281,200119000
2020-09-03,122.99328312594758,124.86371200273943,116.7811062092152,117.14937591552734,257599600
2020-09-04,116.36435106410217,119.8823178820588,107.46766762115145,117.22688293457031,332607200
2020-09-08,110.4332579025972,115.31771368004287,109.202456054635,109.338134765625,231366600
2020-09-09,113.6411109896637,115.46308756005234,111.70283521072183,113.69925689697266,176940500
2020-09-10,116.6454372541948,116.78111596753853,109.02801283276419,109.98745727539062,182274400
2020-09-11,111.03411800577045,111.6737525060593,106.6051585333688,108.5434341430664,180860300
2020-09-14,111.17948084192356,112.3521366002866,109.31873818703018,111.79972839355469,140150100
2020-09-15,114.67806966043925,115.16263852668574,110.10373838004288,111.97417449951172,184642000
2020-09-16,111.67375141580924,112.41998426492623,108.58219948246469,108.66941833496094,154679000
2020-09-17,106.33380874471821,108.73726653223142,105.35497742143326,106.9346694946289,178011000
2020-09-18,106.99280653960918,107.45798850796619,102.81581790836313,103.54267120361328,287104900
2020-09-21,101.31368353801003,106.78931450767789,99.9181225052482,106.68270874023438,195713800
2020-09-22,109.20245128230411,109.37689638794417,105.79108936459673,108.35929870605469,183055400
2020-09-23,108.17517702574132,108.65005253506956,103.47485221017152,103.81405639648438,150718700
2020-09-24,101.9242082877403,106.84742948908296,101.75945665626949,104.88008117675781,167743300
2020-09-25,105.08363194535106,108.96987733313789,104.34708500689725,108.81481170654297,149981400
2020-09-28,111.46054633695047,111.76097670476364,109.29936567544041,111.4120864868164,137672400
2020-09-29,111.01474914862773,111.75128862730942,110.06499075546874,110.56893920898438,99382200
2020-09-30,110.27819234917513,113.64110173479544,110.11344069592683,112.23584747314453,142675200
2020-10-01,114.00938127075119,114.0869140768239,112.25524404848423,113.18561553955078,116120400
2020-10-02,109.40597427158033,111.80943945830253,108.75665366895876,109.5319595336914,144712000
2020-10-05,110.39450032404892,113.0499360657336,110.04561009300302,112.9045639038086,106243800
2020-10-06,112.12923647353072,112.53627995429564,108.78571414124006,109.66763305664062,161498200
2020-10-07,111.08258643963451,111.9838849635665,110.60770355491991,111.52838897705078,96849000
2020-10-08,112.66226332419956,112.80763546534021,111.053491111729,111.42176818847656,83477200
2020-10-09,111.72217862830286,113.38909644279892,111.37328850927192,113.36002349853516,100506900
2020-10-12,116.35469801860559,121.31668690372315,115.59877161292933,120.56076049804688,240226800
2020-10-13,121.40386618032196,121.52016535632359,115.95731749807723,117.36256408691406,262330500
2020-10-14,117.26567529237093,119.23302386837867,115.92826777316701,117.44981384277344,150712000
2020-10-15,115.05604455535725,117.45950223722147,114.50363628707971,116.98462677001953,112559200
2020-10-16,117.53704016435405,117.79871153091253,115.1432684327753,115.34678649902344,115393800
2020-10-19,116.25776062422946,116.703563090536,112.09047284235501,112.40059661865234,120639300
2020-10-20,112.61379407274761,115.3080030009005,112.06138589770217,113.88336944580078,124423700
2020-10-21,113.06930582021845,115.04634782768703,112.85609432030498,113.26313781738281,89946000
2020-10-22,113.825219728469,114.39701481541562,111.05348531931205,112.17768859863281,101988000
2020-10-23,112.79796641825128,112.9530320407279,110.75308473393972,111.48963165283203,82572600
2020-10-26,110.49140153597219,112.95301241046303,109.39627110087882,111.49930572509766,111850700
2020-10-27,111.92572886201872,113.66048651064561,111.0050508568626,113.00147247314453,92276800
2020-10-28,111.49932991734437,111.86759969572476,107.67123037893059,107.76814270019531,143937800
2020-10-29,108.90201751002611,113.32128352260756,108.7372584642391,111.76097106933594,146129200
2020-10-30,107.63243577844652,108.53373417860142,104.39551925367714,105.50033569335938,190272600
2020-11-02,105.74262715568275,107.26417322328109,104.00786958662283,105.41311645507812,122866900
2020-11-03,106.27565178371685,108.0491682897085,105.37435335866708,107.03157806396484,107624400
2020-11-04,110.61739783333208,112.02264481194184,108.88264012828803,111.40239715576172,138235500
2020-11-05,114.30980518907859,115.92827100011738,113.26314194201399,115.35647583007812,126387100
2020-11-06,114.86620819105919,115.7205180962264,112.74013248938302,115.22541046142578,114457900
2020-11-09,116.98259196742552,118.42909663240218,112.66249091138815,112.92460632324219,154515300
2020-11-10,112.17708523408758,114.15753088265224,110.79852956756876,112.58482360839844,138023400
2020-11-11,113.76920185962483,116.13797271482636,113.0410945158488,116.00205993652344,112295000
2020-11-12,116.12829076811843,117.01172398546103,115.1089373414155,115.73025512695312,103162300
2020-11-13,115.95354705804297,116.17682920699832,114.42937567681565,115.77880096435547,81581900
2020-11-16,115.44871445344523,117.45829070105812,114.70119407046309,116.78843688964844,91183000
2020-11-17,116.06030900690259,117.14761119066519,115.48752740079281,115.90497589111328,74271000
2020-11-18,115.14775777417243,116.32243681277677,114.55556316864666,114.58468627929688,76322100
2020-11-19,114.15752657877456,115.58461824175113,113.40029608169101,115.1768798828125,74113000
2020-11-20,115.17688122037637,115.30308383579212,113.8662893904585,113.91482543945312,73604300
2020-11-23,113.75947798730789,114.18663661435309,110.42960050653552,110.52667999267578,127959300
2020-11-24,110.58495144916897,112.46831748552103,109.30347536130687,111.80816650390625,113874200
2020-11-25,112.17705902961947,113.3420276574267,111.80814661901826,112.6430435180664,76499200
2020-11-27,113.1673164909398,114.06045987456068,112.82753448702884,113.18672943115234,46691300
2020-11-30,113.5556343004744,117.43887387012144,113.40030116247651,115.57492065429688,169410200
2020-12-01,117.47768785199075,119.86587890611962,116.50687811909167,119.13777160644531,127728200
2020-12-02,118.45821829004096,119.76881755329892,117.36120579212971,119.4872817993164,89004200
2020-12-03,119.91442821402666,120.16684084637635,118.64266969338425,119.35136413574219,78967600
2020-12-04,119.0212852595791,119.27369789260959,117.97280885162905,118.68150329589844,78260400
2020-12-07,118.73974211450027,120.93377429658472,118.68149589769769,120.13771057128906,86712000
2020-12-08,120.73963347620881,121.33182812514022,119.49699054608435,120.74933624267578,82225500
2020-12-09,120.8949389531883,122.27348704305484,117.46798166489454,118.22521209716797,115089200
2020-12-10,116.98257670113864,120.25420827611856,116.64279476467264,119.64259338378906,81312200
2020-12-11,118.85626596796976,119.17663503849157,117.0311458747384,118.83685302734375,86939800
2020-12-14,119.0212758088773,119.7493831332465,117.99221982724323,118.22521209716797,79184500
2020-12-15,120.71048072938689,124.16656847506606,120.50661157074111,124.14714813232422,157243700
2020-12-16,123.69089034743503,124.62285953660047,122.86569602420569,124.07920837402344,98208600
2020-12-17,125.13738104904724,125.79753943581208,124.30248400346319,124.94322204589844,94359800
2020-12-18,125.19562621191656,125.33153897823031,122.43852279521552,122.96276092529297,192541500
2020-12-21,121.37062498122869,124.56458977108868,119.84645405419545,124.48692321777344,121251600
2020-12-22,127.76830318074434,130.48657411125797,125.86550908536934,128.03042602539062,168904800
2020-12-23,128.3022446559515,128.5643526729512,126.96252220441696,127.13727569580078,88223700
2020-12-24,127.48674690488681,129.56427923315684,127.27316756907929,128.11776733398438,54930100
2020-12-28,130.07882834872916,133.33103273857998,129.61282891491868,132.70001220703125,124486200
2020-12-29,134.02027253990548,134.73866218637744,130.41856229053343,130.93309020996094,121047300
2020-12-30,131.62241857715392,132.02045422329275,129.50604512243837,129.81671142578125,96452100
2020-12-31,130.16615142022158,130.8068893039239,127.87504019853539,128.8167266845703,99116600
2021-01-04,129.62255217797144,129.70992152062252,123.05987466458058,125.63252258300781,143301900
2021-01-05,125.12768641382664,127.89450053196555,124.68110734552344,127.18579864501953,97664900
2021-01-06,123.99182776037331,127.22462614380248,122.69093878823239,122.9045181274414,155088000
2021-01-07,124.61315591365346,127.78770834669253,124.1277509770645,127.09842681884766,109578200
2021-01-08,128.56431691137144,128.75849069520498,126.42853860962131,128.19541931152344,105158200
2021-01-11,125.41892632912634,126.37031583011212,124.7490651654895,125.21504974365234,100384500
2021-01-12,124.74907540981043,125.90434159113998,123.15694772474198,125.04032135009766,91951100
2021-01-13,125.00145310618869,127.61293359997765,124.73934514974653,127.06928253173828,88636800
2021-01-14,126.9819169126251,127.1760758978846,125.00145674818756,125.14708709716797,90221800
2021-01-15,125.02089964036091,126.41886828778621,123.29285917712234,123.42877197265625,111598500
2021-01-19,124.05007410140924,124.95293491139884,123.23459743091543,124.09861755371094,90757300
2021-01-20,124.90441575262822,128.62261975871334,124.79762606214696,128.17604064941406,104319500
2021-01-21,129.89436203777117,135.59301116722563,129.69048544958548,132.87474060058594,120150900
2021-01-22,132.3019459227709,135.76774369341513,131.07873102256855,135.01051330566406,114459400
2021-01-25,138.89375351472623,140.85477848015867,132.55435242559187,138.7481231689453,157611700
2021-01-26,139.40831414179996,140.087878141181,137.24339729703607,138.9811553955078,98390600
2021-01-27,139.24325862387312,140.0878733207545,136.31142335408737,137.9132537841797,140843800
2021-01-28,135.44739349341899,137.8452949915903,132.7097026247184,133.08831787109375,142621100
2021-01-29,131.86509178375854,132.7485322226158,126.40914566020653,128.10806274414062,177523800
2021-02-01,129.84584146807433,131.42826655671627,127.10815007398598,130.22445678710938,106239800
2021-02-02,131.7680267032869,132.33109823624255,130.68072432979122,131.0496368408203,83305400
2021-02-03,131.79715512438477,131.806872704572,129.70991963118382,130.03028869628906,89880900
2021-02-04,132.3213529395916,133.3892346236449,130.66126198692473,133.37953186035156,84183100
2021-02-05,133.5399993993488,133.6080499269068,132.09132576396362,132.9663543701172,75693800
2021-02-08,132.2565886683768,133.16079860710033,131.1773789685877,133.1121826171875,71297200
2021-02-09,132.83020097423812,134.0552584795755,132.08157120488215,132.23712158203125,76774200
2021-02-10,132.6941140635208,133.18997643259982,130.6718103643523,131.6343536376953,73046600
2021-02-11,132.13017580944882,132.6065887223786,130.0592713492993,131.3815460205078,64280000
2021-02-12,130.62321880046613,131.7704791984505,129.98152323777,131.6149139404297,60145100
2021-02-16,131.731578673249,132.23714344471992,129.10646349095452,129.49537658691406,80576300
2021-02-17,127.60920934245159,128.55230335262408,125.8785865854489,127.21057891845703,97918500
2021-02-18,125.6160304420086,126.3938416655148,123.87569099593317,126.11189270019531,96856700
2021-02-19,126.62721780066286,127.08418144033098,125.22716025236211,126.26747131347656,87668800
2021-02-22,124.45906002205308,126.1216319880877,122.11591609767342,122.50482177734375,103916400
2021-02-23,120.32696020598745,123.1951256816812,115.10591870921408,122.36870574951172,158273000
2021-02-24,121.47424078389619,122.07703760379697,118.83941546871539,121.87286376953125,111039900
2021-02-25,121.2214246130711,122.95204690459941,117.19626722871075,117.63378143310547,148199500
2021-02-26,119.18940199791072,121.3867126364465,117.83796059992733,117.89630126953125,164560400
2021-03-01,120.31722988203185,124.38127883253527,119.38386074641136,124.24516296386719,116307900
2021-03-02,124.84799223826454,125.14939066272868,121.5423045814837,121.64925384521484,102260900
2021-03-03,121.34784230356715,122.22287832128721,118.46022715397075,118.67412567138672,112966300
2021-03-04,118.3727333702154,120.17141407750445,115.3295602258347,116.79766845703125,178155000
2021-03-05,117.62407506080334,118.55744422295456,114.30866329373481,118.05186462402344,153766600
2021-03-08,117.57546286579684,117.6435208042625,112.98639210708664,113.13223266601562,154376600
2021-03-09,115.72816384952438,118.6741119196786,115.49482341109125,117.73101806640625,129525800
2021-03-10,118.31438961434448,118.78107052799325,116.13652062478559,116.65182495117188,111943300
2021-03-11,119.14079423957098,119.79220694881545,117.8963020733253,118.5768814086914,103026500
2021-03-12,117.06014710961325,117.80878431201303,115.85454635787849,117.67266845703125,88105100
2021-03-15,118.04215631738552,120.56030756816384,117.07961303714333,120.55058288574219,92403800
2021-03-16,122.21312976850402,123.69096973595795,121.26031872689654,122.08673858642578,115227900
2021-03-17,120.60892077273179,122.36870994462072,118.94634875177347,121.29922485351562,111932600
2021-03-18,119.47137236768086,119.7630534964986,116.98238776140393,117.18656158447266,121229700
2021-03-19,116.57402966087285,118.06158696536845,116.36013117462356,116.66152954101562,185549500
2021-03-22,116.99210932461362,120.4339124312078,116.92405138540522,119.96722412109375,111912300
2021-03-23,119.9089025049303,120.7936558005327,118.75191000830584,119.14081573486328,95467100
2021-03-24,119.41304074611715,119.49082337056949,116.73932422708299,116.7587661743164,88530500
2021-03-25,116.22401924724316,118.28521414548541,115.6989976953015,117.24488830566406,98844700
2021-03-26,117.01155734823239,118.11021653249013,115.62122444554402,117.84770202636719,94071200
2021-03-29,118.27548724702227,119.1796897776827,117.3810093980004,118.02269744873047,80819200
2021-03-30,116.7782094597697,117.06016589541106,115.56288383257017,116.57403564453125,85671900
2021-03-31,118.27548172785468,120.09360396821516,117.7893515172328,118.76161193847656,118323800
2021-04-01,120.22974638293907,120.73531861862071,119.0921958715762,119.58805084228516,75089100
2021-04-05,120.43389773016308,122.66037492357067,119.65608644750468,122.40758514404297,88651200
2021-04-06,122.99095607539735,123.60347753407522,122.16453611496429,122.70899963378906,80171300
2021-04-07,122.33957053097878,124.37159191433818,121.66870824759181,124.3521499633789,83466700
2021-04-08,125.37298279315496,126.77304022302052,124.95491791825974,126.7438735961914,88844600
2021-04-09,126.19939309739704,129.34950705430177,125.8785454100243,129.3106231689453,106686700
2021-04-12,128.84397199003766,129.16481975117756,127.00640014752257,127.59947967529297,91420000
2021-04-13,128.76618458654,130.9246041100814,128.27032223067465,130.7009735107422,91266500
2021-04-14,131.19686654052674,131.25519981120385,128.0078525023259,128.36758422851562,87222800
2021-04-15,130.10792810253133,131.2551885555225,129.93291346998677,130.76905822753906,89347100
2021-04-16,130.57459244358938,130.9343240931431,129.58288254678484,130.4384765625,84922400
2021-04-19,129.80648595127033,131.71212294052938,129.64120345679902,131.09959411621094,94264200
2021-04-20,131.27463922976452,131.77048682845773,128.15367596540483,129.41761779785156,94812300
2021-04-21,128.68837675651753,130.03981801008018,127.657783189335,129.7967529296875,68847100
2021-04-22,129.34955290809418,130.42876284437168,127.76477810538648,128.2800750732422,84566500
2021-04-23,128.4939686507075,131.37185181275385,128.4939686507075,130.59405517578125,78657500
2021-04-26,131.08988992627178,131.3135056957382,129.85511489088012,130.98294067382812,66905100
2021-04-27,131.26490623623846,131.65381940116677,130.38987757731036,130.662109375,66015800
2021-04-28,130.5842881537486,131.27459954530588,129.3884120504617,129.87454223632812,107760100
2021-04-29,132.68437715116124,133.26773932174638,128.77588621347985,129.77731323242188,151101000
2021-04-30,128.124508335276,129.85513111982132,127.43421157592877,127.81339263916016,109839500
2021-05-03,128.37728825955,130.35099100560777,128.17312183322954,128.86341857910156,75135100
2021-05-04,127.55085891033158,127.84254003096058,123.18540387178189,124.30350494384766,137564700
2021-05-05,125.61603203019656,126.83135744619211,124.42015597480123,124.54655456542969,84000900
2021-05-06,124.34240242288911,126.15080765787947,123.60348232032891,126.1410903930664,78128300
2021-05-07,127.43638287913002,127.83567547908756,126.10211342037881,126.81307983398438,78973300
2021-05-10,126.03396084545095,126.16055930554575,123.50178359349738,123.54074096679688,88071200
2021-05-11,120.27812799107281,122.97586087179818,119.5671689854115,122.62525939941406,126142800
2021-05-12,120.18073081693389,121.38837950118456,119.06073063774643,119.5671615600586,112172300
2021-05-13,121.32995276517451,122.85899423262195,121.01830123774441,121.70977783203125,105861300
2021-05-14,122.9563697993059,124.55358462246828,122.56680357723657,124.12506103515625,81918000
2021-05-17,123.51151514879045,123.61864605940792,121.9045589198871,122.97586059570312,74244600
2021-05-18,123.2582993819835,123.67708183593513,121.52473722434705,121.59291076660156,63342900
2021-05-19,119.94700386173781,121.66108360866002,119.65482729355216,121.43708801269531,92612000
2021-05-20,121.96298511018756,124.3880235533931,121.83637181336027,123.98871612548828,76857100
2021-05-21,124.48543261389995,124.66073707262268,121.94352167759979,122.15778350830078,79295400
2021-05-24,122.72264215777629,124.60229244585756,122.65446862112498,123.7842025756836,63092900
2021-05-25,124.4854213164092,124.97238470676444,123.02455343641832,123.58942413330078,72009500
2021-05-26,123.64787188578073,124.06665436080144,123.12195849177618,123.54074096679688,56575900
2021-05-27,123.14142196396851,124.3101132618625,121.81690119683103,122.01168060302734,94625600
2021-05-28,122.29413127736017,122.51813430989525,121.30074429262824,121.35917663574219,71311100
2021-06-01,121.81692868180114,122.0798816825308,120.70666946919197,121.03779602050781,67637100
2021-06-02,121.03776661351102,121.97272112169325,120.81377104330335,121.79741668701172,59278900
2021-06-03,121.42734431379967,121.59290756486408,119.91777779316642,120.31708526611328,76229200
2021-06-04,120.83325448650514,122.86873431142617,120.61899267015994,122.60577392578125,75169300
2021-06-07,122.87845432966799,123.02454259085992,121.57341603849724,122.6155014038086,71057600
2021-06-08,123.2972466766342,125.10873085926178,122.91742162506401,123.43359375,74403800
2021-06-09,123.89133789579034,124.41725123885395,123.21933627459374,123.81342315673828,56877900
2021-06-10,123.70629386140669,124.84577650141729,122.65447459192099,122.82003784179688,71186400
2021-06-11,123.22907955985254,124.1153430132604,122.81029711830921,124.0276870727539,53522400
2021-06-14,124.485387627222,127.13442109120284,123.75495388490212,127.07598876953125,96906500
2021-06-15,126.5501263983375,127.19291187851302,126.01447183152456,126.25794982910156,62746300
2021-06-16,126.96886992787691,127.4753081982219,125.10870978192506,126.75460815429688,91815000
2021-06-17,126.41377710106734,129.0920350275276,126.26768138864819,128.3518524169922,96721700
2021-06-18,127.3000576157734,128.07917541017278,126.8423177381681,127.05657958984375,108953300
2021-06-21,126.90071755171388,128.95567215813708,125.83915719739741,128.84854125976562,79663300
2021-06-22,128.6829675675103,130.58209255634193,128.18626305147518,130.4846954345703,74783600
2021-06-23,130.2802323751994,130.81588702946803,129.75431149256474,130.21205139160156,60214200
2021-06-24,130.94244245203893,131.12748807728477,129.46209231078763,129.92958068847656,68711000
2021-06-25,129.97832637994586,130.3971014851615,129.34527454506005,129.637451171875,70783700
2021-06-28,129.92967584677262,131.72167135819527,129.8712434719454,131.26393127441406,62111300
2021-06-29,131.2832928355185,132.92920589475403,130.84503556701915,132.77337646484375,64556100
2021-06-30,132.61759460995344,133.82525083392224,132.3254180392348,133.38699340820312,63261400
2021-07-01,133.03638455477136,133.74733615062,132.218287184251,133.68890380859375,52485800
2021-07-02,134.30244482687868,136.3476657575281,134.15636398642496,136.3087158203125,78852600
2021-07-06,136.4158466947496,139.41548226335163,136.4158466947496,138.31497192382812,108181800
2021-07-07,139.79534920414747,141.11013660484417,138.9383165822972,140.79849243164062,104911600
2021-07-08,137.88649126591835,140.30178936453598,137.00022759601723,139.50318908691406,105575500
2021-07-09,139.02593841657492,141.85027728075062,138.92854127199598,141.32437133789062,99890800
2021-07-12,142.3956971620693,142.50282808936566,140.2433448448313,140.7303009033203,76299700
2021-07-13,140.27253162136344,143.61305721006948,139.88297280050324,141.8405303955078,100827100
2021-07-14,144.23637643322533,145.66802829472786,143.82732030646622,145.25897216796875,127050800
2021-07-15,145.3466125845258,146.08678025462487,143.25269315111336,144.60643005371094,106820300
2021-07-16,144.5870044305878,145.85307833791254,142.07430929851364,142.5709991455078,93251400
2021-07-19,139.9998224538897,140.3114813657128,137.97408410918416,138.73373413085938,121434600
2021-07-20,139.71745362574492,143.26249351226394,139.2304975157246,142.33726501464844,96350000
2021-07-21,141.73337903289692,142.31773204055827,140.85686438211923,141.6067657470703,74993500
2021-07-22,142.13266550721042,144.33370043878932,142.0060522400186,142.97023010253906,77338200
2021-07-23,143.70069581628857,144.84017089255983,143.0871265980212,144.68434143066406,71447400
2021-07-26,144.40193160847764,145.92123190033908,143.84679465375743,145.1031494140625,72434100
2021-07-27,145.22975487472473,145.31741825019225,141.7528967098648,142.94107055664062,104818600
2021-07-28,141.03220589476328,143.13585955365372,138.82142131266863,141.19776916503906,118931200
2021-07-29,140.91531705042755,142.72679380278865,140.80818614558353,141.8405303955078,56699500
2021-07-30,140.61342392407167,142.51254941417247,140.35046351445212,142.0548095703125,70440600
2021-08-02,142.5417764502479,143.11638102630255,141.46073341799487,141.72369384765625,62880000
2021-08-03,142.00607403013316,144.1778931349551,141.3925048543154,143.51564025878906,64786600
2021-08-04,143.42803778640976,143.93446137395492,142.46385946656952,143.1163787841797,56368300
2021-08-05,143.14558074057953,143.98314564998552,142.35671440302508,143.22349548339844,46397700
2021-08-06,142.74556017853746,143.48683682415765,142.04329182669468,142.5407257080078,54126800
2021-08-09,142.59925003312128,143.08693557693016,141.93600483737242,142.49195861816406,48908700
2021-08-10,142.83333089104445,144.072056221946,141.72140855204836,142.01402282714844,69023100
2021-08-11,142.45293150602257,143.1064282624458,141.94573444022404,142.26760864257812,48493500
2021-08-12,142.5894781590122,145.37903960476112,142.24809238146725,145.2229766845703,72282600
2021-08-13,145.30103817728678,145.75946379823836,144.6182813640554,145.42784118652344,59375000
2021-08-16,144.88159714502063,147.46633914191412,142.86258697892168,147.39805603027344,103296000
2021-08-17,146.53000561245062,147.94429082183916,145.4180830822368,146.49099731445312,92229700
2021-08-18,146.11062014748856,147.00795993561067,142.5505060596621,142.75534057617188,86326000
2021-08-19,141.45804637705135,144.35489926234624,140.94110096897992,143.0869140625,86960300
2021-08-20,143.80872432514332,144.84261535990314,143.16497579607238,144.54025268554688,60549600
2021-08-23,144.65726832283815,146.49097053616202,144.2476142953258,146.02279663085938,60131800
2021-08-24,145.76923200651873,147.14450905669656,145.47661765156835,145.93504333496094,48606400
2021-08-25,146.120370599229,146.61781948232644,144.15987966385998,144.70608520507812,58991300
2021-08-26,144.6962824320372,145.44730732727103,143.87695954535974,143.90621948242188,48597200
2021-08-27,143.84772924961433,145.08645474475415,143.21374397198983,144.94015502929688,55802400
2021-08-30,145.3302621099701,149.7096827488744,144.94986805949804,149.34878540039062,90956700
2021-08-31,148.90016654739884,149.03671791602926,147.5638979226051,148.09060668945312,86453100
2021-09-01,149.06597111930256,151.1630130890743,148.58803390921838,148.75384521484375,80313700
2021-09-02,150.08036655286702,150.9094380524186,148.64656965264444,149.86578369140625,71115500
2021-09-03,149.97306236375573,150.82164538297303,149.3195654805312,150.49977111816406,57808700
2021-09-07,151.1533229595328,153.3869171521342,150.58760570202517,152.83096313476562,82278300
2021-09-08,153.1137802396808,153.17230013553674,150.1876663830064,151.2898406982422,74420200
2021-09-09,151.66044621375175,152.26517148741016,150.15836649901337,150.27542114257812,57305700
2021-09-10,151.1825274626448,151.65070144497142,145.03768627305047,145.30104064941406,140893200
2021-09-13,146.92016289482572,147.6906995642944,145.08646034770857,145.86676025390625,102404300
2021-09-14,146.64701151360453,147.34927970792413,143.2917334480725,144.471923828125,109296300
2021-09-15,144.9011172737186,145.7594485393446,142.76505234502355,145.3595428466797,83281300
2021-09-16,144.78410203525485,145.30104757606733,143.59414799108714,145.12547302246094,68034100
2021-09-17,145.15471031932145,145.15471031932145,142.17006274358968,142.46267700195312,129868800
2021-09-20,140.25832940322934,141.27270852567665,137.79064237509579,139.4195098876953,123478900
2021-09-21,140.3851770808151,141.03868891632874,139.26350609481372,139.89749145507812,75834000
2021-09-22,140.89236024826914,142.82359096635926,140.16083188261564,142.2578887939453,76404300
2021-09-23,143.03818581433492,143.45760318499043,142.05306622379317,143.21376037597656,64838200
2021-09-24,142.0725514999574,143.8379707289355,141.97500844122595,143.301513671875,53477900
2021-09-27,141.8872464401241,142.36518367517027,140.2778899497781,141.78970336914062,74150700
2021-09-28,139.72192610299075,141.18498292082313,138.20034939372246,138.41493225097656,108972300
2021-09-29,138.96115210906663,140.89238314094982,138.531986350207,139.31228637695312,74602000
2021-09-30,140.12183534910463,140.82410382973063,137.80044704464729,138.01502990722656,89056700
2021-10-01,138.40517505038864,139.40005789714257,135.68389579904266,139.13670349121094,94639600
2021-10-04,138.26863338683822,138.70756238856447,134.86459699477155,135.71316528320312,98322000
2021-10-05,136.0545166576062,138.73678711480215,135.9277136552574,137.63461303710938,80861100
2021-10-06,136.035013031244,138.64900052233625,134.96209883237336,138.50270080566406,83221100
2021-10-07,139.53654839320112,140.66798212657525,139.20492588330868,139.76087951660156,61732700
2021-10-08,140.48269778280476,140.62899749402928,139.04890108087716,139.38052368164062,58773200
2021-10-11,138.76604603984862,141.24348200456123,138.31736879996546,139.29273986816406,64452200
2021-10-12,139.7024354588627,139.7219470532615,137.56636980326286,138.02479553222656,73035900
2021-10-13,137.7614495143466,137.91749761325408,135.77168370267864,137.4395751953125,78762700
2021-10-14,138.6099736345154,140.33638447460456,138.02474508035556,140.21932983398438,69907100
2021-10-15,140.22909633879294,141.33125547588753,139.97549034735292,141.27273559570312,67940300
2021-10-18,139.9170017643,143.2235096811566,139.63415065247935,142.94065856933594,85589200
2021-10-19,143.38929207620686,145.4960971069184,142.94062972963636,145.09619140625,76378900
2021-10-20,145.03767215675973,146.06181473584434,144.4719551618084,145.58387756347656,58418800
2021-10-21,145.1449650896746,145.9545248556128,144.22811391179323,145.7984619140625,61421000
2021-10-22,146.0033099939033,146.481232332848,144.97916730862042,145.02793884277344,58883400
2021-10-25,145.0181953145529,145.69120388157359,143.98430413512364,144.97918701171875,50720600
2021-10-26,145.6521738906202,147.12497895180522,145.34004798248478,145.64242553710938,60893400
2021-10-27,145.68145499107032,146.0423376021523,144.83288673993832,145.18402099609375,56094900
2021-10-28,146.1301073675776,149.39759166799496,146.03256430303534,148.8123779296875,100077900
2021-10-29,143.59412144965486,146.24713179057537,142.80407331191392,146.11058044433594,124953200
2021-11-01,145.3205654883688,146.01307072992742,144.1598713388164,145.2913055419922,74588300
2021-11-02,144.9986747309846,147.8370082711022,144.98891149464504,146.32518005371094,69122000
2021-11-03,146.686042864982,148.22713081802038,146.13008913879244,147.7589569091797,54511500
2021-11-04,147.84674493928904,148.67580139860405,146.92989377476803,147.2420196533203,60394600
2021-11-05,148.36533077411934,148.66813471450217,146.57779487265975,147.7694854736328,65463900
2021-11-08,147.89649723038997,148.0527879681065,146.67550378830177,146.94900512695312,55020900
2021-11-09,146.71457936674102,147.9160328251653,146.57782868777164,147.3104248046875,56787900
2021-11-10,146.53874739869644,146.64619541359409,144.41910465453822,144.4874725341797,65187100
2021-11-11,145.50330059918394,145.96238025554524,144.25299005299453,144.43858337402344,41000000
2021-11-12,144.9856178095641,146.90990439693277,144.05766590459464,146.50942993164062,63804000
2021-11-15,146.88065069212266,148.35562059388806,145.96246106168255,146.5192413330078,59222800
2021-11-16,146.46058703081326,147.97462166575806,145.87450429964008,147.49598693847656,59256200
2021-11-17,147.49599850722544,151.40317727562876,147.48623592599793,149.92822265625,88807000
2021-11-18,150.14313374583702,154.9880275581461,149.49844560723523,154.2065887451172,137827700
2021-11-19,153.9916731226482,157.28348128204507,152.89766786630707,156.8243865966797,117305600
2021-11-22,157.9281509208038,161.8548695638248,157.26393771700205,157.28347778320312,117467900
2021-11-23,157.3811499145866,158.04537802988585,155.36895531169498,157.6644287109375,96041900
2021-11-24,157.01975602804134,158.37750013405517,155.9355132595911,158.18214416503906,69463600
2021-11-26,155.86712045424656,156.72668956141257,152.73160325073675,153.17115783691406,76959800
2021-11-29,155.6717241177042,157.44949714116228,155.10518155763626,156.52154541015625,88748200
2021-11-30,156.2773947152438,161.67906839694083,156.2090119296681,161.46417236328125,174048100
2021-12-01,163.59356203535145,166.34813007275002,160.71202083002768,160.9464569091797,152052500
2021-12-02,155.05640108044867,160.38969196905754,154.13821164787007,159.95989990234375,136739200
2021-12-03,160.2138312915339,161.13202046747685,156.01361213812496,158.08441162109375,118023100
2021-12-06,160.47756105335333,163.98426461858526,160.46779847409405,161.48367309570312,107497000
2021-12-07,165.15644279486372,167.598429443289,164.4336093812365,167.20770263671875,120405400
2021-12-08,168.1356556285786,171.87678065417452,166.73883163036436,171.01719665527344,116998900
2021-12-09,170.85117673379307,172.64847553279014,169.8841445461616,170.50929260253906,108923700
2021-12-10,171.14418244016858,175.46161263264923,170.63624509261138,175.28578186035156,115402700
2021-12-13,176.91705651666257,177.90362873179458,171.45677755961725,171.6619110107422,153237000
2021-12-14,171.18327152968024,173.6154957034132,168.21382219359762,170.2846221923828,139380400
2021-12-15,171.04654009777133,175.33466872556772,168.31151164367364,175.13931274414062,131063300
2021-12-16,175.11976837917365,176.93660728082307,166.78771003091353,168.26266479492188,150185800
2021-12-17,165.98671202152144,169.44457351876034,165.75229083845704,167.16864013671875,195432700
2021-12-20,164.375008447403,166.62163920449956,163.5740445559153,165.81089782714844,107499100
2021-12-21,167.57886880713295,169.1808112556796,165.19548774606798,168.97569274902344,91185900
2021-12-22,169.02453697313442,171.77910499631244,168.15519034473417,171.564208984375,92135300
2021-12-23,171.7694079087555,172.7462029155617,171.2028650162428,172.18942260742188,68356600
2021-12-27,172.9805506410723,176.23327841950962,172.96102548062714,176.14537048339844,74919600
2021-12-28,175.97936879820426,177.12221701690328,174.38718837755263,175.12954711914062,79144300
2021-12-29,175.16859502828655,176.4384311169709,174.00620695259946,175.21743774414062,62348900
2021-12-30,175.30535282655248,176.379833000267,173.95737131856603,174.0648193359375,59773000
2021-12-31,173.9573548573712,175.0709001571645,173.14661351296067,173.44943237304688,64062300
2022-01-03,173.70339765267045,178.6362137085352,173.58618706197944,177.78639221191406,104487900
2022-01-04,178.39199939810527,178.69480333397306,174.96344087400894,175.5299835205078,99310400
2022-01-05,175.4420853705736,175.9890879826122,170.587414831676,170.8609161376953,94537600
2022-01-06,168.6924048932337,171.2320765208515,167.65700512195446,168.00865173339844,96904000
2022-01-07,168.8780217142409,170.09901499255682,167.06118311991872,168.1747283935547,86709100
2022-01-10,165.15645789652865,168.4970941484729,164.26757109809446,168.1942901611328,106765600
2022-01-11,168.3212489833143,171.1148671703379,166.85605711502512,171.01719665527344,76138300
2022-01-12,172.0330618342014,173.06846173538992,170.7632407657719,171.45675659179688,74805200
2022-01-13,171.7009797317892,172.52148374355693,167.80356331883507,168.1942901611328,84505800
2022-01-14,167.36396777404897,169.74734876331195,167.11976914653764,169.0538330078125,80440800
2022-01-18,167.52999013305566,168.53608710034226,165.47873098335913,165.85968017578125,90956700
2022-01-19,166.05506272277646,167.1100025568735,162.08927949191408,162.37254333496094,94815000
2022-01-20,163.10514273299674,165.74248492301732,160.37011513031928,160.6924591064453,91420500
2022-01-21,160.60452559861776,162.4702063884296,158.53372634147732,158.64117431640625,122848900
2022-01-24,156.30669005524535,158.53378075020058,151.11013516388041,157.8695526123047,162294600
2022-01-25,155.2907812885663,158.98306320756222,153.37627246633923,156.0722198486328,115798400
2022-01-26,159.70592982008216,160.57527648713483,154.15774320444362,155.98434448242188,108275300
2022-01-27,158.68028043462846,160.03802433796415,154.60704872462142,155.52523803710938,121954600
2022-01-28,161.86466955096992,166.3969967339565,159.02219316405643,166.37745666503906,179935700
2022-01-31,166.2113506685732,170.9390323284137,165.5764253199615,170.72413635253906,115541600
2022-02-01,169.97202274767105,170.78276405312576,168.31147491088436,170.55810546875,86213900
2022-02-02,170.69484950775998,171.79863213102016,169.30780301992357,171.75955200195312,84914300
2022-02-03,170.43110878285196,172.15027672857178,168.12587305039293,168.8877716064453,89418100
2022-02-04,167.90975737649003,170.27662529840396,166.93171820745542,168.6041717529297,82465400
2022-02-07,169.0638570704662,170.1299162190593,167.19579861278513,167.8902130126953,77251200
2022-02-08,167.9586430232075,171.49915455646115,167.6652283214683,170.99057006835938,74829200
2022-02-09,172.18385331616903,172.77066804953245,171.05909896075082,172.40879821777344,71285000
2022-02-10,170.31573108381698,171.62629991772872,167.78261335475796,168.340087890625,90865900
2022-02-11,168.545490327705,169.27901969811438,164.34969397169522,164.9365234375,98670700
2022-02-14,163.69441590726865,165.8558891027738,162.9022065441299,165.1712646484375,86185500
2022-02-15,167.2153531108256,169.1518664311418,166.5111637354937,168.99537658691406,62527400
2022-02-16,168.07604144255788,169.5333102903167,166.31556790878483,168.7606658935547,61177400
2022-02-17,167.27404295611913,168.1347222265384,164.7702649952927,165.1712646484375,69589300
2022-02-18,166.0905932914819,166.7947676550334,162.54030687860808,163.6259307861328,82772700
2022-02-22,161.35690506054718,163.02935867994262,158.58905229899906,160.71141052246094,91162800
2022-02-23,161.90457789540673,162.5011823133144,156.24173835796486,156.55471801757812,90009200
2022-02-24,149.22918225588046,159.27364628099374,148.6619178836396,159.1660614013672,141147500
2022-02-25,160.2419073795577,161.49379611504713,157.33713033388693,161.229736328125,91974200
2022-02-28,159.479061922758,161.78723492110947,158.86289248069977,161.4938201904297,95056600
2022-03-01,161.08305614073245,162.9413396082361,158.4130132555384,159.61599731445312,83474400
2022-03-02,160.77990833219215,163.68468676022354,159.37152910360746,162.90225219726562,79724800
2022-03-03,164.77021930839055,165.20055882427715,161.9143474309581,162.57940673828125,76678400
2022-03-04,160.87764280753723,161.9143617747294,158.54013016070306,159.5866241455078,83737200
2022-03-07,159.7724565579089,161.39600492959968,155.54732078440395,155.80162048339844,96418800
2022-03-08,155.33216629168248,159.30300237550088,152.37848423515257,153.9824676513672,131148300
2022-03-09,157.93374136581392,159.82136448965088,155.9092082958325,159.3714599609375,91454900
2022-03-10,156.681840375499,156.8676701680238,152.55451471855633,155.0387420654297,105342000
2022-03-11,155.43974670100266,155.78206635482195,151.1070406596988,151.3319854736328,96970100
2022-03-14,148.12407619462076,150.73543981420215,146.80373185143364,147.3123016357422,108732100
2022-03-15,147.58609577139651,152.1535515492418,147.0775261791108,151.68408203125,92964300
2022-03-16,153.60103819497576,156.48625045296393,151.06792059745445,156.0852508544922,102300200
2022-03-17,155.12679794973494,157.46431103838808,154.16832371335292,157.0926513671875,75615400
2022-03-18,156.9850782628136,160.8678953686917,156.25154880840884,160.37887573242188,123511700
2022-03-21,159.9191797677464,162.69682236043158,159.4301601813594,161.7481231689453,95811400
2022-03-22,161.8752422072329,165.69937857870127,161.2884277154457,165.11256408691406,81532000
2022-03-23,164.3008129085659,168.8486892835288,163.9682682338466,166.47206115722656,98062700
2022-03-24,167.30334651961118,170.3157083866542,166.47202233591315,170.24725341796875,90131400
2022-03-25,170.06146151483682,171.43071043053845,168.95627243907444,170.8830108642578,80546200
2022-03-28,168.38900077447545,171.87081780430975,168.22273590773543,171.74368286132812,90371900
2022-03-29,172.80978412555572,175.07882777522605,172.46746436577632,175.02993774414062,100589400
2022-03-30,174.62892784398144,175.66564716075908,172.81954908822692,173.86605834960938,92633200
2022-03-31,173.93446796182153,174.120297776475,170.5700111087268,170.77540588378906,103049300
2022-04-01,170.208175340956,171.0395147015426,168.1640768197994,170.48202514648438,78751300
2022-04-04,170.7362946873885,174.5702062097959,170.60914482743888,174.52130126953125,76468400
2022-04-05,173.60191735499444,174.38435151654375,170.5895555334283,171.2154998779297,73401800
2022-04-06,168.57480173407063,169.81691543605135,166.39377895438548,168.0564422607422,89058800
2022-04-07,167.401190693142,169.55287391806212,166.11996174699982,168.3596649169922,77594700
2022-04-08,168.00756384278074,168.00756384278074,165.48422104719532,166.35467529296875,76575500
2022-04-11,165.00500326610816,165.31796805598518,161.8654908055094,162.11000061035156,72246700
2022-04-12,164.33013728303388,166.13950070260202,162.9804385205217,163.97804260253906,79265200
2022-04-13,163.71400490158922,167.28384253130827,163.10762528497952,166.65789794921875,70618900
2022-04-14,166.8730302686766,167.5087646523774,161.41557017548345,161.6600799560547,75329400
2022-04-18,160.3201618914843,162.94131434841603,159.97785717263437,161.44491577148438,69023900
2022-04-19,161.3960167105301,164.13452917950872,160.31039271090148,163.72373962402344,67723800
2022-04-20,165.0538631380032,165.1712379709988,162.45229063171516,163.55746459960938,67929800
2022-04-21,165.20059691129774,167.7630547165198,162.266479452362,162.76527404785156,87227800
2022-04-22,162.80440987833427,164.18343379206294,157.95332893712188,158.23695373535156,84882400
2022-04-25,157.5816809008669,159.58666436994497,154.98010780953732,159.30303955078125,96046400
2022-04-26,158.68684707978605,158.77486701882205,153.2782919448604,153.35653686523438,95623200
2022-04-27,152.48609759207858,156.2808795981602,151.967738002025,153.13160705566406,88063200
2022-04-28,155.7527641169675,160.90703559165522,155.43978436635686,160.04635620117188,130216800
2022-04-29,158.28583697775457,162.55008785176082,153.7966412998766,154.18785095214844,131747600
2022-05-02,153.26853978592672,154.75514872367953,149.9040823265059,154.4910888671875,123055300
2022-05-03,154.67688255687574,157.18067526746918,152.88708408047324,155.97767639160156,88966500
2022-05-04,156.16349976201118,162.8239435793619,155.76250015329012,162.37405395507812,108256500
2022-05-05,160.25176069124018,160.4767055732459,151.54720112961485,153.32723999023438,130525300
2022-05-06,152.80804796848787,156.16765847712838,151.01560506464577,154.05198669433594,116124600
2022-05-09,151.7502553954864,152.6317930294346,148.3808694909006,148.9391632080078,131577900
2022-05-10,152.32817846383375,153.52314090318518,149.7913231533669,151.33889770507812,115366700
2022-05-11,150.3495566722883,152.2595317646696,142.8173843082867,143.49322509765625,142689800
2022-05-12,139.8398213340432,143.19941752795359,135.95129962230052,139.63412475585938,182602000
2022-05-13,141.62245981596948,145.0604308345469,140.17283922837782,144.0907440185547,113990900
2022-05-16,142.5627218047711,144.49229054467892,141.22082964396816,142.55291748046875,86643800
2022-05-17,145.8047810748366,146.6961077185766,143.66951587036147,146.17698669433594,78336300
2022-05-18,143.83609605190958,144.33562356857507,137.02872402723415,137.9298553466797,109742900
2022-05-19,137.00914057415054,138.75260707730666,133.7964597180681,134.53106689453125,136095600
2022-05-20,136.23535828446418,137.81231576353846,129.88835589129073,134.76614379882812,137426100
2022-05-23,134.96201586760006,140.31975175202894,134.82488980062982,140.17283630371094,117726300
2022-05-24,137.92003986063096,139.05623582746938,134.51146690573626,137.47927856445312,104132700
2022-05-25,135.5888849437953,138.87992561613757,135.50073567160547,137.63600158691406,92482700
2022-05-26,134.57023400738558,141.37759058232152,134.3253649583187,140.82908630371094,90601500
2022-05-27,142.4060284868712,146.60797434750936,142.27869181225157,146.5688018798828,90978500
2022-05-31,146.01052282850958,147.56788638378129,143.82628016379354,145.7852325439453,103718400
2022-06-01,146.823446577346,148.62569377792533,144.64900865939228,145.6578826904297,74286600
2022-06-02,144.79593383540592,148.16533354946895,143.84584095281429,148.1065673828125,72348100
2022-06-03,143.8850177275583,144.93306421639832,141.49510885340763,142.39622497558594,88570300
2022-06-06,144.01237341190438,145.52077501341512,141.92608448379778,143.14064025878906,71598400
2022-06-07,141.38736672807937,145.94192415465892,141.1424977278199,145.6578826904297,67808200
2022-06-08,145.5305338369811,146.79405119640674,144.43352559030978,144.9232635498047,53950200
2022-06-09,144.0613709060868,144.91351047437155,139.60475090946733,139.71249389648438,69473000
2022-06-10,137.40091085996173,137.87105521943323,134.24699651333503,134.31556701660156,91437900
2022-06-13,130.14302719351753,132.4252090464818,128.74238308627127,129.17335510253906,122207100
2022-06-14,130.3976794412042,131.14207601932122,128.7815346427886,130.03526306152344,84784300
2022-06-15,131.53383428431485,134.5212392737676,129.44756042743367,132.6504364013672,91533000
2022-06-16,129.36920136755154,129.67283655853572,126.39158573948599,127.39065551757812,108123900
2022-06-17,127.40045357119396,130.3486710219844,127.14578023984714,128.85986328125,134520300
2022-06-21,130.68169231513036,134.2469845261448,130.58375367786297,133.08140563964844,81000500
2022-06-22,132.0235937967665,134.93263938077834,131.16166488175563,132.57211303710938,73409200
2022-06-23,134.0119372202921,135.74559928638683,132.84635818263115,135.4321746826172,72433800
2022-06-24,137.0287064173905,138.99746302987265,136.90138468183136,138.75259399414062,89116800
2022-06-27,139.7712426067131,140.5450371291734,138.0767530642211,138.75259399414062,70207900
2022-06-28,139.212931320367,140.47644880841756,134.50165406172098,134.6191864013672,67083400
2022-06-29,134.63878986432783,137.78289974267364,133.8649953839291,136.37245178222656,66242400
2022-06-30,134.43309207438057,135.5301005021527,131.02451949836083,133.91397094726562,98964500
2022-07-01,133.2479128863371,136.18634098386156,132.87572215700436,136.07859802246094,71051600
2022-07-05,134.94243962271915,138.70362462604172,134.11966825992553,138.65464782714844,73353800
2022-07-06,138.44897021265854,141.16210859174285,138.1845074474581,139.9867401123047,74064300
2022-07-07,140.3491492881493,143.5422515193908,140.3393599057939,143.3463592529297,66253700
2022-07-08,142.2786895406023,144.52169812610057,142.02403114104803,144.02215576171875,64547800
2022-07-11,142.68029721118097,143.63039032716094,140.8290877786715,141.89671325683594,63141600
2022-07-12,142.7684556965353,145.40324925342907,142.0730359145698,142.8664093017578,77588800
2022-07-13,140.05530730128564,143.44428658574307,139.20315284375937,142.50399780273438,71185600
2022-07-14,141.1229362743088,145.89298070687983,140.30996921418316,145.42283630371094,78140700
2022-07-15,146.7059412883577,147.76377735798872,145.1583671279135,147.0879364013672,76259900
2022-07-18,147.64623499784832,148.45920196700573,143.6891431225671,144.0515594482422,81420900
2022-07-19,144.88410592104603,148.1261694879342,143.8948404199678,147.90089416503906,82982400
2022-07-20,148.01842499581136,150.56506886066487,147.2838179131366,149.89901733398438,64823400
2022-07-21,151.3290755894941,152.37712231601844,148.82161886422966,152.16163635253906,65086600
2022-07-22,152.20082772301902,153.07256106692492,150.2614687565271,150.92750549316406,66675400
2022-07-25,150.84909422530328,151.85795331530994,149.15460492057616,149.81085205078125,53623900
2022-07-26,149.13502930916428,149.94799628582763,147.70500253719806,148.48858642578125,55138700
2022-07-27,149.44843626928795,154.1009468457732,149.03705818020956,153.572021484375,78620700
2022-07-28,153.758128174429,154.40458587882554,151.24088279184247,154.12054443359375,81378700
2022-07-29,157.9307736596815,160.2717215621507,156.22647941293425,159.17469787597656,101786900
2022-08-01,157.7054523459462,160.2325026515257,157.58791998844677,158.1951904296875,67829400
2022-08-02,156.81411634866453,159.07670355733856,156.35376142488207,156.7259521484375,59907000
2022-08-03,157.53893055181024,163.1709180629882,157.45078129075776,162.72036743164062,82507500
2022-08-04,162.60282888470158,163.75861850349844,161.05525478751719,162.4069366455078,55474100
2022-08-05,160.0823608155598,162.67176904705062,159.87637852795464,162.1813507080078,56697000
2022-08-08,163.18181120847004,164.59421857415984,161.05339717997808,161.71055603027344,60276900
2022-08-09,160.87680514822912,162.6423138220542,160.12155686096395,161.75955200195312,63135500
2022-08-10,164.4667081851827,166.0949008724902,163.70165667502752,165.996826171875,70170500
2022-08-11,166.80105976160058,167.713245527213,164.96690021924013,165.2611541748047,57149200
2022-08-12,166.56569547580565,168.87065273956517,166.1537308916434,168.802001953125,68039400
2022-08-15,168.2331286414766,170.06728863023804,168.0663881848966,169.87112426757812,54091700
2022-08-16,169.46897842594916,170.3811644180383,168.37044601656845,169.7141876220703,56377100
2022-08-17,169.45915949271176,172.7743773350279,169.26299514755854,171.20504760742188,79542000
2022-08-18,170.4203849105247,171.54834118381174,169.8024529702403,170.81271362304688,62290100
2022-08-19,169.71418188591318,170.4105825645676,168.02714147630917,168.23312377929688,70346300
2022-08-22,166.43816395511286,166.6049043800519,163.9370276482697,164.35879516601562,69026800
2022-08-23,163.87817957003261,165.4769480040651,163.4564120530002,164.02529907226562,54147100
2022-08-24,164.11359750144874,164.88845187937156,163.06409508904346,164.31956481933594,53841500
2022-08-25,165.54559127859812,166.87952958176348,165.12383874706296,166.77163696289062,51218200
2022-08-26,167.30129233726979,167.77208967610682,160.42561875617696,160.48446655273438,78961000
2022-08-29,158.06181135805244,159.77827539995786,156.7573118566176,158.28741455078125,73314000
2022-08-30,159.02305667853338,159.44480926961938,154.6975633016655,155.86476135253906,77906200
2022-08-31,157.23791969354875,157.50274977749038,154.12866933419335,154.20713806152344,87991100
2022-09-01,153.63828680423725,155.38417523650494,151.7060369719439,154.93299865722656,74229900
2022-09-02,156.68870348669358,157.28701462761424,152.00030404133517,152.82420349121094,76957800
2022-09-06,153.47153612406976,154.07965015411935,150.74481100262022,151.56871032714844,73714800
2022-09-07,151.85314497915547,153.6676838931478,150.66632598771957,152.97129821777344,87449600
2022-09-08,151.67658920142858,153.36362955067995,149.75414265238146,151.5000457763672,84923800
2022-09-09,152.49069467763707,154.79566708651402,151.7844910019974,154.35427856445312,68028800
2022-09-12,156.53170218353472,161.11220709833708,156.24726616785827,160.29811096191406,104956000
2022-09-13,156.8357744463717,157.46350930410847,150.43091231518306,150.89190673828125,122656600
2022-09-14,151.82370097735972,154.08944624806267,150.66632089509483,152.333740234375,87965400
2022-09-15,151.6863795720259,152.26508456095567,148.47905455230304,149.4500732421875,90481100
2022-09-16,148.31232430924803,148.44964084888636,145.52673670084437,147.8120880126953,162278800
2022-09-19,146.448684995869,151.59807625432504,146.24271772670144,151.5196075439453,81474200
2022-09-20,150.46032156880005,155.05064442927653,150.1464616536784,153.89324951171875,107689800
2022-09-21,154.3247928374418,155.69797275282778,150.65647434520994,150.774169921875,101696800
2022-09-22,149.45988650515864,151.50983141556574,148.0180554999838,149.81298828125,86652500
2022-09-23,148.29268659863374,148.5673196468233,145.71308157487604,147.5472412109375,96029900
2022-09-26,146.79202323434507,150.82326264584486,146.77240230987616,147.88075256347656,93339400
2022-09-27,149.81297617549825,151.75502830388234,147.0764338903238,148.85174560546875,84442700
2022-09-28,144.81069908771693,147.75320856386915,142.06435391669942,146.96853637695312,146691400
2022-09-29,143.3002421615135,143.9083561021041,137.98409428837317,139.74960327148438,128138200
2022-09-30,138.5726147256006,140.35774479295515,135.35547138562947,135.5516357421875,124925300
2022-10-03,135.56141670515206,140.32828260431316,135.05137754414199,139.72015380859375,114311700
2022-10-04,142.25071445031105,143.41791226395273,141.49546616506458,143.3002166748047,87830100
2022-10-05,141.30916116839794,144.55572849466822,140.26946161653336,143.59449768066406,79471000
2022-10-06,143.0158197187154,144.712663290669,142.43712956504083,142.64309692382812,68402200
2022-10-07,139.80844218113944,140.35772324812106,136.7776606833551,137.4053955078125,85925600
2022-10-10,137.72911071777344,139.17094210590585,135.91457149826957,137.72911071777344,74899000
2022-10-11,137.2190642395612,138.64128959242282,135.57126557653487,136.3166961669922,77033700
2022-10-12,136.46381898254117,137.67024396939837,135.51240615749046,135.68894958496094,70433700
2022-10-13,132.4031536839207,140.8383404618952,131.7950247428473,140.24984741210938,113224000
2022-10-14,141.54451814883853,141.75050040665323,135.54180333634727,135.72816467285156,88598000
2022-10-17,138.36665154683308,140.16156968133146,137.5819791306435,139.68096923828125,85250900
2022-10-18,142.7018846200196,143.88868821129364,137.91539848736932,140.99522399902344,99136600
2022-10-19,138.974750883936,142.1722730567363,138.78838952105372,141.10316467285156,61758300
2022-10-20,140.2792613677454,143.09425775385319,139.91634163141597,140.6421661376953,64522000
2022-10-21,140.13212478208789,145.0167019837592,139.916339525803,144.44781494140625,86548600
2022-10-24,144.36934369172494,147.35108041478094,143.20214572577777,146.58602905273438,75981900
2022-10-25,147.2137868289863,149.5678040506047,146.49778017936205,149.42066955566406,74732300
2022-10-26,148.06709300971718,149.07735346461445,145.20303709712394,146.48794555664062,88194300
2022-10-27,145.23248644302674,146.1937021462339,141.36798774070627,142.025146484375,109180200
2022-10-28,145.36002058759684,154.48180643716302,144.98731275555542,152.7555389404297,164762400
2022-10-31,150.22496108445085,151.2842665764986,149.0087181195706,150.40150451660156,97943200
2022-11-01,152.10817643552318,152.47108127109797,146.27220032701106,147.7630615234375,80379300
2022-11-02,146.0956258102425,149.25392123210702,142.2213237765035,142.25074768066406,93604600
2022-11-03,139.3376507448135,140.06347524662803,136.0910838596121,136.21859741210938,97918500
2022-11-04,139.59827074317496,140.16810151754257,132.0234836201314,135.95333862304688,140814800
2022-11-07,134.70561435237354,136.70983394000362,133.29086405936027,136.48387145996094,83374600
2022-11-08,137.94772594743225,138.94982808586678,135.07893386231837,137.05368041992188,89908500
2022-11-09,136.07123106652006,136.12035725287217,132.2297941583769,132.5048828125,74917800
2022-11-10,138.7631880310501,144.29444885253906,137.0536956773793,144.29444885253906,118854000
2022-11-11,143.26286485614494,147.37937519314977,141.83828048896822,147.07481384277344,93979700
2022-11-14,146.35763570725214,147.64466090619808,144.8446330372058,145.6797332763672,73374100
2022-11-15,149.55062261259357,150.89659305740093,145.95480194485347,147.40884399414062,89868300
2022-11-16,146.51483522710427,147.2418488642614,144.70709039322372,146.1807861328125,64218300
2022-11-17,143.8621718356149,148.8236171893066,143.5870831617381,148.0769500732422,80389400
2022-11-18,149.6390649453273,150.0222252429551,147.3401031595605,148.63694763183594,74829600
2022-11-21,147.52676535819396,147.73307435769456,145.12955132737417,145.41445922851562,58724100
2022-11-22,145.5323481888436,147.7821833963105,144.353379792247,147.54638671875,51804100
2022-11-23,146.82919031011303,149.1674586072914,146.72111870836432,148.42079162597656,58301400
2022-11-25,145.7092003283938,146.2692118769101,144.54006603549058,145.51271057128906,35195900
2022-11-28,142.5947981424062,144.06849387144769,140.8656672171658,141.69093322753906,69246000
2022-11-29,141.75967888062996,142.2705641956943,137.88878454429147,138.69439697265625,83763800
2022-11-30,138.92037287256267,146.11201495746124,138.0852876520207,145.43411254882812,111380900
2022-12-01,145.61099111367253,146.51485616417156,144.03904277032873,145.709228515625,71250400
2022-12-02,143.40043783526434,145.40465760065473,143.09586143280922,145.21798706054688,65447400
2022-12-05,145.17867816271277,148.27343309869434,143.21375058654476,144.0586700439453,68826400
2022-12-06,144.49096870660432,144.71693119940028,139.431270776129,140.40391540527344,64727200
2022-12-07,139.69653991914743,140.85584008868295,137.5449416476374,138.4684600830078,69721100
2022-12-08,139.86352962985669,141.00319109284194,138.62563079391435,140.1484375,62128300
2022-12-09,139.84387422747133,143.0172426533997,138.42912415381502,139.6670379638672,76097000
2022-12-12,140.19757351667832,141.96601125722427,138.58633357333804,141.95619201660156,70462700
2022-12-13,146.87831847453648,147.34007759813417,141.71056497387187,142.9189910888672,93886200
2022-12-14,142.80109523487565,144.0881201971517,138.6845702087708,140.69862365722656,82291200
2022-12-15,138.63543512859985,139.31333739130548,133.64451838807022,134.1062774658203,98931900
2022-12-16,134.2929782040358,135.23613504981998,131.38487878191776,132.1511993408203,160156900
2022-12-19,132.74067737544078,132.82909551472687,129.01714637272462,130.04872131347656,79592600
2022-12-20,129.08587408244605,130.91325672721703,127.6121788847663,129.97991943359375,77432800
2022-12-21,130.64802045895354,134.41085828161889,130.42205800232537,133.07470703125,85928000
2022-12-22,131.99401195090732,132.20032094511618,128.0150307307424,129.9111785888672,77852100
2022-12-23,128.62413499923468,130.09783042542833,127.36658276817921,129.5476531982422,63814900
2022-12-27,129.07608787315525,129.10556058535423,126.46273078933113,127.749755859375,69007800
2022-12-28,127.39606774936588,128.73221899747332,123.66271014073895,123.82972717285156,85438400
2022-12-29,125.74551863845643,128.19185099265815,125.49008349000029,127.33711242675781,75703700
2022-12-30,126.1581553688859,127.67114272748928,125.19533773599038,127.6514892578125,77034200
2023-01-03,127.99539057563403,128.60451337209517,121.99253578697103,122.87675476074219,112117500
2023-01-04,124.66482384759799,126.40378887161263,122.88656686996354,124.14411926269531,89113600
2023-01-05,124.90061292758642,125.52938912334946,122.57217865426507,122.8276138305664,80962700
2023-01-06,123.80025205121024,128.0051879622661,122.69989001665523,127.34693908691406,87754700
2023-01-09,128.1820484933381,131.07049435820306,127.61221771125115,127.8676528930664,70790800
2023-01-10,127.97572556898378,128.95818934117645,125.87325369613974,128.43748474121094,63896200
2023-01-11,128.94835439070522,131.1687168485226,128.17221470136022,131.14907836914062,69458900
2023-01-12,131.5322547782573,131.90558081812333,129.13504077259947,131.07049560546875,71379600
2023-01-13,129.71468306570503,132.55400260182785,129.35117628841525,132.3968048095703,57809700
2023-01-17,132.4656016206527,134.88245427698436,131.77787992946924,133.55613708496094,63646600
2023-01-18,134.4207108763407,136.17931456809228,132.66209219338052,132.8389434814453,69672800
2023-01-19,131.7287538123279,133.86069855178562,131.42419241972087,132.89788818359375,58280400
2023-01-20,132.90769302903612,135.59964906296133,131.86628386729487,135.4522705078125,80223600
2023-01-23,135.6979103035641,140.80673462294286,135.48176704430378,138.63548278808594,81760300
2023-01-24,137.84949253259393,140.64952034187644,137.83967329148908,140.0305633544922,66435100
2023-01-25,138.41933852785135,139.93232634052288,136.37581181311944,139.37232971191406,65799300
2023-01-26,140.65933109437518,141.72039372676826,139.41159795380088,141.43548583984375,54105100
2023-01-27,140.64951214628343,144.64813175929368,140.57091324840124,143.3709259033203,70555800
2023-01-30,142.41794502488958,142.9975950119405,140.34494601130174,140.4923095703125,64015300
2023-01-31,140.19756045993424,141.8088002532181,139.78492752410364,141.75967407226562,65874500
2023-02-01,141.44534120076577,144.03904552300298,138.84181763550876,142.87973022460938,77663600
2023-02-02,146.28885767804982,148.52887400177488,145.57166328269082,148.17520141601562,118339000
2023-02-03,145.43410775063012,154.62014981197694,145.23761799882098,151.7906494140625,154357300
2023-02-06,149.8944947732861,150.41519933800663,148.1358763450209,149.0692138671875,69858300
2023-02-07,147.99834440627268,152.50784959474223,147.99834440627268,151.93801879882812,83322600
2023-02-08,151.18152542311802,151.8692470443083,148.51904208604415,149.25588989257812,64120100
2023-02-09,151.0832773681269,151.62363543992853,147.782198500911,148.22430419921875,56007100
2023-02-10,147.0632318137508,148.9130734935689,146.8270751036462,148.58836364746094,57450700
2023-02-13,148.52933886882354,151.78625678187208,148.49982115470684,151.38284301757812,62199000
2023-02-14,149.68055772689488,151.3041068890254,148.4407688328002,150.7432403564453,61707600
2023-02-15,150.6546952720313,153.00636811059493,150.42838780610393,152.83909606933594,65573800
2023-02-16,151.04826665403036,153.82305157694913,150.8908438680814,151.2450714111328,68167900
2023-02-17,149.90692418842454,150.54649479465752,148.43097816102596,150.1037139892578,59144100
2023-02-21,147.79137232815333,148.87373860585663,146.0300835825423,146.0989532470703,58867200
2023-02-22,146.4826667367167,147.5453493019233,144.80009726904348,146.52203369140625,51011300
2023-02-23,147.68314896878456,147.92913996180903,144.87886065676489,147.00421142578125,48394200
2023-02-24,144.75090982195374,144.82962872471046,143.38320079150859,144.35733032226562,55469600
2023-02-27,145.34131909727375,146.77789803104127,145.08547886576312,145.54794311523438,44998500
2023-02-28,144.69188448050687,146.68932985809187,144.47541123636594,145.04611206054688,50547000
2023-03-01,144.4754113339038,144.86899086128216,142.68458995191014,142.9797821044922,55479000
2023-03-02,142.06474181394023,144.35737997268984,141.59242823495185,143.57020568847656,52238100
2023-03-03,145.6660203114201,148.68679692265323,144.96741429678426,148.6080780029297,70732300
2023-03-06,151.32380747304748,153.7935665673354,150.9991125857975,151.36317443847656,87558000
2023-03-07,151.2352451910372,151.55995507278075,148.70646582947896,149.16893005371094,56182000
2023-03-08,150.3594826497808,151.0089022608483,149.39520247867964,150.41851806640625,47204800
2023-03-09,151.09746808583355,152.0617483379844,147.8208670608722,148.1750946044922,53833600
2023-03-10,147.80120650188752,148.5194958597798,145.242894659562,146.11862182617188,68572400
2023-03-13,145.43970497520198,150.68423448355665,145.33146834316847,148.0570526123047,84457100
2023-03-14,148.85401542944305,150.94001350209345,147.69294556307145,150.14300537109375,73695900
2023-03-15,148.76549840164833,150.79246155107444,147.51586009545082,150.53663635253906,77167900
2023-03-16,149.71994010489203,153.9509875803486,149.20827470890512,153.35076904296875,76161100
2023-03-17,153.57707174404283,154.22649145558808,151.80593390078133,152.51438903808594,98944600
2023-03-20,152.5832627325511,155.28916298853815,151.6780028890537,154.87588500976562,73641400
2023-03-21,154.7971931327365,156.84382463636302,154.02968755125636,156.7257537841797,73938300
2023-03-22,156.7454546452784,159.5399085601911,155.27934300701256,155.2990264892578,75701800
2023-03-23,156.28299079055427,158.95937384680835,155.15142327717084,156.38137817382812,67622100
2023-03-24,156.31249715364865,157.76875944157217,155.31869907440637,157.68020629882812,59196500
2023-03-27,157.37517430078694,158.19186606543823,155.33836200567538,155.74179077148438,52390300
2023-03-28,155.43676283008696,155.94842821050446,153.47866946121147,155.12188720703125,45992200
2023-03-29,156.81426031022863,158.46732681990156,156.79459185010865,158.1918182373047,51305700
2023-03-30,158.93965597985908,159.86458426430409,158.68383082177425,159.75634765625,49501700
2023-03-31,159.8350878653574,162.35403288236776,159.31358823359025,162.25563049316406,68749800
2023-04-03,161.6357692200628,163.62336567436975,161.58656801762768,163.5052947998047,56976200
2023-04-04,163.92839947620809,164.16454121432164,162.46228779099377,162.9739532470703,46278300
2023-04-05,162.0982064947886,162.40323287933546,159.20535043705326,161.1339111328125,51511700
2023-04-06,159.82526545905753,162.3147081943001,159.40216814543908,162.01951599121094,45390100
2023-04-10,158.8314677582338,159.4316864013672,157.5129595959733,159.4316864013672,47716900
2023-04-11,159.74652133194326,159.7563555644006,157.93601661540757,158.22137451171875,47644200
2023-04-12,158.6346426672523,159.4611686435216,157.21773241416443,157.53260803222656,50133100
2023-04-13,159.0380889195549,163.14121655398105,158.83144989570576,162.90505981445312,68445600
2023-04-14,161.9506163702145,163.6528847449455,161.19297496954,162.56068420410156,49386500
2023-04-17,162.44258319038994,162.7377753387549,161.39958394505072,162.58033752441406,41516200
2023-04-18,163.4363837761115,164.72537387764507,162.99358808032773,163.80044555664062,49923000
2023-04-19,163.1412083770297,165.46336364998885,162.8853681685066,164.94186401367188,47720200
2023-04-20,163.4265370188754,165.17799130758831,162.9050374280842,163.97755432128906,52456400
2023-04-21,162.4032359760057,163.78077935638615,161.85221862385353,162.37371826171875,58337300
2023-04-24,162.35403159020615,162.9444158925364,161.26183114076272,162.67874145507812,41949600
2023-04-25,162.54097982284455,163.64301445601814,161.1043860925183,161.1437530517578,48714100
2023-04-26,160.44513945575562,162.6295403559192,160.1893142654478,161.1339111328125,45498800
2023-04-27,162.5409858833323,165.85693915334915,162.5409858833323,165.7093505859375,64902300
2023-04-28,165.78806481489534,167.12625617335198,165.1878463008649,166.95896911621094,55275900
2023-05-01,166.5654112090663,167.71664719399982,165.93567490070697,166.8704376220703,52472900
2023-05-02,167.3623966257795,167.6182368189597,164.85328597063295,165.83724975585938,48425700
2023-05-03,166.78186884038578,168.17909567440717,164.47939708632646,164.76473999023438,65136000
2023-05-04,162.24580144031648,164.36131774887434,161.67510059572527,163.13136291503906,81235400
2023-05-05,168.23812815446027,171.504895212846,168.02165491497223,170.78660583496094,113453200
2023-05-08,169.7140651629481,171.06210572406735,169.35000337616833,170.71771240234375,55962800
2023-05-09,170.27494492179522,170.7570775926942,168.84820036158354,169.01547241210938,45326900
2023-05-10,170.24544525293916,171.23924342814053,169.14339542958015,170.7767791748047,53724500
2023-05-11,171.0621017201797,171.7902252766967,169.4090348343318,170.9636993408203,49514700
2023-05-12,171.0720697527437,171.50561502670146,168.4905238476374,170.03749084472656,45533100
2023-05-15,170.6188460048669,170.66811525184778,168.95364468701064,169.5448455810547,37266700
2023-05-16,169.46601779285794,170.5991352991019,169.27880367524853,169.5448455810547,42110300
2023-05-17,169.19013234108013,170.39221479568312,167.91905489711874,170.15574645996094,57951600
2023-05-18,170.46120584790356,172.66833901247392,170.04737119858373,172.4811248779297,65496700
2023-05-19,173.80146880445517,173.80146880445517,172.37275062180032,172.5895233154297,55809500
2023-05-22,171.42679729660153,172.1460951955022,170.9045763773169,171.64356994628906,43570900
2023-05-23,170.58929510312979,170.83562631420236,168.7664381272472,169.04232788085938,50747300
2023-05-24,168.57924358561866,169.8897275849513,168.01761617725649,169.3182373046875,45143500
2023-05-25,169.8798495430277,171.3479738482291,169.17041449607095,170.4513397216797,56058300
2023-05-26,170.77652387763237,173.19056694623742,170.5695990272421,172.8555450439453,54835000
2023-05-30,174.36306754730614,176.36327550868927,173.97879151124883,174.6980743408203,55964400
2023-05-31,174.72766202276017,176.71802248155805,174.16601962684186,174.64883422851562,99625300
2023-06-01,175.0922027756249,177.47668683522244,174.33349851829678,177.44712829589844,68901800
2023-06-02,178.37333767160567,179.11233123154489,176.62930866038764,178.2945098876953,61996900
2023-06-05,179.94990047733975,182.23584654381537,175.42724752914353,176.9446563720703,121946500
2023-06-06,177.328904296753,177.4766970018392,174.82617090162998,176.58006286621094,64848400
2023-06-07,175.82136104700194,178.5507149734009,174.71780207381394,175.21046447753906,61944600
2023-06-08,175.2892895872439,178.18614713091944,174.85575927069235,177.9201202392578,50214900
2023-06-09,178.8364204919391,179.55570326266908,177.9791928742902,178.30435180664062,48900000
2023-06-12,178.60982685528654,181.19137296447727,178.31422641468646,181.09283447265625,54274900
2023-06-13,180.1173628493618,181.44754220802452,179.76264534674598,180.619873046875,54929100
2023-06-14,180.67902853230473,181.68406417583662,179.3488488908818,181.25051879882812,57462900
2023-06-15,181.26036948430115,183.78279874291368,181.08300318978328,183.2802734375,65433200
2023-06-16,183.98971928038128,184.245913383536,181.56582838117956,182.20628356933594,101256200
2023-06-20,181.70372085188743,183.3689219025579,181.70372085188743,182.29490661621094,49799100
2023-06-21,182.1865534203878,182.68907870149724,179.91045548906328,181.26036071777344,49515700
2023-06-22,181.0435838743865,184.3050065515812,180.97460392176268,184.2557373046875,51245300
2023-06-23,182.8270228675936,184.8075203379306,182.29493904669715,183.9404296875,53117000
2023-06-26,184.0882365039062,185.29033397781694,182.51171079012911,182.55113220214844,48088700
2023-06-27,183.1620330683905,185.6253451571229,182.94526040179295,185.30018615722656,50730800
2023-06-28,185.17208134019785,187.11317238738192,184.84693738882143,186.47271728515625,51216800
2023-06-29,186.3052137668684,187.2806907250245,186.16726889716722,186.80772399902344,46347300
2023-06-30,188.81778728912292,191.62595381515632,188.45320690668942,191.12344360351562,85213200
2023-07-03,190.9362564156046,191.03479491877454,188.94589592351636,189.63563537597656,31458200
2023-07-05,188.75868490984942,190.1479814937267,187.82261429340878,188.52220153808594,46920300
2023-07-06,187.05407174607458,189.20208780415717,186.42346442381324,188.9951629638672,45094300
2023-07-07,188.6010117511895,189.8425155087971,187.44818361165477,187.8817138671875,46815000
2023-07-10,186.48255712554894,187.2018550195119,184.2951349736181,185.84210205078125,59922200
2023-07-11,186.3840531601648,186.52199803845542,183.86162393721375,185.3199005126953,46638100
2023-07-12,186.8964167558296,188.88677723101014,185.70418206587038,186.985107421875,60750200
2023-07-13,187.70435278315148,188.38422922243208,186.99491780606402,187.74375915527344,41342300
2023-07-14,187.4383150637318,188.37437052971225,186.8471292596261,187.89157104492188,41616200
2023-07-17,189.08383285312058,191.46833222271863,188.99515722491665,191.14317321777344,50520200
2023-07-18,190.51254970289233,191.4781637647375,189.5961898515042,190.886962890625,48288200
2023-07-19,190.26624291356026,195.32094939257118,189.8228346836756,192.2368927001953,80507300
2023-07-20,192.22701989757815,193.58677299126168,189.67503216410122,190.29579162597656,59581200
2023-07-21,191.25156585425083,192.10879369152832,188.42367321559357,189.12326049804688,71951700
2023-07-24,190.57168949200457,192.04967681854123,189.42870901778204,189.92137145996094,45377800
2023-07-25,190.49284214012596,191.58655325087184,190.08885537064708,190.77857971191406,37283200
2023-07-26,190.82783906853456,192.76892999363082,190.4829844332044,191.64566040039062,47471900
2023-07-27,193.14338839624878,194.30606454519102,189.72430983845956,190.3844757080078,47460200
2023-07-28,191.8131810983056,193.74442436278966,191.29096014596897,192.95616149902344,48291400
2023-07-31,193.1827862905988,193.60648379116893,192.39452340931743,193.5670623779297,38824100
2023-08-01,193.36013930235927,193.8429388199064,192.41422090280528,192.7393798828125,35175100
2023-08-02,192.17776662675897,192.31571151477112,189.03459274742033,189.75387573242188,50389300
2023-08-03,188.7586713954234,189.54691917513858,187.89158079590146,188.36453247070312,61235200
2023-08-04,182.79748597555601,184.63019095429203,179.25031019901363,179.3192901611328,115956800
2023-08-07,179.45720585194456,180.44253062568194,174.74735463626894,176.225341796875,97576100
2023-08-08,177.0530363874442,177.6245266423458,174.97400021533483,177.1614227294922,67823000
2023-08-09,178.21570618554995,178.2748232727554,174.41235154839882,175.57504272460938,60378500
2023-08-10,176.84608080013524,178.0974474344709,174.99368050557445,175.35824584960938,54686900
2023-08-11,174.95373578240464,176.2363757071569,174.1940069392339,175.41744995117188,52036700
2023-08-14,175.59503330985302,177.29208151781367,174.943837241764,177.06515502929688,43675600
2023-08-15,176.4929258073929,177.08491002448199,174.68734458769583,175.08200073242188,43622600
2023-08-16,174.76626971305478,176.15744233651847,174.14467201512105,174.2137451171875,46964900
2023-08-17,174.77612136953763,175.14117901733323,171.16495931429398,171.6780242919922,66062900
2023-08-18,170.00075151281027,172.76339001893962,169.66529224450343,172.16152954101562,61172200
2023-08-21,172.7337554755455,173.77960771425435,171.4215020828672,173.49346923828125,46311900
2023-08-22,174.69719959083847,175.30892111024494,173.89801113995804,174.86492919921875,42038900
2023-08-23,176.1377232252428,179.12728783194132,175.9502562936072,178.70301818847656,52722800
2023-08-24,178.25903609639087,178.68330576322634,173.66121814414575,174.0262908935547,54945800
2023-08-25,175.0129348306344,176.7593040006282,173.4737548580186,176.2265167236328,51449600
2023-08-28,177.68678985123202,178.18011761364104,176.16734696728648,177.78546142578125,43820700
2023-08-29,177.3019791564373,182.43258442181371,177.10465107991652,181.66299438476562,53003900
2023-08-30,182.4720614420058,185.34323241647965,182.27473336292013,185.14588928222656,60813900
2023-08-31,185.33334709899387,186.59626480914432,184.97815055206615,185.36294555664062,60794500
2023-09-01,186.961330634287,187.38558521498553,185.76747101772168,186.93173217773438,45766500
2023-09-05,185.76745412260553,187.44476508042712,185.10639689444145,187.1685028076172,45280000
2023-09-06,185.88585963952747,186.32986658571798,179.04834537431464,180.46913146972656,81755800
2023-09-07,172.84227669356144,175.83185624974686,171.22416252451072,175.19052124023438,112488800
2023-09-08,175.96997548136457,177.83475336123297,175.4174358773743,175.80223083496094,65551300
2023-09-11,177.66708484936032,177.8940114266781,174.97350416507493,176.966552734375,58953100
2023-09-12,177.09479044187466,177.72624932161176,172.4871113411862,173.94735717773438,90370200
2023-09-13,174.15456487501547,174.93403118667004,171.65832754990635,171.88526916503906,84267900
2023-09-14,171.6780505009118,173.75003299454158,171.2636570132194,173.39483642578125,60895800
2023-09-15,174.12494522635322,174.14468255030425,171.5004532372104,172.674560546875,109259500
2023-09-18,174.12494029407293,176.98624997924455,173.8190795297471,175.59506225585938,67257600
2023-09-19,175.1510856525732,177.23292932503867,174.76629061620125,176.68040466308594,51826900
2023-09-20,176.8678428874874,177.3019736755132,173.0593524132158,173.14816284179688,58436200
2023-09-21,172.22073021215786,173.94737743416857,171.5399354700809,171.60899353027344,63149100
2023-09-22,172.33907993619778,174.71692282922322,171.72735846610487,172.4574737548828,56725400
2023-09-25,171.8753837600089,174.60842368932387,171.82604797435675,173.7303009033203,46172700
2023-09-26,172.4871029695211,172.8620217812148,169.3692683155077,169.66526794433594,64588900
2023-09-27,170.31643241476104,170.730825832551,166.79408083596385,168.15565490722656,66921800
2023-09-28,167.0801950701548,169.73430008001054,165.38314684947002,168.4121856689453,56294400
2023-09-29,169.7244661753788,170.76045735672912,168.06687727418498,168.92527770996094,51861100
2023-10-02,168.9351141150612,171.97401410977108,168.64897565996583,171.4313507080078,52164500
2023-10-03,169.96127983577614,171.31300817848214,168.54050848834052,170.0994110107422,49594600
2023-10-04,168.80687858022958,171.88525384459265,168.68848474300435,171.34259033203125,53020300
2023-10-05,171.47084810780015,173.10869980697885,170.3756599300563,172.57591247558594,48527900
2023-10-06,171.48071432556827,175.61480292776608,170.8689777300858,175.12147521972656,57266700
2023-10-09,174.45055415802327,176.66066786762835,173.45403753652568,176.60147094726562,42390800
2023-10-10,175.72333700059065,177.32171396949087,175.57532965392068,176.00946044921875,43698000
2023-10-11,175.82198018511957,177.4499705441094,175.22999600880442,177.400634765625,47551100
2023-10-12,177.6670488234186,179.90674578858014,176.6507798893927,178.2985076904297,56743100
2023-10-13,178.99902980590412,179.5022186651883,175.76280113660414,176.4633331298828,51427100
2023-10-16,174.3913552582801,176.6902643223361,174.15455252434904,176.33506774902344,52517000
2023-10-17,174.29266779074965,176.03905203817294,172.467364361049,174.78599548339844,57549400
2023-10-18,173.23694427289632,175.21025492862336,172.77321506438722,173.49346923828125,54764400
2023-10-19,173.69082297603654,175.466805839834,172.85217485644313,173.1185760498047,59302900
2023-10-20,172.970532603774,173.07906528544774,170.33616484514565,170.57296752929688,64244000
2023-10-23,168.62926966195786,171.68789221712717,167.66233657820504,170.69137573242188,55980100
2023-10-24,170.74072378645857,171.35244533043914,169.16206908920728,171.12551879882812,43816600
2023-10-25,169.58633193718455,170.75057806188605,168.3727349771656,168.81674194335938,57157000
2023-10-26,168.0964746462511,169.0930062294273,163.459197305812,164.6629180908203,70625300
2023-10-27,164.68264263448572,166.70528904611524,164.60370840247674,165.97515869140625,58499100
2023-10-30,166.76447575317525,168.88577853365425,166.61646843152695,168.01751708984375,51131000
2023-10-31,167.09008588386948,168.61938959873203,165.6594236135805,168.4911346435547,44846000
2023-11-01,168.71805482147735,171.9049471971035,167.84979334743332,171.64842224121094,56934900
2023-11-02,173.17776232760195,175.40759814141026,173.118565411641,175.20040893554688,77334800
2023-11-03,171.91483559510309,174.46040823420765,171.03671292563865,174.29266357421875,79829200
2023-11-06,174.02629776104038,177.035584920202,173.85856813665714,176.8382568359375,63841300
2023-11-07,176.7889073081916,180.00541354681909,176.58171810512866,179.39369201660156,70530000
2023-11-08,179.91661457451394,181.00192645947115,179.16674685036813,180.44940185546875,49340300
2023-11-09,180.51847829944086,181.6629871195562,179.3838155582821,179.97581481933594,53763500
2023-11-10,181.75416743266703,184.3228576622084,181.31946461766734,184.15489196777344,66133400
2023-11-13,183.58181505403093,183.7892771730148,181.9912068168311,182.5740966796875,43627500
2023-11-14,185.43920547847273,185.8442707665973,184.05607409829287,185.18234252929688,60108400
2023-11-15,185.5873915048758,187.21751156501972,185.5182274044454,185.74545288085938,53790500
2023-11-16,187.286705162902,188.65996251273407,186.37777296409004,187.42501831054688,54412900
2023-11-17,187.95848017105547,188.08691917335904,186.29872264128753,187.4052276611328,50922700
2023-11-20,187.60281994734135,189.598493753426,187.59294582194016,189.14402770996094,46505100
2023-11-21,189.10454089065857,189.21321658430173,187.454657232623,188.34381103515625,38134500
2023-11-22,189.18356183514956,190.60620477415247,188.53150773289747,189.00572204589844,39617700
2023-11-24,188.57100791556658,188.60064536615056,186.970525284031,187.68185424804688,24048300
2023-11-27,187.63248260157215,188.37344913120532,186.62476390027032,187.50404357910156,40552600
2023-11-28,187.49414676130317,188.77849160556613,187.11871894105684,188.10667419433594,38415400
2023-11-29,188.6006511365786,189.77632029571453,186.69390474066958,187.08908081054688,43014200
2023-11-30,187.55341843722022,188.02764780463457,185.92329832735996,187.66209411621094,48794400
2023-12-01,188.0375263099119,189.25270705783993,186.95076949469112,188.9365692138672,45704800
2023-12-04,187.69172432124148,187.7608884211111,185.19219887595256,187.14834594726562,43389500
2023-12-05,187.91898862751913,192.05850876803487,187.88933609882633,191.09031677246094,66628400
2023-12-06,192.1079050949125,192.41416882595195,189.79609331061306,190.00357055664062,41089700
2023-12-07,191.29779342674496,192.65128739108172,191.25826677194576,191.93008422851562,47477700
2023-12-08,191.86091528323507,193.629363703371,191.33730018286,193.3527374267578,53406400
2023-12-11,190.78403090604945,191.15945870925907,189.11438419177532,190.85317993164062,60943700
2023-12-12,190.75441983366463,192.37466599656702,189.41079996137955,192.3647918701172,52696900
2023-12-13,192.74019585543422,195.6151493963814,192.50309623143957,195.5756378173828,70404200
2023-12-14,195.63490356313392,197.21562292408947,193.79730618821,195.72381591796875,66831600
2023-12-15,195.1507962246044,196.01031245444227,194.62718115642724,195.19032287597656,128538400
2023-12-18,193.72813612536964,194.26164038796966,192.0486152607036,193.53054809570312,55751900
2023-12-19,193.79729775296602,194.57777573643529,193.5305456250714,194.56790161132812,40714100
2023-12-20,194.5283508193705,195.29895458209847,192.48329162597656,192.48329162597656,52242800
2023-12-21,193.73802319308166,194.70621508029078,191.16933361068988,192.33511352539062,46482500
2023-12-22,192.82909873139974,193.0563392932213,190.64572606781581,191.2681427001953,37149600
2023-12-26,191.2779991818499,191.55462542072405,190.50739536284337,190.72474670410156,28919300
2023-12-27,190.1715235726757,191.16935301152336,188.7883770898652,190.8235626220703,48087700
2023-12-28,191.80163510638113,192.31537606668746,190.84331729052167,191.24838256835938,34049900
2023-12-29,191.56452296375952,192.0585006042798,189.4206618129017,190.21102905273438,42672100
2024-01-02,184.895844683247,186.17031557472808,181.67511554799748,183.40403747558594,82488700
2024-01-03,182.0011090098209,183.64111826756874,181.22061595613366,182.03074645996094,58414500
2024-01-04,179.95603270422265,180.88471299934187,178.70134046081682,179.71893310546875,71983600
2024-01-05,179.79795220853848,180.55866677363844,177.9998667092149,178.99769592285156,62379700
2024-01-08,179.89676064456035,183.36449308108033,179.3138706884217,183.32496643066406,59144500
2024-01-09,181.7047124117811,182.91989304556353,180.52904335165846,182.91001892089844,42841800
2024-01-10,182.12956878813148,184.15486512874935,181.7047401626592,183.94740295410156,46792900
2024-01-11,184.2931840827093,184.7970509584636,181.40835627398752,183.35462951660156,49128400
2024-01-12,183.81894667336306,184.49076406507768,182.95943045197853,183.68063354492188,40477800
2024-01-16,179.96593271976667,182.04062970854807,178.7507369031224,181.41822814941406,65603000
2024-01-17,179.08665457169852,180.72664884969066,178.12833676151584,180.4796600341797,47317400
2024-01-18,183.8485869578717,186.86185345428623,183.59172402252184,186.35800170898438,78005800
2024-01-19,187.0495648712278,189.63800274105876,186.5457131326349,189.25270080566406,68903000
2024-01-22,189.98379650311966,192.97729968749402,189.94426985134535,191.5546417236328,60133900
2024-01-23,192.67104017695664,193.39224330006388,191.49537099853464,192.8291015625,42355600
2024-01-24,193.06620457832125,194.0146482092326,191.999211146671,192.15728759765625,53631300
2024-01-25,192.8685936512607,193.9059495095527,190.78400781078767,191.83123779296875,54822100
2024-01-26,191.93007928184088,192.41416772814074,189.6281416366758,190.10235595703125,44594000
2024-01-29,189.6972652775173,189.8849791703456,187.2965414692382,189.42063903808594,47145600
2024-01-30,188.6401800108733,189.4898221386195,185.21197404804863,185.7751007080078,55859400
2024-01-31,184.78712556686926,184.84641553917146,182.129538862794,182.17892456054688,55467800
2024-02-01,181.77390231724044,184.69824158324056,181.6059517240919,184.6093292236328,64885400
2024-02-02,177.6936236133024,185.07365019396582,177.09097033579843,183.61148071289062,102551700
2024-02-05,185.88375846902116,186.97051518171523,183.60158444736317,185.41941833496094,69668800
2024-02-06,184.6093298683978,187.02981736340615,184.5204175084795,187.0199432373047,43490800
2024-02-07,188.3437817688575,188.74884702540382,186.33823388644547,187.12860107421875,53439000
2024-02-08,187.1088621926835,187.25704946443747,185.0934399218184,186.0517578125,40962000
2024-02-09,186.61557552858977,187.94113632063826,185.97259122428568,186.8134307861328,45155200
2024-02-12,186.3880527684402,186.63535673641036,184.77562606711913,185.13174438476562,41781900
2024-02-13,183.76663306878044,184.20189045877694,181.53099558275042,183.04449462890625,56529500
2024-02-14,183.32148884677065,183.52921572281525,180.4725423642709,182.16409301757812,54630500
2024-02-15,181.57060374922136,182.50046922442786,179.39433152096026,181.87725830078125,65434500
2024-02-16,181.44199396902647,182.8565806751117,179.71086599707365,180.34396362304688,49752500
2024-02-20,179.82956623009554,180.46266385305907,178.0588762686663,179.60205078125,53665600
2024-02-21,179.9779444437335,180.91769653606136,178.71174929095213,180.35385131835938,41371400
2024-02-22,181.50131240098546,182.9653626660908,180.4923231436991,182.3817138671875,52292200
2024-02-23,183.01481932952075,183.04449459753943,180.26480046872615,180.5516815185547,45119700
2024-02-26,180.2746995194681,180.78908088671756,178.70183486744935,179.2063446044922,40867400
2024-02-27,179.1470080612827,181.93658908973126,177.62360710096542,180.66050720214844,54318900
2024-02-28,180.54180381169616,181.145226165725,178.18748003378263,179.46356201171875,48953900
2024-02-29,179.31516246277232,180.6011460945577,177.59392143922238,178.80076599121094,136682600
2024-03-01,177.6137198257161,178.5831471920378,175.46712311031385,177.7225341796875,73563100
2024-03-04,174.25036500096815,174.9922768844708,171.91581500377694,173.21170043945312,81510100
2024-03-05,168.9184826327907,170.18467763470022,167.7907772375202,168.28538513183594,95132400
2024-03-06,169.21526961759642,169.39333632878757,166.86093094295472,167.2961883544922,68587700
2024-03-07,167.32586658446218,168.88882954707424,166.67299554984157,167.177490234375,71765100
2024-03-08,167.17750030588184,171.82681238429842,167.11814976227143,168.8888397216797,76267000
2024-03-11,171.07502316349817,172.49949666610803,170.19462149789052,170.88706970214844,60139500
2024-03-12,171.28270784938988,172.15322257397557,169.16578666443067,171.36184692382812,59825400
2024-03-13,170.90684419661972,171.3223130850131,168.91851047344855,169.28453063964844,52488700
2024-03-14,171.0453430786352,172.43023944819464,170.19461671040915,171.13436889648438,72913500
2024-03-15,169.32407812222547,170.75843811035156,168.4535633292171,170.75843811035156,121752700
2024-03-18,173.67664359575858,175.79356502758816,171.64874797271588,171.84658813476562,75604200
2024-03-19,172.45989598897214,174.70542030322298,171.16402557801365,174.18113708496094,55215200
2024-03-20,173.82502584048726,176.7432098388672,173.2018149693641,176.7432098388672,53423100
2024-03-21,175.14069690243886,175.57595436020992,168.9976588629672,169.52194213867188,106181300
2024-03-22,169.90772263085663,171.18381963278856,168.22605856941686,170.422119140625,71160100
2024-03-25,168.73054337127422,170.0857641639875,167.62261143010488,169.0075225830078,54288300
2024-03-26,168.16671829054096,169.57140318495337,167.75124938607289,167.87985229492188,57388400
2024-03-27,168.57227437363676,171.72787530814264,168.27550660374618,171.4409942626953,60273300
2024-03-28,169.8978451053126,170.37266455083602,168.67121185228598,169.63075256347656,65672700
2024-04-01,169.3438900607447,169.40324060587884,167.6523240532299,168.19639587402344,46240500
2024-04-02,167.25662806803024,167.51381877100314,166.41578850586058,167.0192108154297,49329500
2024-04-03,166.96973884210524,168.83935621904524,166.76201196368757,167.82046508789062,47691700
2024-04-04,168.45358430225178,170.0660111961713,166.99945068359375,166.99945068359375,53704400
2024-04-05,167.76113794678497,168.55251376624304,167.12804031006615,167.75125122070312,42104800
2024-04-08,167.20713928809243,167.37530415657045,166.4256654764317,166.63339233398438,37425500
2024-04-09,166.8807454739117,168.24586846008486,166.53452891117558,167.8402862548828,42373800
2024-04-10,166.97964653177021,167.2665125006067,165.30786924976792,165.97064208984375,49709300
2024-04-11,166.52458559261675,173.56781241373886,166.34653399230652,173.15232849121094,91070300
2024-04-12,172.3807444342083,176.43653535919364,172.33129571828837,174.64605712890625,101670900
2024-04-15,173.46890241983837,174.72521085075485,170.63974431610336,170.82769775390625,73531800
2024-04-16,169.89781183493915,171.88613013777277,166.45534511410173,167.55337524414062,73711200
2024-04-17,167.780901063059,168.80967890645843,166.18826293945312,166.18826293945312,50901200
2024-04-18,166.21797681465168,166.82139922758353,164.75394124175978,165.2386474609375,43122900
2024-04-19,164.41756936525925,164.60550769336635,162.31053482208006,163.22061157226562,68149400
2024-04-22,163.73501821268977,165.45624419964858,162.99310629576294,164.0515594482422,48116400
2024-04-23,163.56685559955991,165.24851961582092,163.14148491226467,165.10012817382812,49537800
2024-04-24,164.74398443726423,167.47422956879615,164.41755652254446,167.19725036621094,48251800
2024-04-25,167.70175828470067,168.77011319134087,166.33663561051003,168.05787658691406,50558300
2024-04-26,168.04800546826704,169.49225225997063,167.35554224826544,167.47425842285156,44838400
2024-04-29,171.5003643815301,174.13168243053624,171.2332869429431,171.62896728515625,68169400
2024-04-30,171.46079655206535,173.10289859543835,168.1667057400835,168.49314880371094,65934800
2024-05-01,167.75123767315736,170.84748833564953,167.28630498280754,167.47425842285156,50383100
2024-05-02,170.64963546996492,171.54982559320527,169.04711048582428,171.16403198242188,94214900
2024-05-03,184.637145231003,184.98337684032407,180.69018337477516,181.4024200439453,163224100
2024-05-06,180.38352481626606,182.21356516877455,178.47433028646978,179.75042724609375,78569700
2024-05-07,181.4716631656838,182.90602327557747,179.36464345444207,180.4329833984375,77305800
2024-05-08,180.87814724687024,181.09577596912635,179.49323582394607,180.7693328857422,45057100
2024-05-09,180.59124108896245,182.6686003878229,180.14609698041687,182.57957458496094,48983000
2024-05-10,183.15410154420678,183.34230991411323,180.4102677646858,181.3215789794922,50759500
2024-05-13,183.68900761377958,185.3333368917867,182.87674310968822,184.5210723876953,72044800
2024-05-14,185.73944844741243,186.52199740854093,184.53096697721375,185.6602020263672,52393600
2024-05-15,186.13571225801192,188.8498308462509,185.60080260352015,187.92861938476562,70400000
2024-05-16,188.67151097089564,189.29556710780693,187.86916171755817,188.04745483398438,52845200
2024-05-17,187.72057759120682,189.00830557822601,187.39369174809892,188.07717895507812,41282900
2024-05-20,187.54226949481966,190.10781001398533,187.22528381236822,189.23611450195312,44361300
2024-05-21,189.28565540299905,190.91016932460286,189.11726241831752,190.5337677001953,42309400
2024-05-22,190.45450146899057,190.999311136132,188.47338639917342,189.09742736816406,34648500
2024-05-23,189.1766947549615,189.19651013997458,184.86777806929078,185.11541748046875,51005900
2024-05-24,187.0370913918068,188.7804673088457,186.26444256610336,188.18612670898438,36327000
2024-05-28,189.70168159973719,191.1776178733189,187.31444925751387,188.196044921875,52280100
2024-05-29,187.8196530916493,190.43472491238563,187.7205912720781,188.49322509765625,53068000
2024-05-30,188.95880074048753,190.36539100461115,188.8300385043191,189.48379516601562,49889100
2024-05-31,189.63232797686064,190.75166277533643,188.1167762289514,190.43467712402344,75158300
2024-06-03,191.07855630297723,193.14883318833753,190.7021546904014,192.19789123535156,50080500
2024-06-04,192.80211709386347,193.47570407411885,191.207318865485,192.51486206054688,47471400
2024-06-05,193.5549597642067,195.04079624688396,193.02996541617088,194.02052307128906,54156800
2024-06-06,193.8422276391208,194.64457691185422,192.33657578915964,192.64364624023438,41181800
2024-06-07,192.81202934049514,195.08041469163098,192.30685040959915,195.0308837890625,53103900
2024-06-10,195.04080033594326,195.43703247512377,190.33565137548777,191.29649353027344,97010200
2024-06-11,191.82148694435384,205.2039307530545,191.80168667352532,205.1940155029297,172373300
2024-06-12,205.41194501546696,218.12080209568063,204.94638168818946,211.05813598632812,198134300
2024-06-13,212.71235034689784,214.70336573665497,209.60200000148347,212.21707153320312,97862700
2024-06-14,211.8307404302917,213.13826855094433,209.30481562722255,210.48358154296875,70122700
2024-06-17,211.35530191551948,216.88261596473237,210.71144542501693,214.6241455078125,93728300
2024-06-18,215.53544497511416,216.56563344094587,210.9887887879192,212.2666015625,79943300
2024-06-20,211.91000456307782,212.21709015086526,206.8779846754286,207.70013427734375,86172500
2024-06-21,208.40343403997312,209.8892705909824,205.15440599094305,205.53082275390625,241805100
2024-06-24,205.75863496180304,210.69160779538842,204.63929998769706,206.17466735839844,80727000
2024-06-25,207.17514806736853,209.3841027399326,206.64025353103247,207.09591674804688,55549700
2024-06-26,209.5029135164035,212.8311873569971,208.65103345259956,211.23638916015625,66213200
2024-06-27,212.6628097453943,213.70289822966825,210.3449086305272,212.07838439941406,49772700
2024-06-28,213.7326216506115,214.0297919592074,208.31427026634478,208.63124084472656,82542700
2024-07-01,210.08735196554287,215.45617219578955,209.91895899194967,214.70335388183594,60402900
2024-07-02,214.10903193760322,218.29910171758146,213.068958487467,218.1901397705078,58046200
2024-07-03,217.92267103394255,219.45803833007812,216.96182895702523,219.45803833007812,37369800
2024-07-05,219.55710192478037,224.3117817727132,219.55710192478037,224.20281982421875,60412400
2024-07-08,224.94572057418634,225.69855401964364,221.14198303770854,225.66883850097656,59085900
2024-07-09,225.77778797195694,227.23390886254342,224.23252052432466,226.5207061767578,48076100
2024-07-10,227.1348758928893,230.87918266211804,227.08534498663496,230.78012084960938,62627700
2024-07-11,229.2051258414663,230.19568345608255,223.63819688403007,225.42120361328125,64710600
2024-07-12,226.7584454352943,230.44332094014862,226.5207061684713,228.36314392089844,53046500
2024-07-15,234.2470836578572,234.99000194235262,230.88909361652622,232.1867218017578,62631300
2024-07-16,232.781045805997,234.03905824310993,230.1362587163494,232.60275268554688,43234300
2024-07-17,227.28348215160557,229.2745129851908,224.50001717688707,226.7188720703125,57345900
2024-07-18,228.10560948409145,228.26410233218343,220.17124832102243,222.06320190429688,66034600
2024-07-19,222.6971954569991,224.65849552449666,221.1717280930588,222.19200134277344,49151500
2024-07-22,224.86651071890955,225.6292444230493,220.98352612966187,221.84532165527344,48201800
2024-07-23,222.2514348874799,224.7971755297642,220.577389891536,222.88539123535156,39960300
2024-07-24,221.88492258576645,222.67737176080064,215.07979609138368,216.47647094726562,61777600
2024-07-25,216.86277641061952,218.76466037633443,212.59347540961954,215.43638610839844,51391200
2024-07-26,216.6349499920164,217.41749898154802,213.9703475571551,215.90194702148438,41601300
2024-07-29,214.91139345300462,217.22929471632008,213.71281205128278,216.17930603027344,36311800
2024-07-30,217.1203409396055,218.24957609355639,214.07932159795172,216.73402404785156,41643800
2024-07-31,219.34909118598728,221.70662325926872,218.54674189777583,219.98304748535156,50036300
2024-08-01,222.25141811315143,222.36038006072013,214.97082835556836,216.2981719970703,62501000
2024-08-02,217.0807092384795,223.46981835778237,215.6543188775265,217.7840118408203,105568600
2024-08-05,197.21010696314244,211.484045462397,194.14928763761037,207.2939910888672,119548600
2024-08-06,203.36150053141452,208.00721860156926,199.17144565753833,205.2732696533203,69660500
2024-08-07,204.94634956752103,211.62271284755147,204.4411706619682,207.8387908935547,63516400
2024-08-08,211.09777464045422,212.17747902145913,206.85818843996717,211.29588317871094,47161100
2024-08-09,210.09730322074367,214.73310620037486,209.9685258775167,214.19821166992188,42201600
2024-08-12,214.27753840147545,217.68898821235913,213.81143620679725,215.7254180908203,38028100
2024-08-13,217.19314118814535,220.04925425523973,217.19314118814535,219.4344024658203,44155300
2024-08-14,218.7402072098891,221.17979111862692,217.8774142480331,219.8806610107422,41960600
2024-08-15,222.7367590108339,223.48053712623224,220.9120118672479,222.8557586669922,46414000
2024-08-16,222.06239369045758,224.94825642777528,221.79462933024135,224.1747283935547,44340200
2024-08-19,223.84746435464618,224.11522871504155,221.18968933533225,224.01605224609375,40687800
2024-08-20,223.8970537532744,225.28543353253482,223.57970115675508,224.6309051513672,30299000
2024-08-21,224.64083485973637,226.08871448701353,223.1830285060583,224.52182006835938,34765500
2024-08-22,225.90030886909642,226.44574924370923,222.04257986640772,222.6673583984375,43695300
2024-08-23,223.78797197411373,226.32673228874265,222.46900358067504,224.9581756591797,38677300
2024-08-26,224.87883517993083,225.39452559231563,222.0326490158817,225.29534912109375,30602200
2024-08-27,224.1251624880706,226.95152567852384,223.02437015551794,226.13832092285156,35934600
2024-08-28,226.02921369079436,227.95312221094204,223.80779089178384,224.611083984375,38052200
2024-08-29,228.1911537968638,230.98775191089825,226.9812734022471,227.8837127685547,51906300
2024-08-30,228.28038060324323,228.4886300006117,225.59285569982603,227.10025024414062,52990800
2024-09-03,226.65398476754012,227.10024860517055,219.33520335446548,220.92193603515625,50190600
2024-09-04,219.82114598403248,219.94014563997789,215.67581475954933,219.0178680419922,43840200
2024-09-05,219.79142381839864,223.60947620664672,219.68233574260833,220.5352020263672,36615400
2024-09-06,222.09215251756703,223.37145940933704,217.94683622588397,218.98812866210938,48423000
2024-09-09,218.9881580786729,219.43442200208585,214.91225266471454,219.07740783691406,67180000
2024-09-10,217.1038662465979,219.6426263973432,214.93203178151688,218.28399658203125,51591000
2024-09-11,219.62280899168329,221.23927647566495,216.0824178921796,220.81285095214844,44587100
2024-09-12,220.65417167969628,221.69546405563682,217.99641184157417,220.92193603515625,37455600
2024-09-13,221.72521710949164,222.18139254741286,220.06907298412548,220.6541748046875,36766600
2024-09-16,214.7436126542421,215.41797935337752,212.14535259122513,214.52545166015625,59357400
2024-09-17,213.96019610771708,215.10064996456288,212.72056577105593,214.99156188964844,45519300
2024-09-18,215.7452565018275,220.86245391858552,215.7353297749969,218.8592071533203,59894900
2024-09-19,223.12352684243388,227.91345980340301,222.7665127356472,226.97132873535156,66781300
2024-09-20,228.0622053540531,231.1563174701668,225.73169454082358,226.306884765625,318679900
2024-09-23,225.4540253555904,227.54652178723228,223.9367191660146,224.59124755859375,54146000
2024-09-24,226.75314473243895,227.44734973367454,223.85737047004787,225.4837646484375,43556100
2024-09-25,223.0639938591287,225.40441611848388,222.16155463706056,224.49205017089844,42308700
2024-09-26,225.41436171300208,226.60440369502516,223.54004142995942,225.63253784179688,36636700
2024-09-27,226.56475422029098,227.6159582791164,225.41437368594384,225.90029907226562,34026000
2024-09-30,228.1316114938428,231.0670623779297,227.7448474882838,231.0670623779297,54541900
2024-10-01,227.615942887257,227.74485413807125,221.88389405688537,224.33340454101562,63285000
2024-10-02,224.0160654907427,225.48378349827837,221.16987922367838,224.898681640625,32880600
2024-10-03,223.2722496256019,224.92839357630763,221.4673561200016,223.7978515625,34044200
2024-10-04,226.00936828631617,226.1085447535635,222.27065455992025,224.9185028076172,37245100
2024-10-07,222.63759275105315,223.81772316941647,219.49389225502094,219.8509063720703,39505400
2024-10-08,222.43925780658088,224.10531361949606,221.3979653574062,223.89706420898438,31855700
2024-10-09,223.36154504729694,227.84405251552317,222.96486939830248,227.6357879638672,33591100
2024-10-10,225.89039642732237,227.59612897487835,225.28545621996582,227.1399383544922,28183500
2024-10-11,227.39775944467098,227.50684750397573,225.45401269675094,225.6622772216797,31759200
2024-10-14,226.80272780199272,229.80759005626183,226.703566469934,229.38116455078125,39882100
2024-10-15,231.672004479983,235.51982138099225,230.44228590022638,231.91001892089844,64751400
2024-10-16,229.67869350471682,230.19436878170097,227.93328446814013,229.85719299316406,34082200
2024-10-17,231.49350124327563,231.91003031839952,228.60765355789445,230.22412109375,32993800
2024-10-18,234.22066437649204,234.22066437649204,232.0686683201459,233.0504608154297,46431500
2024-10-21,232.5050605584077,234.8851598599691,232.5050605584077,234.51821899414062,36254500
2024-10-22,231.94970749678197,234.2603802258017,230.67041566655348,233.9033660888672,38846600
2024-10-23,232.1381071008503,233.18931106897517,225.87052966736016,228.84564208984375,52287000
2024-10-24,228.0721096303277,228.9051525928802,226.5151420282862,228.6572265625,31109500
2024-10-25,227.83413589840254,231.28526239164006,227.6655479946858,229.4902801513672,38802300
2024-10-28,231.38443735420992,232.78272881287972,230.62082086290692,231.46376037597656,36087100
2024-10-29,231.16627329542206,232.38606532055925,230.39274516902225,231.73153686523438,35417200
2024-10-30,230.68031899274527,231.53318522639518,227.64570650368097,228.19114685058594,47070900
2024-10-31,227.43745763164222,227.92339818004348,223.50039040024254,224.03591918945312,64370100
2024-11-01,219.13688241025088,223.4805517303345,218.44269248362247,221.060791015625,65276700
2024-11-04,219.15671602208408,220.94177147156717,217.88733586004025,220.16824340820312,44944500
2024-11-05,219.9599772111233,222.0921350198155,219.30544885909725,221.59628295898438,28111300
2024-11-06,220.76327216240406,224.19457534628128,219.35505401685137,220.8723602294922,54561100
2024-11-07,222.7665171269793,225.9895557457087,222.7070172967094,225.59286499023438,42137700
2024-11-08,225.53329235935942,227.01256271730918,224.77877343219782,225.32481384277344,38328800
2024-11-11,223.3789433198207,224.07389700260043,219.90415975706793,222.61448669433594,42005600
2024-11-12,222.93218846295187,223.96468891324545,221.75075962779928,222.61448669433594,40398300
2024-11-13,222.39604361529624,225.01702229393592,221.15504963584843,223.498046875,48566200
2024-11-14,223.3987876531247,227.2210402122622,223.3789275067786,226.5757293701172,44923900
2024-11-15,224.76884409236825,225.28510187679902,222.65420045885568,223.37893676757812,47923700
2024-11-18,223.62711979019133,228.08477571151616,223.54769435597734,226.37716674804688,44633700
2024-11-19,225.34466282087314,228.50175961033486,225.02697621656037,226.6352996826172,36211800
2024-11-20,226.41689814964724,228.27342054954684,224.26253412411586,227.35012817382812,35169600
2024-11-21,227.230987838277,228.50176458087773,224.0838286281757,226.8735809326172,42108300
2024-11-22,226.41689485035167,229.05773399756174,226.41689485035167,228.21385192871094,38168300
2024-11-25,229.79240040372403,231.5694972757357,228.08479132337303,231.19223022460938,90152800
2024-11-26,231.6489234928732,233.87279036398945,231.6489234928732,233.366455078125,45986200
2024-11-27,232.78071887838198,233.99193037541463,232.125470334311,233.23739624023438,33498400
2024-11-29,233.11825362062933,236.0966394139658,232.28430923421996,235.62010192871094,28481400
2024-12-02,235.5605381566453,239.0551666028684,235.45133007089746,237.8638153076172,48137100
2024-12-03,238.08224409194108,241.01098726633802,237.1787967118795,240.9017791748047,38861000
2024-12-04,241.12017980186528,242.35125137710352,239.51185632927692,241.25917053222656,44383900
2024-12-05,242.23213863223197,242.77816394602775,240.38553870781277,241.28897094726562,40033900
2024-12-06,241.1599112680226,242.86752040520184,240.33588934668637,241.0904083251953,36870600
2024-12-09,240.08769312504634,245.4587194212017,240.00826768189094,244.9722442626953,44649200
2024-12-10,245.11121388943334,246.4217108653419,243.57237825215392,245.98487854003906,36914800
2024-12-11,246.17350623578653,248.9930409884295,244.48574226451257,244.71409606933594,45205800
2024-12-12,245.11119434808586,246.94787143790313,243.90990554927507,246.17349243164062,32777500
2024-12-13,246.03453629863122,247.4939314395242,244.46591792091505,246.34230041503906,33155300
2024-12-16,246.20329464964811,249.56886987487528,245.86573275817128,249.23130798339844,51694800
2024-12-17,248.27824960945253,252.00123197197036,247.98040799068028,251.65374755859375,51356400
2024-12-18,250.34325221557475,252.44797328398425,245.95509905753715,246.2628631591797,56774100
2024-12-19,245.71683140567848,250.184410158509,245.3097817058068,247.99032592773438,60882300
2024-12-20,246.25295201238012,253.1628143156686,243.91989202858784,252.656494140625,147495300
2024-12-23,252.93446477293034,253.80811434244586,251.6239676953758,253.4308624267578,40858800
2024-12-24,253.64930053302467,256.34969006633503,253.4507293352449,256.33978271484375,23234700
2024-12-26,256.329771467171,258.2260137599804,255.77380863027113,257.1537780761719,27237100
2024-12-27,255.9724022209019,256.8361595932908,251.23677948504655,253.74855041503906,42355300
2024-12-30,250.4127477342041,251.67360197393796,248.9434149702759,250.38296508789062,35557500
2024-12-31,250.6212497119267,251.4551941340452,247.63292614272083,248.6157989501953,39480700
2025-01-02,247.1365264348607,247.3053149666319,240.07776640397734,242.0931396484375,55740700
2025-01-03,241.60667419433594,242.42075849453866,240.147263834766,241.60667419433594,40244100
2025-01-06,242.5498168429892,245.54806288478193,241.4478134561986,243.23484802246094,45045600
2025-01-07,241.22937670987722,243.78086767976055,239.6111308132576,240.46493530273438,40856000
2025-01-08,240.17702168463396,241.95413364050106,238.32049944087447,240.95140075683594,37628900
2025-01-10,238.28079154222544,238.4297199246896,231.32130202918376,235.14356994628906,61710900
2025-01-13,231.84750029737077,232.97928640713008,228.06495238182922,232.7112274169922,49630700
2025-01-14,233.05869925952226,234.41882398797216,230.79512716232853,231.5992889404297,39435300
2025-01-15,232.94947976770305,237.2383625727966,232.74098609709984,236.1562042236328,39832000
2025-01-16,235.6399687194268,236.29520209930612,226.3871093224655,226.61544799804688,71759100
2025-01-17,230.44764042021458,230.6164138035219,226.833866130533,228.32305908203125,68488300
2025-01-21,222.38613659782595,222.8031087860845,217.79942737812888,221.0359344482422,98070400
2025-01-22,218.2064751614249,222.5052806842356,218.2064751614249,222.21737670898438,64126500
2025-01-23,223.1208199792776,225.394314538592,220.69839703644928,222.04859924316406,60234800
2025-01-24,223.16050188156166,224.00438385368136,219.81478693461753,221.17491149902344,54697900
2025-01-27,222.40601266103107,230.47742834163907,222.36629236472388,228.2039337158203,94863400
2025-01-28,229.1868093297106,238.45951413038736,229.1470890329199,236.5434112548828,75707600
2025-01-29,232.43321505583046,238.1318651456976,232.3240069742682,237.63546752929688,45486100
2025-01-30,236.95045561956258,239.05517683623282,235.50098294542886,235.87823486328125,55658300
2025-01-31,245.40906406001392,245.40906406001392,231.75812916176676,234.2996826171875,100959800
2025-02-03,228.33299411580026,230.15973381299622,224.0738938399255,226.36724853515625,73063300
2025-02-04,225.61272492539547,231.45036595591674,225.01704170433482,231.12274169921875,45067300
2025-02-05,226.88350440739822,230.99367626573292,226.625383087866,230.7951202392578,39620300
2025-02-06,229.62360070928509,232.11552641696264,228.76979621063217,231.53970336914062,29925300
2025-02-07,230.9241838961893,232.31409120281862,225.62264568638093,225.989990234375,39707200
2025-02-10,228.16660736242451,229.1803610121675,225.81108525741098,226.25833129882812,33115600
2025-02-11,226.8049892187756,233.79201296403912,226.7354250213283,231.19796752929688,53718400
2025-02-12,229.78663009476247,235.51142789245534,229.26980470124647,235.42196655273438,45243300
2025-02-13,235.46174477414044,240.85854326211725,234.12993999243653,240.05349731445312,53614100
2025-02-14,239.77517912233392,244.04889519264196,239.51677402617887,243.10470581054688,40896200
2025-02-18,242.65747382373942,243.6811760890431,240.3615975750387,242.97552490234375,48822500
2025-02-19,243.16435439309654,244.50609250836237,241.6735241546838,243.37306213378906,32204200
2025-02-20,243.4426355672204,245.27138364211797,242.7966000469895,244.3271942138672,32316900
2025-02-21,244.44646835255205,247.16972378813352,243.72093519653038,244.04891967773438,53197400
2025-02-24,243.43269920852308,247.33868242018207,242.92582237394555,245.58944702148438,51326400
2025-02-25,246.48393846255715,248.47171215983582,243.41283173998391,245.52980041503906,48013300
2025-02-26,242.83635669602367,243.48237703128345,237.66814851741972,238.890625,44433600
2025-02-27,237.94645181292123,240.9778097055873,235.61081167459415,235.84934997558594,41153600
2025-02-28,235.5014815283524,240.61005923211764,228.7927454203557,240.36158752441406,56833400
2025-03-03,240.31188380351972,242.5381957053339,234.66661403302143,236.5748748779297,47184000
2025-03-04,236.25684921580154,238.60242278275774,233.24535811530478,234.4877166748047,53798100
2025-03-05,233.98083809185871,235.1039350742086,227.82867612475383,234.29888916015625,47227600
2025-03-06,233.00682927336524,236.4059203890797,231.73465535282332,233.89138793945312,45170400
2025-03-07,233.67272217403436,239.8944479764648,233.3248557337566,237.6085205078125,46273600
2025-03-10,234.10009611136832,234.71631625547707,222.84930513729455,226.08937072753906,72071200
2025-03-11,222.44182022291236,224.45940937640347,216.12069905845206,219.48997497558594,76137400
2025-03-12,218.79423505763873,220.39439337943787,213.59621144659917,215.65354919433594,62547500
2025-03-13,214.62986833256545,215.51442704761877,207.14590135231947,208.398193359375,61368300
2025-03-14,209.95860913307365,212.6421007492463,208.29881981801313,212.18492126464844,60107600
2025-03-17,212.00600336087763,213.9043309003415,208.68642489319868,212.69178771972656,48073400
2025-03-18,212.85080057479257,213.83473880015984,210.19712464056028,211.38978576660156,42432400
2025-03-19,212.91042558181826,217.42266485537363,212.44329758558237,213.9241943359375,54385400
2025-03-20,212.68182480821145,216.16042833043304,210.92264106634573,212.79115295410156,48862900
2025-03-21,210.26668206389348,217.50217651661012,209.98839498228966,216.9356689453125,94127800
2025-03-24,219.64899945464327,220.1260609084734,217.24379503613238,219.38064575195312,44299500
2025-03-25,219.42042332259138,222.73006864258363,218.73463890959596,222.3822021484375,34493600
2025-03-26,222.1436424317859,223.64442126802376,219.12223310716143,220.17575073242188,34466100
2025-03-27,220.03661426059983,223.61461307047793,219.21168633594712,222.48158264160156,37094800
2025-03-28,220.31488968867507,222.44180687800483,216.34927581514728,216.56793212890625,39818600
2025-03-31,215.6833836525119,224.24075018814546,214.90815310911736,220.7720947265625,65299300
2025-04-01,218.46624988397502,222.31258685550372,217.56180927777046,221.82559204101562,36412700
2025-04-02,219.9670353213626,223.8133724100327,219.66886624627372,222.5213165283203,35905900
2025-04-03,204.2835010267849,206.22159255986557,200.01973301812973,201.9478759765625,103419000
2025-04-04,192.70471987275084,198.65810753704542,186.19475800144227,187.22840881347656,125910900
2025-04-07,176.11674047268428,192.96311894309866,173.55251067175698,180.3507080078125,160466300
2025-04-08,185.55866963100107,189.17641711488596,168.175598539417,171.365966796875,120859500
2025-04-09,170.89883496621582,199.38363475051753,170.83920418374143,197.6343994140625,184395900
2025-04-10,187.9142126464653,193.58929863014055,181.88131158917142,189.25595092773438,121880000
2025-04-11,184.96233608452022,198.32016168749274,184.92257212057936,196.93865966796875,87435900
2025-04-14,210.14745189040866,211.63828226401768,199.93029560984905,201.281982421875,101352900
2025-04-15,200.6259945192588,202.26590170954893,198.57859009217825,200.90428161621094,51343900
2025-04-16,197.1473909296092,199.47308245703653,191.19400339685228,193.0823974609375,59732400
2025-04-17,195.9944894564487,197.61452992177487,193.2314851467638,195.7758331298828,52164700
2025-04-21,192.08849990403363,192.6152586778503,188.64964501381652,191.9791717529297,46742500
2025-04-22,194.92108593270402,200.3576482646354,194.77200897005906,198.5189666748047,52976400
2025-04-23,204.7406939661261,206.72846769395255,201.56025903470575,203.34925842285156,52929200
2025-04-24,203.63746952607698,207.55338601533765,201.69939326414854,207.09619140625,47311000
2025-04-25,205.10842646651815,208.46776890662989,204.9394675201618,208.00064086914062,38222300
2025-04-28,208.71623364812058,210.2070638884643,206.1917677806294,208.85537719726562,38743100
2025-04-29,207.4142395090872,210.94254069563792,207.09618845243054,209.91883850097656,36827600
2025-04-30,208.02050829648644,212.2743425468257,205.40658118436113,211.20094299316406,52286500
2025-05-01,207.80185982414434,213.2483553954001,207.62295230903422,212.0159454345703,57365700
2025-05-02,204.83013207172814,205.72463931330321,200.92416412992952,204.09466552734375,101010600
2025-05-05,201.85843431656065,202.8523212109494,196.99832800962005,197.67416381835938,69018500
2025-05-06,196.99832434112832,199.42339557924856,195.81559653234874,197.29647827148438,51216500
2025-05-07,197.9524097592469,198.22076341125427,192.06860238822404,195.05026245117188,68536700
2025-05-08,196.51128929096475,198.82704723676696,193.4898650803139,196.28269958496094,50478900
2025-05-09,197.78348851905432,199.3140676367793,196.33240700583877,197.3163604736328,36453900
2025-05-12,209.95526516858178,210.2538252478288,205.75556156059073,209.776123046875,63775800
2025-05-13,209.41787763911134,212.37359390520234,207.9947628663851,211.90585327148438,51909300
2025-05-14,211.40822571910564,212.9109724892217,209.56713314477625,211.3087158203125,49325800
2025-05-15,209.93535780893234,211.93569971673273,208.53213606160298,210.43295288085938,45029500
2025-05-16,211.33858120774948,211.54757782116647,208.7610423595207,210.24386596679688,54737900
2025-05-19,206.90999202317107,208.47243269467637,203.2775387890809,207.7758026123047,46140500
2025-05-20,206.67113760639387,207.46729276724128,204.04383620537516,205.8650360107422,42496600
2025-05-21,204.1831685508297,206.04416933851562,199.74462882701684,201.11798095703125,59211800
2025-05-22,199.7446272097534,201.77480849030061,198.7394754118135,200.39149475097656,46742400
2025-05-23,192.7384848883374,196.74910019358438,192.5295034494263,194.33079528808594,78432900
2025-05-27,197.34622283817185,199.77448939448533,196.4803970243206,199.24703979492188,56288500
2025-05-28,199.6251894151235,201.75489573800118,198.9385057789635,199.4560089111328,45339700
2025-05-29,202.60081106845576,202.8297005493605,197.55518975609246,198.98826599121094,51396800
2025-05-30,198.4110493394953,200.98860329086406,195.83351057352263,199.88394165039062,70819900
2025-06-02,199.31669015009302,201.15779807678393,199.15745607510846,200.7298583984375,35423300
2025-06-03,200.38156440883068,202.78992300957722,199.9934408158467,202.29232788085938,46381600
2025-06-04,201.93404589483336,205.24803106286797,201.12794426741362,201.844482421875,43604000
2025-06-05,202.521183994692,203.765171611367,199.1872911078447,199.6649932861328,55126100
2025-06-06,202.0236053289331,204.7106157617459,201.07817770068002,202.93917846679688,46607700
2025-06-09,203.4069099948636,205.0091667110405,199.05793398755327,200.48104858398438,72862600
2025-06-10,199.63513956616538,203.36710243054736,199.60528507808198,201.69517517089844,54672600
2025-06-11,202.5212126953003,203.51640292967522,197.45569804682734,197.82391357421875,60989900
2025-06-12,198.12246436103902,198.71956936233477,196.4107360236097,198.24188232421875,43904600
2025-06-13,198.7693188209708,199.4062398916536,194.758703844025,195.50509643554688,51447300
2025-06-16,196.3510290449251,197.73434281232372,195.61458283187793,197.46563720703125,43020700
2025-06-17,196.25149936947125,197.4357781067605,194.27108064091922,194.69900512695312,38856200
2025-06-18,194.9975546383106,196.6197193940347,194.13174409281177,195.6344757080078,45394700
2025-06-20,197.28651411005004,200.72986375748766,195.9131467510872,200.03323364257812,96813500
2025-06-23,200.6601870689569,201.32696262150702,198.00303129313016,200.5308074951172,55814300
2025-06-24,201.61555699715424,202.4614746491071,199.23705328583006,199.33657836914062,54064000
2025-06-25,200.4810436177515,202.6903668657116,199.65503400834336,200.59051513671875,39525700
2025-06-26,200.461158146952,201.66534499125092,198.5006473897771,200.03323364257812,50799100
2025-06-27,200.91895566349635,202.24256049649406,199.03804672932017,200.11285400390625,73188600
2025-06-30,201.03836190454115,206.39248990855162,198.3015889216639,204.18316650390625,91912800
2025-07-01,205.6759567295316,209.17903048404247,205.14850713857425,206.8204345703125,78788900
2025-07-02,207.90519262679368,212.31387801499196,207.13889190503232,211.418212890625,67941800
2025-07-03,211.12958235725722,213.61755770997246,210.7912213537831,212.52285766601562,34955800
2025-07-07,211.65703516300363,215.18996325511674,207.79570768244494,208.94017028808594,50229000
2025-07-08,209.08945658408672,210.41304612040562,207.4473837253886,208.9998779296875,42848900
2025-07-09,208.52219391164948,210.31353924447487,206.22330706177223,210.12445068359375,48749400
2025-07-10,209.49748097232364,212.45319704499605,209.0197939340788,211.3883514404297,44443600
2025-07-11,209.55717440553374,211.10966844118758,208.85058279423234,210.1443328857422,39765800
2025-07-14,208.92027389637033,209.89557123752414,206.54176989733165,207.6165771484375,38840100
2025-07-15,208.21368905566166,210.87084499335577,207.9151289669034,208.10421752929688,42296300
2025-07-16,209.28849593835915,211.37838618562168,207.63647661047767,209.149169921875,47490500
2025-07-17,209.55721484346458,210.78129457926272,208.5819174807461,209.00985717773438,48068100
2025-07-18,209.85573909301036,210.77131219576944,208.69136845628208,210.16424560546875,48974600
2025-07-21,211.07984586548804,214.74213848423943,210.61210526026528,211.4580078125,51377400
2025-07-22,212.11484021935428,213.91613206526756,211.20921348603295,213.3687744140625,46404100
2025-07-23,213.96588230147148,214.11515474984876,211.38834345684663,213.11996459960938,46989300
2025-07-24,212.87118332406595,214.65258233290422,212.50296779967493,212.7318572998047,46022600
2025-07-25,213.66733592091674,214.20474714033003,212.37358560556336,212.85128784179688,40268800
2025-07-28,213.00053872316795,213.8166019050196,212.03520309848784,213.02044677734375,37858000
2025-07-29,213.14982178903043,213.7767964509494,209.80599741985404,210.2538299560547,51411700
2025-07-30,210.88077731884883,211.36842593737322,206.72088996610802,208.04449462890625,45512500
2025-07-31,207.48719786288635,208.83069544134486,206.16359315375274,206.57162475585938,80698400
2025-08-01,209.8557561748323,212.5527283441607,200.530828701964,201.40660095214844,104434500
2025-08-04,203.52634207300898,206.88014336875773,200.70995198839026,202.37193298339844,75109300
2025-08-05,202.42167200915333,204.35234334482283,201.18764593221573,201.94398498535156,44155100
2025-08-06,204.64094523363173,214.3440487139093,204.60112912578842,212.2242889404297,108483100
2025-08-07,217.82724748801394,219.78777350172422,215.53830686848738,218.97171020507812,90224800
2025-08-08,219.76784743364436,229.88892965735022,218.19544514014734,228.2468719482422,113854000
2025-08-11,227.08116933177635,228.71513292468896,223.9327956372812,226.34388732910156,61806100
2025-08-12,227.17081559543826,229.95055565919736,226.23428798669784,228.80477905273438,55626200
2025-08-13,230.21959074533873,234.13511970527446,229.5819315694875,232.4712677001953,69878500
2025-08-14,233.1985820425246,234.2546784716922,230.00040438081015,231.9232940673828,51916300
2025-08-15,233.1387895567921,233.417757832359,228.49593650929467,230.73765563964844,56038700
2025-08-18,230.8472385776313,232.26201052585682,229.26309412883964,230.04022216796875,37476200
2025-08-19,230.42880766374827,232.0129522601839,228.50591803460907,229.71145629882812,39402600
2025-08-20,229.13358225147155,229.6217843388592,224.93908515924198,225.17819213867188,42263900
2025-08-21,225.43723377620466,225.6863136691638,222.95639256938466,224.072265625,30621200
2025-08-22,225.33760837029214,228.2468598588307,224.58041092619504,226.9217529296875,42477800
2025-08-25,225.6464693442017,228.45609804536198,225.3973894325087,226.323974609375,30983100
2025-08-26,226.03501179732243,228.64537936019502,223.8630424721864,228.46603393554688,54575100
2025-08-27,227.7686378094015,230.05020313892598,227.41991984776428,229.6417236328125,31259500
2025-08-28,229.9704999102399,232.55096405412047,228.4959359400532,231.70408630371094,38074700
2025-08-29,231.65426265633033,232.52107103838586,230.51845893056873,231.28562927246094,39418400
2025-09-02,228.4062708029861,230.00038826150748,226.1346633063032,228.87454223632812,44075600
2025-09-03,236.33698891571112,237.9709525201245,233.49747185558658,237.59234619140625,66427800
2025-09-04,237.57241502764154,239.01707546456905,235.86871695735925,238.89752197265625,47549400
2025-09-05,239.1167027112504,240.43185187342493,237.61226559630578,238.80784606933594,54870400
2025-09-08,238.41928864081726,239.2661511981365,235.47017586985078,237.0045166015625,48999500
2025-09-09,236.12772846479334,237.90117601089239,232.5011259859287,233.48748779296875,66313900
2025-09-10,231.33547301291114,231.56462228661692,225.11843262708078,225.95533752441406,83440800
2025-09-11,226.04500979013486,229.60186307827533,225.81584532196928,229.18341064453125,50208600
2025-09-12,228.37638560886936,233.6469097348115,228.17712472443904,233.2085418701172,55824200
2025-09-15,236.1277410783948,237.31336381412066,234.16499028444412,235.82884216308594,42699500
2025-09-16,236.3070977333125,240.33223781067687,235.4502773909715,237.27352905273438,63421100
2025-09-17,238.09049720761,239.21634322602875,236.85505542454314,238.1104278564453,46508000
2025-09-18,239.08682096339746,240.31228984200703,235.77903252032195,237.0045166015625,44249600
2025-09-19,240.34217704154452,245.3935247988757,239.32594197772087,244.59646606445312,163741300
2025-09-22,247.38616206443075,255.69547916115815,247.2068166293636,255.13751220703125,105517400
2025-09-23,254.93825156077958,256.3928695916873,252.64671355307894,253.4935760498047,60275200
2025-09-24,254.2807025242173,254.79879299943292,250.11607847800005,251.38140869140625,42303700
2025-09-25,252.27808820484515,256.22352044118514,250.7836088309123,255.9246063232422,55202100
2025-09-26,253.16481067495934,256.6519291955366,252.84598111295833,254.51980590820312,46076300
2025-09-29,253.62310245626918,254.06148549110597,252.07880411177766,253.4935760498047,40127700
2025-09-30,253.92202035086734,254.97811672142575,252.17846100632588,253.69287109375,37704300
2025-10-01,254.10136246357334,257.8375764362911,253.99176669154556,254.50985717773438,48713900
2025-10-02,255.63563032858355,257.22974752480764,253.21458136967644,256.1836242675781,42630200
2025-10-03,253.73271197999827,258.2858846694617,253.01536064819075,257.07037353515625,49155600
2025-10-06,257.0404883747525,258.1165305885388,254.1113214696764,255.7452850341797,44664100
2025-10-07,255.86484387966763,256.45266881763376,254.48991791397023,255.53607177734375,31955800
2025-10-08,255.5758888188916,257.56852798749276,255.16739414069707,257.1102294921875,36496900
2025-10-09,256.8611554198282,257.0504585775582,252.2083446799687,253.1050262451172,38322000
2025-10-10,254.00171816056968,255.436420799504,243.10197943699816,244.3673095703125,61999100
2025-10-13,248.46219085423505,248.7710475029622,244.6562426215344,246.74851989746094,38142900
2025-10-14,245.69241642712313,247.93413549962378,243.79940008876653,246.8581085205078,35478000
2025-10-15,248.57178982967116,250.89321639065437,246.559219921403,248.42233276367188,33893600
2025-10-16,247.33635013275978,248.1234359576197,244.22783772705108,246.53929138183594,39777000
2025-10-17,247.10719170360767,252.44746537322095,246.35995200283696,251.36146545410156,49147000
2025-10-20,254.94822099113512,263.4069798400544,254.68918336894043,261.27484130859375,90483000
2025-10-21,260.91620875530236,264.3136625920602,260.86637452698056,261.80291748046875,46695900
2025-10-22,261.68336485657886,261.882640960004,254.48993535873984,257.49884033203125,45015300
2025-10-23,258.98332466328685,259.6608147081683,257.0604350924048,258.6246337890625,32754900
2025-10-24,260.2287163700197,263.15789839957887,258.22610426270086,261.85272216796875,38253700
2025-10-27,263.90517991319996,268.12956591820625,263.67601542509226,267.8207092285156,44888200
2025-10-28,268.000036838551,268.8967489277785,267.1631319065021,268.010009765625,41534800
2025-10-29,268.28892986747474,270.4110953948544,266.1269030442272,268.7073974609375,51086700
2025-10-30,270.98897852374654,273.131090148023,267.49191714200913,270.4011535644531,69886500
2025-10-31,275.9705701844509,276.29937269597025,268.16940070155243,269.37493896484375,86167100
2025-11-03,269.424736694289,269.8531467885877,265.2700709373508,268.05975341796875,50194600
2025-11-04,267.3424445625432,270.49081837885313,266.6350661079627,269.0461730957031,49274800
2025-11-05,267.6214146886098,270.7000692568828,265.94760492323326,269.14581298828125,43683100
2025-11-06,266.90407480138714,272.3937751745226,266.90407480138714,268.7771301269531,51204000
2025-11-07,268.8069946610708,271.28785094446636,265.78814772800683,267.4819030761719,48227400
2025-11-10,268.22988302493957,272.9869540449525,266.7339548671466,268.6986083984375,41312400
2025-11-11,269.07757258136417,275.16101963639426,269.0675899882029,274.5028076171875,46208300
2025-11-12,274.25347600982695,274.9815052844664,270.9624464716027,272.7276306152344,48398000
2025-11-13,273.36590026791555,275.9488963676571,271.3513946141157,272.2090759277344,49602800
2025-11-14,270.31417782757546,275.21085247368256,268.8681323529343,271.6705017089844,47431300
2025-11-17,268.09027174019775,269.7557213346742,265.00866346949266,266.73394775390625,45018300
2025-11-18,269.25711627506445,269.9751630894399,264.59980979362433,266.71405029296875,45677300
2025-11-19,264.80918960656476,271.47104873805114,264.77927226211665,267.8309631347656,40424500
2025-11-20,270.09480618650156,274.68232536305425,265.1981613886433,265.5272521972656,45823600
2025-11-21,265.2280517805383,272.5879921198442,264.9488130991126,270.75299072265625,59030800
2025-11-24,270.164627965921,276.24807542504453,270.164627965921,275.1710205078125,65585800
2025-11-25,274.52277261748515,279.6189174225992,274.50283786370125,276.2181701660156,46914200
2025-11-26,276.2081750495132,278.7712060098946,275.8790842359358,276.79656982421875,33431400
2025-11-28,276.50736791500816,278.242634823177,275.2407959413455,278.0930480957031,20135600
2025-12-01,277.2553332443013,282.65065109438723,275.3904143522869,282.3315124511719,46587700
2025-12-02,282.231773534172,286.619823290159,281.86278279875575,285.4131164550781,53669500
2025-12-03,285.4231155973949,287.8365294074879,282.5309633672564,283.378662109375,43538700
2025-12-04,283.3287830094401,283.95707766942763,277.83373081751637,279.9380187988281,43989100
2025-12-05,279.77848663840757,280.37686403379615,277.29522501275557,278.02325439453125,47265800
2025-12-08,277.374989388386,278.9108174051644,275.4003533668138,277.1356506347656,38211800
2025-12-09,277.40493251311347,279.2698514894354,276.16830825817004,276.4275817871094,32193300
2025-12-10,276.99605153243056,278.9906225605669,275.6896099437804,278.02325439453125,33038300
2025-12-11,278.34237127554803,278.8310314000742,273.0667227973629,277.2752685546875,33248000
2025-12-12,277.1456542987284,278.46207855775873,276.06859927253834,277.5246276855469,39532900
2025-12-15,279.3894873363706,279.3894873363706,272.0993337942639,273.3658752441406,50409100
2025-12-16,272.07941349564567,274.752131096348,271.0522107383373,273.8645324707031,37648600
2025-12-17,274.2634587890498,275.41033087528734,270.9026119684932,271.10205078125,50138700
2025-12-18,272.8672697170699,272.88723490520505,266.22537510199504,271.4511413574219,51630700
2025-12-19,271.4112306527045,273.8545921928022,269.1673383776201,272.9271240234375,144632000
2025-12-22,272.1192896847017,273.13654030849926,269.7756932559407,270.23443603515625,36571800
2025-12-23,270.1048034873943,271.7603010837797,268.8282792538215,271.62066650390625,29642000
2025-12-24,271.60070067851706,274.6823088952694,271.46109654935304,273.06671142578125,17910600
2025-12-26,273.4157529954652,274.6224597374741,272.11926379011726,272.6578063964844,21521800
2025-12-29,271.9497734782625,273.61522314661676,271.6107000753325,273.0168762207031,23715200
2025-12-30,272.06942798009953,273.3359694836473,271.54086793463244,272.33868408203125,22139600
2025-12-31,272.3187639976345,272.9370761103812,271.0123224859311,271.12200927734375,27293600
2026-01-02,271.52092924369913,277.0857683126949,268.2697691424855,270.2743225097656,37838100
2026-01-05,269.9053450243044,270.7729784841199,265.41756056202854,266.5345153808594,45647200
2026-01-06,266.27521573774703,266.82371056256306,261.40845786144683,261.6477966308594,52352100
2026-01-07,262.48552563718374,262.964203143993,259.1047135716701,259.623291015625,48309800
2026-01-08,256.3222864925608,258.58614386359903,255.00587765735156,258.3368225097656,50419300
2026-01-09,258.3767027680543,259.5036402038468,255.52448097015204,258.6659240722656,39997000
2026-01-12,258.45648066308013,260.5906555331263,256.1028713590674,259.54351806640625,45263800
2026-01-13,258.0176775418968,261.0992857475004,257.6885867541948,260.3413391113281,45730800
2026-01-14,258.78560808748875,261.10930037675524,256.0131555781144,259.25433349609375,40019400
2026-01-15,259.9424426175537,260.3313985459844,256.35220896361545,257.5090637207031,39388600
2026-01-16,257.1999111311508,258.1971965798445,254.23797213114116,254.8363494873047,72142800
2026-01-20,252.04394930256512,254.09835490933511,242.75922413209136,246.0303192138672,80267500
2026-01-21,248.02490552393743,250.8771427168815,244.51445623630568,246.97775268554688,54641700
2026-01-22,248.52352576906395,250.31864258405668,247.47637302553753,247.67584228515625,39708300
2026-01-23,246.6486524137701,248.7329754164565,244.01580413580567,247.36668395996094,41689000
2026-01-26,250.7973351598156,255.86354695988197,249.12190294519746,254.7166748046875,55969200
2026-01-27,258.4664593428383,261.23891141767155,257.50904348719195,257.5688781738281,49648300
2026-01-28,256.95060341967536,258.15731035497566,253.8191275531099,255.743896484375,41288000
2026-01-29,257.29964922744847,258.94516415300217,253.7193980705993,257.5788879394531,67253000
2026-01-30,254.47732177254832,261.1890484668085,251.49543285360957,258.775634765625,92443400
2026-02-02,259.3241487899344,269.7557466562268,258.50636737104884,269.2770690917969,73913400
2026-02-03,268.4692659190308,271.1419837262723,266.88355520832346,268.7485046386719,64394700
2026-02-04,271.55083028665655,278.19275421850585,271.55083028665655,275.7394104003906,90545700
2026-02-05,277.37501624935936,278.7412924914769,272.48832346973,275.1610412597656,52977400
2026-02-06,276.3677049075235,280.1474248180158,276.1782182606431,277.364990234375,50453400
2026-02-09,277.41494619870406,277.70443813431814,271.2160169672847,274.13079833984375,44623400
2026-02-10,274.40031021957236,274.87943562430115,272.4537718732244,273.19244384765625,34376900
2026-02-11,274.2106536370846,279.6808719096702,273.9610989943363,275.00921630859375,51931300
2026-02-12,275.0990585104662,275.22883180172755,259.71650632997444,261.2637634277344,81077200
2026-02-13,261.5432690161623,261.7628783299504,254.9949421084194,255.32435607910156,56290700
2026-02-17,257.5903108294174,265.8156532326085,255.08478749757862,263.4099426269531,58469100
2026-02-18,263.13045584681157,266.3447212846438,261.9825104325609,263.8791198730469,34203300
2026-02-19,262.13220471573277,264.00886051677537,259.5867290635135,260.11578369140625,30845300
2026-02-20,258.50868117461044,264.2783836675007,257.7001265171608,264.1086730957031,42070500
2026-02-23,263.0206001676805,268.95002088588865,262.91081074777924,265.705810546875,37308200
2026-02-24,267.38283777638213,274.4003442568012,267.233111068832,271.6552429199219,47014600
2026-02-25,271.29586819299504,274.45024283739696,270.567157599074,273.74151611328125,33714300
2026-02-26,274.4602128097023,275.61811956353745,270.31758130113775,272.4637756347656,32345100
2026-02-27,272.3240439665745,272.3240439665745,262.4217314181026,263.70941162109375,72366500
2026-03-02,261.94253069595567,266.05518620599753,259.73647625260065,264.2484130859375,41827900
2026-03-03,263.0106738027697,265.08695529305965,259.6666350681776,263.2801818847656,38568900
2026-03-04,264.17854815272653,265.67587606267574,260.95432154975975,262.0523376464844,39803100
2026-03-05,260.3254337562426,261.09405110124777,256.79173142961054,259.8263244628906,49658600
2026-03-06,258.16927189629365,258.3090066542827,253.916851068475,257.0013427734375,41120000
2026-03-09,255.2345148744848,260.68477987096253,253.22808575123491,259.41705322265625,38218500
2026-03-10,257.19102845716964,262.01244158439727,256.4922936817907,260.3653564453125,30590800
2026-03-11,260.624897946549,261.6630538494394,259.08763272962494,260.34539794921875,26218900
2026-03-12,258.1992408199258,258.48873275942157,253.7272102811576,255.3043975830078,40794000
2026-03-13,255.024890934378,255.87336762960538,249.07551643845036,249.6744384765625,36930000
2026-03-16,251.66090222791988,253.43773019062647,249.4348789230203,252.36964416503906,32074200
2026-03-17,252.5093881906664,254.67552076289968,251.7307636559193,253.77711486816406,32361600
2026-03-18,252.1799767808244,254.48585937367065,248.55643828829037,249.49476623535156,35757900
2026-03-19,248.95572868612365,251.38140795985734,246.85947863088072,248.5165252685547,34864100
2026-03-20,247.53824109812177,248.75606899357115,245.56177255944445,247.54823303222656,88331100
2026-03-23,253.51758537106093,254.14646797882926,249.83415620831627,251.04200744628906,40546100
2026-03-24,249.90403139868116,254.37604644028636,249.10545347620703,251.1917266845703,45152300
2026-03-25,253.6473574345128,254.5457480998694,251.15181088451408,252.16998291015625,28476700
2026-03-26,251.67088153367666,256.5421934269488,250.32329549316128,252.43951416015625,41796700
2026-03-27,253.4477020992108,255.03488128462607,247.6281009352486,248.35679626464844,47900000
2026-03-30,249.62453299565456,250.4230956915925,245.07264337813007,246.19065856933594,39446200
2026-03-31,247.4683905467953,255.02489784868362,246.65983587287727,253.33790588378906,49598100
2026-04-01,253.6273948962928,255.72364490973627,252.8787309132899,255.1746368408203,40059400
2026-04-02,253.74717405681358,255.6737439434535,250.20349485503914,255.464111328125,31289400
2026-04-06,256.0530752925303,261.6930045642991,256.0031460821725,258.39886474609375,29329900
2026-04-07,255.70368128016966,255.7436185540334,245.2623079794448,253.0484161376953,62148000
2026-04-08,257.9896321241455,259.28730423338584,256.07303883918246,258.4388122558594,41032800
2026-04-09,258.5386343954405,260.6548530924392,255.61386101634736,260.0259704589844,28121600
2026-04-10,259.5168819122501,261.7229364827484,258.5585701252562,260.0159912109375,31291500
2026-04-13,259.2673359057164,259.71651601158027,256.2027973984465,258.73828125,36234700
2026-04-14,258.7881922504944,261.4634109961452,256.7318642110386,258.3689270019531,48370700
2026-04-15,257.7001261657452,266.08515659729386,257.35074355126085,265.95538330078125,49913500
2026-04-16,266.3247234477873,266.68409800240715,260.80457553569033,262.9307861328125,43323100
2026-04-17,266.4844323486072,271.8149160854778,266.24486962975914,269.7486267089844,61436200
2026-04-20,269.84841238867654,273.7913879220191,269.80850557942483,272.5635681152344,36590200
2026-04-21,271.0163536236942,272.3140256362382,264.9272139873882,265.69586181640625,50209800
2026-04-22,267.3429346055621,273.2523721409737,266.39461467279705,272.68341064453125,43249200
2026-04-23,274.56001085217736,275.2787294551341,271.1660737405759,272.9429016113281,33399600
2026-04-24,272.2741016414235,272.5735550213531,269.16962610782736,270.5771179199219,38157100
2026-04-27,265.6159889280984,267.88193422863776,264.59781690250213,267.1332702636719,41466800
2026-04-28,271.8548539018017,272.7432830913257,268.181416710472,270.2277526855469,40018900
2026-04-29,267.07336249706583,270.55716597281076,266.56429174844374,269.688720703125,30047900
2026-04-30,270.018146234023,275.50834883767226,267.6623648300734,270.86663818359375,91848200
2026-05-01,278.3632420760759,286.70836594964845,277.8741246788477,279.6409912109375,79915400
2026-05-04,279.16179801165765,280.13007120517506,274.3703307853319,276.3368225097656,46668400
2026-05-05,276.43668191704,284.0630869835518,276.00745521106614,283.67376708984375,49311700
2026-05-06,281.4178249779708,287.5169265187869,280.5693330033821,286.99786376953125,58336100
2026-05-07,288.75470528792926,291.6096265406606,285.2709318587503,286.927978515625,45224300
2026-05-08,289.49338424193445,294.2349225642168,289.48339230776435,292.7974853515625,52692800
2026-05-11,291.72841688276577,293.6267735875138,289.979924827367,292.42779541015625,42247300
2026-05-12,292.3078994315659,295.0155556946294,292.3078994315659,294.54595947265625,45748100
2026-05-13,293.24708951115105,300.6607090744109,293.24708951115105,298.6124572753906,52684300
2026-05-14,299.5616620172475,300.1911240450107,295.12548538387824,297.9530334472656,35324900
2026-05-15,297.643304079477,302.93875555297063,296.26448829773227,299.9713134765625,54862800
2026-05-18,299.98126929450746,300.4009207908792,294.6558756451712,297.5833435058594,34483000
2026-05-19,296.7140952726279,300.2510533099592,296.09463441963413,298.7123718261719,42243600
2026-05-20,297.9230626302997,302.5390768782648,297.82314269813475,301.98956298828125,38229800
2026-05-21,300.80056674721834,305.27671719779084,300.1411318265125,304.7271728515625,42965100
2026-05-22,305.85620846339293,311.13165741506583,305.57645096183757,308.55389404296875,43670200
2026-05-26,309.29325163060713,311.5513139598484,307.4048960873393,308.0643005371094,48000500
2026-05-27,308.0643052358437,312.9900803339556,308.0343323058515,310.5821533203125,50430900
2026-05-28,310.412282475935,312.5304508120942,309.30325358892543,312.24072265625,48220400
2026-05-29,311.5113496628706,314.7285763294451,309.2632884033746,311.7911071777344,70026800
2026-06-01,309.363197507879,310.67206624496237,304.7571540774977,306.0460510253906,48849900
2026-06-02,307.1950545511415,315.1781903378333,306.42572903356995,314.92840576171875,44534700
2026-06-03,313.9092501546009,316.6668815001487,308.5838566628498,309.9926452636719,50836700
2026-06-04,312.96009909963743,313.26982953176514,309.38316692864953,310.9618225097656,44869100
2026-06-05,312.5903972939029,314.8984348439246,306.8853260765596,307.0751647949219,65310500
2026-06-08,308.4739595974908,317.1265012321255,300.9105055796523,301.2801818847656,77949100
2026-06-09,300.0212482417878,300.4908444635933,287.5320194610898,290.29962158203125,70108800
2026-06-10,290.4894628291428,294.4960172141002,287.1323727394638,291.3287353515625,52793300
2026-06-11,293.4668864344149,296.7440586571729,289.3404406054596,295.375244140625,42572500
2026-06-12,295.7749221682621,296.88398158337014,289.3704417369658,290.879150390625,38742100
2026-06-15,293.8665449684006,297.5233947188816,291.4486474146935,296.1645812988281,45732600
2026-06-16,294.99559499590845,300.2210994929347,293.71669913987887,298.9821472167969,39874400
2026-06-17,300.59074812548096,301.8096980081642,294.10632015937927,295.6949768066406,42745100
2026-06-18,297.8530937792582,300.31099586682666,295.3652492546472,297.7532043457031,85962200
2026-06-22,297.05381866220307,302.1594314563154,296.5043047694293,296.75408935546875,44879900
2026-06-23,297.2836155142734,301.3800886038737,293.9264950024863,294.04638671875,52010900
2026-06-24,295.1054570720635,299.4417438827621,292.68755959702736,292.8274230957031,53081900
2026-06-25,287.1523472601469,288.55113481081804,273.5141152813601,274.91290283203125,107013700
2026-06-26,274.7630284991681,285.70360492137456,273.9737007161028,283.53546142578125,261775500
2026-06-29,286.4829438934296,288.12151489662153,279.6088673150861,281.4972229003906,66427000
2026-06-30,280.9277417485351,289.69017405322865,280.45814550695326,289.11065673828125,65100200
2026-07-01,293.1871503157195,296.33442991747245,288.95081360688545,294.1263427734375,50164200
2026-07-02,293.866538367699,309.15337194761725,293.4269150966668,308.3640441894531,75352800
2026-07-06,307.0951430290638,313.9292760509671,306.7354678654279,312.3905944824219,53590000
2026-07-07,315.0183186077797,315.20815732134815,309.88273318392555,310.3923034667969,42490000
2026-07-08,311.6412289475945,314.5487250421545,306.7854009831778,313.1199645996094,41323500
2026-07-09,310.24243869469103,316.2572401947346,307.8944576262147,315.947509765625,48124500
2026-07-10,314.4488202226986,316.6369356310425,311.9010296470402,315.0483093261719,34132300
2026-07-13,316.7468014245228,323.171283634363,315.5078797345754,317.03656005859375,43257800
2026-07-14,313.48965629761443,315.91755515351207,311.64124426456783,314.58868408203125,36336800
2026-07-15,317.34631234952286,328.44675508114506,317.0465830462295,327.2178039550781,60957600
2026-07-16,327.72736328456057,334.3915986652446,326.50841333986017,332.97283935546875,62970600
2026-07-17,331.693929977533,334.7013154010385,328.71648699084636,333.452392578125,63407100
2026-07-20,333.2226134619852,333.4224228207836,323.4010672140761,326.3085632324219,53468000
2026-07-21,322.85156758462244,329.3159936819017,321.94234806189104,327.45758056640625,41338900
2026-07-22,327.58746619388995,328.7164973399543,323.0613709608057,325.60919189453125,38755900
2026-07-23,321.4527900194849,323.0214140443725,319.0748358849152,321.3828430175781,40840800
2026-07-24,321.5127284115298,334.0818750563203,321.3428614810286,332.7330322265625,47489400
2026-07-27,334.2517370375488,339.277401491225,333.73216560461384,336.61968994140625,49604300
2026-07-28,339.73698155301014,342.59453283396704,335.31080637618777,339.78692626953125,51859000
2026-07-29,339.43727163464206,344.2730974331505,337.0593175600121,337.8985900878906,56090800
2026-07-30,332.8129674612056,334.4615395264105,329.30598233808786,333.1426696777344,74817800
2026-07-31,304.54735603914753,310.4222943774597,299.7415030462749,308.6438293457031,132489100
2026-08-03,309.313234694189,311.5313230344714,302.29929450581176,303.1585693359375,75052000
2026-08-04,302.46913991298527,310.1525156602479,301.0603512911937,309.1134033203125,68001000
2026-08-05,309.09342362565195,311.4414048335362,305.40663118634393,310.7320251464844,49438800
2026-08-06,314.06913775686996,316.0174696892129,308.96355554648414,312.14080810546875,46139900
2026-08-07,311.1816431226555,314.53873325457766,310.47223295908327,313.05999755859375,34437200
2026-08-10,306.8299865722656,308.260009765625,304.6099853515625,308.260009765625,44812500
2026-08-11,307.75,309.9700012207031,302.7900085449219,304.9100036621094,37476700
2026-08-12,305.1000061035156,305.6600036621094,300.57000732421875,302.25,41657800
2026-08-13,304.2099914550781,306.0,302.04998779296875,305.260009765625,40349300
2026-08-14,306.0,307.489990234375,304.29998779296875,305.92999267578125,28229400
2026-08-17,306.2099914550781,307.6600036621094,302.94000244140625,305.5899963378906,38169300
2026-08-18,307.5799865722656,311.489990234375,305.739990234375,310.0299987792969,53424500
2026-08-19,310.1400146484375,319.2799987792969,309.6000061035156,316.8299865722656,50505600
2026-08-20,317.4599914550781,320.2799987792969,310.6499938964844,311.29998779296875,40959200
2026-08-21,312.04998779296875,312.3800048828125,307.010009765625,309.3500061035156,46876800
2026-08-24,311.4700012207031,313.3599853515625,309.9700012207031,310.3399963378906,34673600
2026-08-25,310.7900085449219,313.5899963378906,308.2099914550781,309.8999938964844,25869800
2026-08-26,310.29998779296875,315.42999267578125,308.79998779296875,313.45001220703125,34024500
2026-08-27,310.54998779296875,315.3999938964844,309.3999938964844,314.5799865722656,32419200
2026-08-28,316.8500061035156,322.3699951171875,315.45001220703125,319.70001220703125,38649400
2026-08-31,319.6000061035156,321.239990234375,312.79998779296875,316.8500061035156,41242700
2026-09-01,316.9800109863281,327.29998779296875,314.7300109863281,325.1300048828125,53167400
2026-09-02,326.8699951171875,328.3999938964844,323.5299987792969,324.9599914550781,33776400
2026-09-03,324.8699951171875,330.80999755859375,324.1099853515625,328.2099914550781,37225800
2026-09-04,328.30999755859375,328.92999267578125,317.8599853515625,319.9700012207031,39606900
2026-09-08,317.1000061035156,320.70001220703125,314.8999938964844,316.2200012207031,35477100
2026-09-09,315.489990234375,319.1499938964844,309.8999938964844,315.3399963378906,65640000
2026-09-10,316.6700134277344,326.739990234375,316.510009765625,326.57000732421875,70011900
2026-09-11,327.45001220703125,336.2200012207031,326.29998779296875,332.2699890136719,50716900
2026-09-14,334.7900085449219,335.5,331.3399963378906,333.0799865722656,39269100
2026-09-15,330.1400146484375,331.7799987792969,328.3500061035156,331.3399963378906,31748200
2026-09-16,332.5299987792969,335.4800109863281,330.70001220703125,332.4100036621094,35981000
2026-09-17,334.7699890136719,338.3399963378906,330.17999267578125,337.0,36700200
2026-09-18,337.9100036621094,338.489990234375,332.5299987792969,336.1300048828125,86588200
2026-09-21,335.2799987792969,339.6400146484375,333.04998779296875,338.9800109863281,34999200
2026-09-22,340.1400146484375,345.3399963378906,338.75,339.75,40711800
2026-09-23,341.0799865722656,341.79998779296875,335.5,337.0199890136719,31658800
2026-09-24,336.7200012207031,338.9100036621094,334.29998779296875,335.9200134277344,24733100
2026-09-25,336.0400085449219,341.6700134277344,334.5299987792969,341.07000732421875,30002500
2026-09-28,340.3699951171875,342.989990234375,338.0400085449219,338.3999938964844,32820800
2026-09-29,336.9700012207031,337.0899963378906,328.70001220703125,329.3999938964844,38478000
2026-09-30,330.79998779296875,339.5,330.1400146484375,333.0199890136719,49988600
