date,open,high,low,close,volume
2018-01-02,109.92879869627706,110.15705741558578,109.18890655503554,109.59033203125,6842100
2018-01-03,109.69265353402155,110.73164199316827,109.33057433721787,110.63719177246094,5350500
2018-01-04,110.55060934180229,111.09372213640705,110.36957574708583,110.62932586669922,4837600
2018-01-05,110.73951082256076,111.62895702185183,110.41678991709799,111.54237365722656,6158800
2018-01-08,111.5345201915952,111.77065778619263,110.92056965191605,111.68407440185547,5129800
2018-01-09,112.06186218037868,114.6672179642516,111.97527881548619,113.45506286621094,8897000
2018-01-10,112.99068599307985,113.470828005999,112.8096523847368,113.32127380371094,6558600
2018-01-11,113.44725502016269,114.05332687916096,113.10092138047195,113.96674346923828,4962200
2018-01-12,114.124137698106,115.24970963310284,114.05328801561265,114.73020935058594,5450600
2018-01-16,115.24967488352826,116.5405463411831,114.94269972013633,115.59600830078125,8804000
2018-01-17,116.36738901995112,116.74521387495335,114.50979218611165,115.69046783447266,10619700
2018-01-18,115.65110872949225,116.05254613368211,114.89548304593552,115.64324188232422,5554800
2018-01-19,116.06828712797626,116.21782928082206,115.24967865848275,115.98957061767578,8738800
2018-01-22,115.71409225683158,116.6035385131836,115.48583355933279,116.6035385131836,7010400
2018-01-23,115.67474824399201,116.05256113460638,111.47153329539312,111.63683319091797,17473600
2018-01-24,112.95133185474776,112.99855697078398,111.61323485507556,111.82575988769531,13034400
2018-01-25,112.01464175388648,113.86437189457014,111.93593724371246,113.65971374511719,7938800
2018-01-26,113.73842261836953,114.6042562452515,113.44719313044286,114.39173126220703,8065600
2018-01-29,114.01392470105758,114.08476236249544,112.97492429148377,113.09298706054688,8013400
2018-01-30,112.87260500918119,113.20320481214517,112.10910034179688,112.10910034179688,8376100
2018-01-31,112.2192742331313,112.2192742331313,108.70086035195797,108.77169799804688,13137400
2018-02-01,108.25221698396548,110.72376427019225,107.83504586954008,110.21214294433594,9393600
2018-02-02,109.42503886222292,110.47977305041604,108.13416710685604,108.37029266357422,9262500
2018-02-05,107.50444312392695,107.83503082827758,96.14634438114823,102.63218688964844,19954100
2018-02-06,102.3330739647158,104.67869120619294,100.75097316302782,103.76563262939453,19193500
2018-02-07,103.81289345543796,105.02504873389148,103.38785542572091,103.44294738769531,10550400
2018-02-08,103.04151440708519,103.30913136964779,99.26334948633274,99.46012878417969,11680200
2018-02-09,100.37316193374917,103.04936106106929,98.73596306047078,101.95526885986328,15030900
2018-02-12,102.3252328731021,103.36423331037044,100.4991212651143,102.53775787353516,9963900
2018-02-13,101.70340151855767,102.79749376134365,101.30196412767037,102.29373931884766,6339000
2018-02-14,101.88445712099919,102.33310770083729,101.05798161971694,102.06549072265625,6259700
2018-02-15,102.40394652055906,103.33273899708831,101.85295490449772,103.29338073730469,5606400
2018-02-16,103.08086528672227,105.82789640124872,102.98640306341102,104.80464172363281,7970100
2018-02-20,104.58426718421518,105.04079663928783,102.84474475397144,103.0100326538086,6563500
2018-02-21,102.95492833277608,104.2379211539467,102.21503627062283,102.25439453125,6578000
2018-02-22,102.40394871536033,103.12809507117173,101.9159279024022,102.25439453125,5732200
2018-02-23,102.39606460220533,103.96243201532685,102.34097264851839,103.91520690917969,5126800
2018-02-26,104.33506209495009,105.68172733004798,103.77262499220134,104.6202392578125,6684400
2018-02-27,104.73113173623959,105.42822200596163,104.24791525459928,104.30335998535156,7158600
2018-02-28,104.52516601896924,104.82618969750389,102.87747718426596,102.88540649414062,7985900
2018-03-01,102.27544760090449,103.07552226415886,100.22375668780747,100.82579803466797,9424000
2018-03-02,100.53269189696654,102.27543564442364,100.53269189696654,102.04571533203125,6910400
2018-03-05,101.89520878824854,103.2181101770474,101.53872829340223,102.81410217285156,5799800
2018-03-06,102.98045073286694,103.13887977806063,101.33276207065771,101.5704116821289,5546500
2018-03-07,100.98423592808817,102.44972602424204,100.81787754260658,102.2199935913086,6391700
2018-03-08,102.4497333055116,104.80244210215693,102.4497333055116,104.61231994628906,6423400
2018-03-09,104.96876425916865,106.0065005228831,104.21621720731726,105.99065399169922,7557800
2018-03-12,105.99065781022259,106.33127967509655,104.81826829497344,105.06383514404297,4942000
2018-03-13,105.99065686105646,107.25018415863441,105.71339695096027,106.42634582519531,9152300
2018-03-14,107.13135806842719,107.49574365908647,104.48554348854921,104.8182601928711,6770600
2018-03-15,105.00044598712972,106.33919367465488,104.93707195659688,105.4044418334961,6147200
2018-03-16,105.48367860511078,106.46594601093173,104.64399372438167,105.89559173583984,14233500
2018-03-19,105.63417223102316,105.72922723136584,102.4734605086672,103.17056274414062,6017000
2018-03-20,103.59835373186526,104.39051120777026,102.48933810054382,103.9389877319336,6214300
2018-03-21,104.08948013935249,105.18266124676474,103.50329138454195,103.92313385009766,5158700
2018-03-22,103.35276807800884,103.51911434881434,100.68319569331511,100.90499877929688,7560100
2018-03-23,101.10306508851795,101.23773646409474,98.94047837949594,99.09890747070312,8452500
2018-03-26,100.13662246170706,101.0317581714626,99.18602993056274,100.91293334960938,8358200
2018-03-27,100.6911178128597,102.26751523712423,100.12076357329472,100.77033233642578,7789900
2018-03-28,101.1030607003042,102.2041651980275,100.77035599700015,100.9604721069336,6868500
2018-03-29,101.37238633793541,101.99818538335477,100.4614040932017,101.51496887207031,6119400
2018-04-02,101.25355439834084,101.30108190637827,97.8631218348997,98.6711196899414,8916900
2018-04-03,99.16226492293667,101.78431006231519,98.76618621754767,101.67340850830078,8035000
2018-04-04,100.52477041385406,103.86766940371515,100.12076846713471,103.30524444580078,7717100
2018-04-05,103.30524283376796,103.93104182133986,102.58437674486422,103.54289245605469,5621700
2018-04-06,103.15474996528124,103.48745466269558,100.13663184332728,101.47537994384766,6399300
2018-04-09,101.9110655123399,103.88354219309366,101.14267775392352,102.56855773925781,6395800
2018-04-10,103.17852020263672,103.70134708313397,102.41804364124391,103.17852020263672,6019300
2018-04-11,102.29920881274845,103.25772461011378,102.21207101298796,102.68737030029297,4575400
2018-04-12,103.05176006543606,104.01819312420015,102.86956723587467,103.32109069824219,4559800
2018-04-13,103.84391836615478,104.10533177802486,102.687375245308,103.47160339355469,4742300
2018-04-16,104.09740883433867,105.2618812016934,103.99442450240461,104.3746566772461,6379600
2018-04-17,104.65191126410889,104.72320252687106,102.03778950990169,103.40821838378906,11008700
2018-04-18,102.73489026537705,102.9012365425611,100.55645751874009,101.1743392944336,9383600
2018-04-19,101.10305611500068,101.61004245796688,100.51686127714358,101.03968811035156,5959500
2018-04-20,101.39614374053554,101.63379336989986,99.94649429751159,100.33465576171875,7743900
2018-04-23,100.5089188150772,100.84162948343325,99.63754696982625,100.46931457519531,7501900
2018-04-24,100.55647469064974,100.96839393022802,99.26525410145975,99.96235656738281,6577500
2018-04-25,99.74055435342632,100.48517829840686,99.24149125733022,100.41388702392578,5859600
2018-04-26,100.30299078867058,102.3625992023765,100.30299078867058,101.40408325195312,8211100
2018-04-27,101.18226541491626,102.02194426510515,101.00006655720118,101.61003112792969,4266800
2018-04-30,102.07740456039838,102.17245958185114,100.19998931884766,100.19998931884766,8219400
2018-05-01,100.06533006210921,100.31882020745213,98.99591870030878,99.81976318359375,5122600
2018-05-02,99.4315836469625,99.95441037649903,97.5937789155553,97.83142852783203,7390800
2018-05-03,97.67300758162321,97.98194847699342,96.07284628611889,97.45912170410156,7282900
2018-05-04,97.11849546821678,98.63151899441203,96.4847731780996,98.3780288696289,6127600
2018-05-07,98.33841418519137,99.20978607243998,97.68884539174994,97.90272521972656,6707900
2018-05-08,97.32445841691363,97.82351540200598,96.39763571159297,97.12641906738281,5951800
2018-05-09,97.42745305630562,98.2671441489631,97.06306131724693,97.8393783569336,6808600
2018-05-10,98.40179272377353,99.85144220931512,98.22751712961906,99.29692840576172,4948000
2018-05-11,99.62965581264257,101.07930562921936,99.6217385883231,100.79412841796875,5716700
2018-05-14,100.8812512181931,101.08721384981152,99.4949756646232,99.85936737060547,6101600
2018-05-15,99.44742991677033,99.67715626305346,98.54437106237772,99.12264251708984,5875700
2018-05-16,99.36822571413458,99.73261739114787,99.01967452582566,99.29692840576172,3818100
2018-05-17,99.40782594837917,99.48704047606866,97.87104477142374,98.10868835449219,6473400
2018-05-18,98.05324898135099,98.57607580351637,97.65717025317059,98.41764068603516,5433900
2018-05-21,98.71865728466923,99.01175165447846,97.6888502480214,98.0057144165039,5558700
2018-05-22,98.06908666669317,98.41763180634096,97.24524226116718,97.36406707763672,7172700
2018-05-23,97.33237766208751,98.20374955528828,97.22939333662997,97.79182434082031,4940800
2018-05-24,97.60964124649763,97.74430656153518,96.28673976509697,96.84124755859375,6923600
2018-05-25,97.00882408842075,97.99838872457539,96.66566988637614,96.93700408935547,4594800
2018-05-29,96.16292217180617,96.40233437195133,94.66262317127803,95.28508758544922,9821900
2018-05-30,95.85965281264451,97.02477937062163,95.39679256552232,96.53797912597656,6423700
2018-05-31,96.49808615535636,96.7614383353659,95.39680352327738,95.46064758300781,10337500
2018-06-01,96.06714435486221,96.81729680786813,95.73995421564979,96.76941680908203,5741000
2018-06-04,97.2402586978533,97.65523900652217,96.57789026303884,97.32006072998047,4853000
2018-06-05,97.39986268773323,97.80685485238115,96.48212415507798,96.94498443603516,5125400
2018-06-06,97.33603861188564,97.99042510986328,96.9290402751844,97.99042510986328,6799300
2018-06-07,98.15800399749833,98.5490382436012,97.57543755499364,98.42135620117188,7414100
2018-06-08,98.4452859565704,99.63435263173028,98.42134595663836,99.00390625,6208100
2018-06-11,99.17150747401121,99.22736951188007,97.7988965308755,97.88668060302734,5571400
2018-06-12,98.28568351533612,98.30164148605189,97.32005885315392,97.79090118408203,5227300
2018-06-13,98.27768929459872,99.0278355952791,97.72704500138863,97.86270904541016,5836900
2018-06-14,97.92656276294275,98.27769899483658,97.43178044422912,97.6871566772461,5239200
2018-06-15,97.4397501428155,97.94251442731313,96.7534418246947,97.84674835205078,13173500
2018-06-18,97.04873668340714,97.20834075437192,95.96341195303256,96.81730651855469,6787400
2018-06-19,96.29058080010067,98.29363750101963,96.21875472666153,97.8148193359375,8572400
2018-06-20,97.69512634518244,97.88665850764697,97.0886260962238,97.39187622070312,6277200
2018-06-21,97.22429198532546,97.55148211418035,96.64970766406358,96.92103576660156,4417200
2018-06-22,97.1045894723055,98.46124221186182,97.08064947279048,98.03030395507812,9501400
2018-06-25,98.01434543083758,98.50114571323931,96.96892486789508,97.83079528808594,8170500
2018-06-26,97.75099865944665,98.07021287531637,97.04075022560156,97.63927459716797,5496400
2018-06-27,97.46370314738449,98.13405358668096,96.92104082547955,97.0487289428711,5666000
2018-06-28,97.18439434379239,97.68715870233642,96.61779201417525,97.3599624633789,5296800
2018-06-29,97.55149004246955,98.30164253269564,96.71355957961514,96.83325958251953,7308700
2018-07-02,96.83326334313173,97.14450162828459,95.85168675016686,97.02479553222656,5481400
2018-07-03,97.08063188779231,98.52506842293087,96.76939977346414,97.92654418945312,4248100
2018-07-05,98.63681970515056,99.84983256295557,98.34155156505061,99.75406646728516,7319100
2018-07-06,99.88175618950144,100.48825653958195,99.44283585463582,100.35259246826172,7297900
2018-07-09,100.72766693754721,101.15062320439888,100.23288457695382,100.59200286865234,6706100
2018-07-10,100.84737287712555,101.76510541463091,100.63988271481334,101.65338134765625,5075600
2018-07-11,101.6773167851055,101.70125678430543,100.59996811307336,100.74361419677734,4827400
2018-07-12,101.91671520802406,102.31573748922489,101.48577698929093,101.95661926269531,6199000
2018-07-13,100.00943077617356,101.74914183700528,100.00943077617356,100.49623107910156,8250200
2018-07-16,100.55208094194538,100.6318829630874,99.0837042697195,99.50666046142578,7314400
2018-07-17,102.5710982052496,104.17513886432327,101.79700584227685,103.0339584350586,12858700
2018-07-18,102.79457203895382,102.98610423695402,101.48579912847867,101.98856353759766,7152000
2018-07-19,101.77308785891138,101.90875192814632,100.44835702146109,100.50421905517578,5984600
2018-07-20,99.99348168244843,100.6638261068735,99.8498355788566,100.4323959350586,5835500
2018-07-23,100.35259650057625,101.09476704030364,100.1131842922105,101.05486297607422,4631100
2018-07-24,101.54165130710146,103.440966422441,101.46983130620214,103.23348236083984,7158800
2018-07-25,103.05791701793787,103.12973702077267,101.86885029246928,102.64293670654297,6523000
2018-07-26,103.6644103982925,104.71781907739998,103.62451851739414,103.96766662597656,7640600
2018-07-27,103.72826140807824,105.55576266044258,103.69634546581858,104.9811782836914,6620400
2018-07-30,105.16468193175866,105.73129014943142,104.74172584156834,105.47591400146484,11013100
2018-07-31,105.56373210941916,105.85102428012583,105.15673994133842,105.75526428222656,7598900
2018-08-01,105.65152793592304,106.10641233063578,105.40413979578535,105.85103607177734,5770400
2018-08-02,106.05055617388959,106.13834025065104,104.6140949982529,104.74178314208984,6563300
2018-08-03,104.68589609519721,105.89890888842386,104.46244797236722,105.30038452148438,6498700
2018-08-06,105.05297550719993,105.76322379431373,104.55021124230794,105.35623168945312,5840000
2018-08-07,105.24455030519329,105.4759744169659,104.78168990463612,104.90937805175781,4664600
2018-08-08,104.93330901148659,105.18069716457642,104.45448458956308,104.67793273925781,3721500
2018-08-09,104.97317134180572,105.11682349873894,104.27888708481629,104.70184326171875,4057800
2018-08-10,104.69386383638242,105.04500001163203,103.95168743378538,104.34272766113281,4324000
2018-08-13,104.31880076296086,104.46244075613922,103.62451644191499,103.91978454589844,3778000
2018-08-14,103.48087891550828,104.11930738855513,103.22551483249573,103.34521484375,4542800
2018-08-15,103.54472316755304,104.33477977428932,102.89033063282014,104.0873794555664,5377300
2018-08-16,104.55822980217802,106.04257085627312,104.19911758427011,105.72335052490234,7861500
2018-08-17,105.6994178452269,107.73440345703993,105.49193374821893,107.31144714355469,6700900
2018-08-20,107.67851475540344,109.42620780366416,106.93635040724288,109.23468780517578,7935000
2018-08-21,109.33045113027771,109.67359925601404,107.97379833267614,108.01370239257812,5832100
2018-08-22,108.18130055442109,108.27706057265148,107.27154385019786,107.42317199707031,4688400
2018-08-23,107.42314261065516,108.12541502426342,107.01615046750028,107.82215881347656,5057600
2018-08-24,107.82217118876808,108.65211962801033,107.59872306370248,108.49251556396484,4809400
2018-08-27,108.85404465355978,109.29589009087077,107.8177274080137,108.38809967041016,4325900
2018-08-28,108.27560133479348,108.37199949170392,107.56061973533834,107.90606689453125,6037500
2018-08-29,107.90608548736499,108.40415906143426,107.60080826033652,108.33988952636719,4648700
2018-08-30,108.21134035801839,108.93436336643055,108.131012640301,108.41217803955078,4821900
2018-08-31,108.13098661129526,108.45232192113238,107.62487185305328,108.20328521728516,6139500
2018-09-04,108.2033158542891,108.25151493859626,107.19912740402383,107.42406463623047,4406800
2018-09-05,107.2312705216044,109.207519052194,107.21521233010668,109.14324951171875,6174800
2018-09-06,108.85401857900055,110.30808136771722,108.59694047408598,109.95460510253906,6562000
2018-09-07,109.88230012062029,110.6133521487177,109.05484993784033,110.31611633300781,6375200
2018-09-10,110.4848185300452,111.2399701339017,110.10724272811696,110.22775268554688,4892200
2018-09-11,110.57321390574835,111.59347294892443,110.23580800934651,111.27212524414062,7856800
2018-09-12,111.58540933245509,112.46107092739562,111.31227303150366,111.9549560546875,6767700
2018-09-13,112.3807373046875,112.85471131103895,111.68182606623164,112.3807373046875,6456100
2018-09-14,112.4690916278816,112.75026926021457,111.74608094210849,112.05938720703125,4534800
2018-09-17,111.9308586892331,112.79043759614672,111.81034872482958,112.43697357177734,5295500
2018-09-18,112.68598960567503,113.14389306332066,112.3325133881762,112.90288543701172,4581200
2018-09-19,113.07964134113598,113.26442083000731,112.50926920254084,112.8386459350586,5049900
2018-09-20,113.12785302110929,114.18826958551944,112.8788040038145,114.05973052978516,5019300
2018-09-21,114.22038250500928,114.98357538207588,113.8267485559511,114.7827377319336,13283400
2018-09-24,114.1561221655404,114.47745749383924,112.65384824744288,112.8466567993164,6708000
2018-09-25,112.89488121167774,113.2403284123828,111.18374017194098,111.37654876708984,7982800
2018-09-26,111.62557026926353,112.46909090266513,110.83026097167301,110.99092864990234,7133300
2018-09-27,111.22392131359484,112.13171168513888,110.51698091015264,111.03915405273438,6450500
2018-09-28,110.94274185430434,111.31227632932577,110.38842788361275,110.99897003173828,6638500
2018-10-01,111.07127947284616,112.34861658724293,110.86241267350059,112.22007751464844,4871800
2018-10-02,112.30039944388469,113.05555113369181,112.18793082571086,112.8547134399414,6439100
2018-10-03,112.90294359158833,113.4893986445841,111.5693902543458,111.68988800048828,5411800
2018-10-04,111.30424689139947,112.09152718016118,110.31612891869736,111.94692993164062,4738700
2018-10-05,112.30842915317314,112.66993451281245,111.3122698825113,111.74608612060547,4309300
2018-10-08,111.58542624811355,112.21203891971463,111.36048899462398,111.97907257080078,5174100
2018-10-09,111.45688915898229,112.16382949415956,110.70976657590379,111.82642364501953,4475300
2018-10-10,111.94695994772253,112.83867999383912,110.64552307128906,110.64552307128906,7265600
2018-10-11,110.79006618373408,111.39257903582119,106.74921430305567,107.52042388916016,11603200
2018-10-12,107.97033821946381,107.97837957235897,106.22706852544063,107.54456329345703,6998000
2018-10-15,107.55263563489908,108.69339258214062,107.25538742981145,107.6088638305664,6398700
2018-10-16,108.25151117156574,110.85437195701422,108.25151117156574,109.70557403564453,9592800
2018-10-17,109.44045454964528,112.4690899028858,109.42439636267576,112.03528594970703,8261100
2018-10-18,111.8264056884894,112.31645006506194,110.62942109025656,112.06741333007812,7583900
2018-10-19,111.13553296744207,112.46909807225697,110.79009805013641,111.70591735839844,5924800
2018-10-22,111.3524632202811,111.87463637613546,110.9748873353422,111.40869140625,4864300
2018-10-23,110.69368540981795,112.059391379824,110.42054911908018,111.60950469970703,8282700
2018-10-24,111.28013562554288,112.55746021886706,110.1956073432665,110.43661499023438,8279200
2018-10-25,110.42858758906128,111.73804083490909,108.49250954823026,111.2399673461914,9720700
2018-10-26,110.81418607674664,111.90674340625665,108.71744047592809,110.0349349975586,11371400
2018-10-29,110.05101820275557,111.74608869159654,109.43243472361974,110.50089263916016,6783000
2018-10-30,110.80618457590786,113.35281773500118,110.05907411727769,113.07164001464844,9646200
2018-10-31,113.27246235033738,113.6178973090491,112.15580523309663,112.4610824584961,9968900
2018-11-01,112.52535553576713,113.73841086420353,112.34861737425179,113.12786865234375,6913500
2018-11-02,114.05171022109306,114.07580976362976,112.19597189680721,113.015380859375,7673200
2018-11-05,113.27243951451297,114.67027403209698,111.66573824480356,114.23645782470703,5601400
2018-11-06,113.69819241338497,114.74255048864534,113.32061670726658,114.53368377685547,5798900
2018-11-07,114.95946494136359,116.38138654363537,114.85502545058483,116.28498840332031,7173600
2018-11-08,115.93159147630134,117.12054763300881,115.68255460477795,116.72691345214844,5497100
2018-11-09,116.51799499318098,117.08035036142155,115.98779277976854,116.75900268554688,5343100
2018-11-12,116.4778602428399,117.48204894404257,116.26898114776552,116.98396301269531,7013600
2018-11-13,117.44186557073735,117.89174009634088,115.21658022998969,116.22879791259766,7432300
2018-11-14,116.50193007204656,116.73489639770555,115.32903257464955,115.88334655761719,6433100
2018-11-15,115.2085257966674,116.09220420385415,114.46140327811915,116.08417510986328,6657900
2018-11-16,116.25287822294356,117.88367906554838,116.12433917668945,117.28116607666016,8494300
2018-11-19,117.63465000781127,119.24939293698091,117.5864509218349,118.67900848388672,8714600
2018-11-20,118.4942548235539,119.49844342375351,117.57040621463491,117.6507339477539,8937700
2018-11-21,117.47397893956436,117.47397893956436,113.09571972172648,114.06777954101562,10275400
2018-11-23,113.95529417174143,114.66223440550138,113.75445651000636,114.26055908203125,3404900
2018-11-26,114.80223024204238,114.84265602979383,113.76739422394117,114.29289245605469,7590900
2018-11-27,113.64615039607853,115.89368644866046,112.91044286490843,115.78858184814453,5962100
2018-11-28,116.28173998248852,118.48885010764782,115.90175973468563,118.39183807373047,8411400
2018-11-29,117.7289073783951,119.00628614136127,117.09830439032878,117.91486358642578,6900000
2018-11-30,117.50255724193136,118.8446150391213,117.30853311256098,118.76376342773438,12517600
2018-12-03,117.6884915865682,118.54546422845657,117.17915366927843,118.2059097290039,8827200
2018-12-04,118.29483361085859,120.4534378572131,117.89060032870483,118.06037139892578,9803500
2018-12-06,116.82344545665411,118.3999531530113,115.44096188524944,117.96338653564453,11572500
2018-12-07,117.62379758911547,119.11945323861681,116.516190076059,117.57527923583984,9444500
2018-12-10,117.54294791890071,117.93910095834462,115.10946811259717,117.4378433227539,6848100
2018-12-11,118.27053189235454,119.82279807432403,117.86629873451638,118.44031524658203,9857400
2018-12-12,118.84457108697136,120.04919056827961,118.84457108697136,118.92542266845703,8869200
2018-12-13,118.812262277621,120.13005450592661,118.68290465514258,119.5237045288086,6008300
2018-12-14,116.69407893403054,117.5348911989074,105.26236044458214,107.52606964111328,58140200
2018-12-17,103.74242886444138,106.43461149672534,102.53780931909145,104.40536499023438,36933100
2018-12-18,106.75800516520196,107.36435504799991,104.4538706760818,105.44020080566406,24640100
2018-12-19,104.99555664520243,106.19209613232813,102.7480204145136,103.16842651367188,21232100
2018-12-20,103.25735962124628,104.89854590359163,102.48123239172828,103.70201873779297,16609600
2018-12-21,103.32202291728596,105.58573162287205,102.77226544124991,103.55647277832031,19732900
2018-12-24,102.91779317985339,103.48371729154746,97.82445150216596,99.31202697753906,7531900
2018-12-26,99.78093277517773,102.48121406081108,98.64099823101252,102.44078826904297,9253000
2018-12-27,101.76168232500416,103.00672149658203,99.49797361884258,103.00672149658203,9918700
2018-12-28,103.41095604935681,104.09006496884909,102.4731319207893,102.8935317993164,6537200
2018-12-31,103.62922163864776,104.73682904239001,103.01479158955058,104.33259582519531,7409900
2019-01-02,103.58882218632854,103.79093882224272,102.09315414607539,103.28160095214844,7631700
2019-01-03,103.5969144178057,103.70201902825345,101.34937815284387,101.64042663574219,8654500
2019-01-04,102.7722876094091,104.00923448716428,102.45698609450632,103.34629821777344,8831700
2019-01-07,103.1845949782711,103.76669811371646,102.51357235525428,102.683349609375,8404700
2019-01-08,103.62922432933871,105.50487242720757,103.26542305977067,105.06830596923828,9351600
2019-01-09,104.96321538235507,105.29468963396559,103.75051553753482,104.23558807373047,7403500
2019-01-10,103.2331199285464,105.01174428799489,103.2331199285464,104.86622619628906,6224400
2019-01-11,104.29217917381685,104.97128807751172,103.73433531141752,104.89852905273438,5300400
2019-01-14,104.08198303067886,104.25984664993409,103.15223914162294,103.7100830078125,7374400
2019-01-15,103.9041353114998,104.68834893379777,103.20076711902297,104.58324432373047,5194400
2019-01-16,104.62365210374436,104.62365210374436,103.40286596893071,103.51604461669922,6264200
2019-01-17,103.24927038223959,104.71259914574735,103.04715372903621,104.36495208740234,7632000
2019-01-18,105.01979757342207,106.05463374749539,104.65599010126229,105.65849304199219,10593000
2019-01-22,103.64541589782155,104.69642494755088,102.68334483586202,104.13050079345703,10568100
2019-01-23,103.88795834563929,104.53473409441283,103.42713262927411,104.13050079345703,9267800
2019-01-24,103.87985986752464,104.049630915811,101.05830748159948,102.69949340820312,9917000
2019-01-25,103.5888232221442,103.84752610386657,102.69950508074105,103.66966247558594,7585100
2019-01-28,103.33010646190507,104.41344866437498,102.9097065752432,104.28410339355469,6927700
2019-01-29,104.25177421049351,105.48064699809959,103.88796667769934,105.36746215820312,6669300
2019-01-30,105.39979569502583,106.87121095406359,105.34320944302873,106.42655181884766,7299300
2019-01-31,106.4184547425255,109.29659365477421,105.8040122761665,107.59072875976562,17298100
2019-02-01,108.35067489545217,108.8923459256691,107.90601588968639,108.4961929321289,9575200
2019-02-04,108.3021920463198,108.45579033914532,106.88737548479271,107.42904663085938,7759000
2019-02-05,107.94646476562613,108.23751323744628,107.32394202441222,107.42904663085938,6449800
2019-02-06,107.59074845658247,107.98690157524778,106.96014542603616,107.52606964111328,5066100
2019-02-07,107.081384898687,107.23499550668016,106.33759720291667,106.75800323486328,6085300
2019-02-08,106.67716235626669,107.08948820567312,106.34568809903983,107.04096984863281,4436700
2019-02-11,106.96822829682125,107.25927680551787,106.11933578510423,106.71760559082031,4962200
2019-02-12,106.78227794239135,108.57707491464451,106.78227794239135,108.4638900756836,6262300
2019-02-13,108.39114003133557,109.12683537751883,107.69585815253156,108.69834899902344,7902200
2019-02-14,108.57703330292664,108.99743925918634,107.8089927374531,108.58511352539062,3910400
2019-02-15,109.29656717943823,110.28289710746208,109.15103682247175,110.2586441040039,6665000
2019-02-19,110.06464368855455,110.25868011581201,109.65233015888163,109.70083618164062,5935500
2019-02-20,109.92719953490113,110.5416296816125,109.73316311878244,110.23442077636719,6089800
2019-02-21,109.12682427714675,109.78168028573636,108.55281986753795,109.48255157470703,6665500
2019-02-22,109.3774371242884,110.46887193123966,108.9974691846801,110.43653869628906,5223900
2019-02-25,110.96551891842013,111.89328289477803,110.56673849019964,110.84343719482422,6846600
2019-02-26,111.0387598961258,111.46195418314983,110.72136728536704,110.77019500732422,5106900
2019-02-27,110.29004996205991,110.8841413339913,110.1842482754552,110.57488250732422,4378100
2019-02-28,110.63997918998827,112.26763614730487,110.42838825603046,111.20152282714844,10133200
2019-03-01,111.67353248367779,112.80475344717664,111.50262305812606,112.5931625366211,5641600
2019-03-04,113.00011491798962,113.45585698275922,111.9095750709596,112.69898986816406,8377700
2019-03-05,112.96754523844322,113.23611016484705,112.60132485445213,112.93499755859375,6568900
2019-03-06,113.50465520891254,113.65113836963432,112.79662842935052,113.19539642333984,6236900
2019-03-07,112.73967456800226,113.219830459984,112.06419534221354,112.50366973876953,6100400
2019-03-08,112.38158396857604,113.3663219997385,111.02249175025581,112.35717010498047,7046700
2019-03-11,112.39787109665981,113.14659193617393,111.91771519165172,112.76409149169922,6150400
2019-03-12,112.83733332337883,113.93600692883689,112.7152639974565,113.26866149902344,5552900
2019-03-13,113.6023166034578,113.80577372714822,113.13844081882303,113.4558334350586,6446900
2019-03-14,112.58504944093914,112.95941607383544,112.25952295688623,112.32463073730469,8493600
2019-03-15,112.30830681342604,112.51989770359658,111.35612918060679,111.98278045654297,11922500
2019-03-18,112.02350015088076,112.12930184107418,111.2666455248352,111.63286590576172,7369600
2019-03-19,111.99093325135829,112.97567113759736,111.87699776533395,112.66641235351562,5882500
2019-03-20,112.57688778567272,112.72337094186047,111.20964957107232,111.73049926757812,5475700
2019-03-21,111.49448567717972,112.94309916917763,111.45379177544231,112.38970184326172,5765100
2019-03-22,112.10489297114951,112.62574279385832,111.3805859924132,111.42127990722656,6528800
2019-03-25,111.42128272985795,111.50265814350685,110.4691047056925,111.17713165283203,4500300
2019-03-26,111.43753372683678,113.3419019089312,111.43753372683678,112.77222442626953,4758600
2019-03-27,112.78849959996833,113.51280653737959,112.36531768056392,112.87802124023438,6764900
2019-03-28,113.1709964232905,113.49653529482443,112.88616388099132,113.0245132446289,4602100
2019-03-29,113.35005804308629,113.83836022039657,113.02453153690627,113.76510620117188,7168400
2019-04-01,113.92785546464782,114.17199407867318,112.9105698460844,113.10588073730469,5885200
2019-04-02,113.13030146261649,113.13030146261649,111.4212689705609,112.07233428955078,5517800
2019-04-03,112.47110835780819,112.50366845542406,111.3887148457978,111.63286590576172,5947000
2019-04-04,111.38870905712265,111.50264455677963,109.97265533539141,110.33074188232422,5844600
2019-04-05,110.71322057680548,111.15269490860398,110.43652187488024,110.82715606689453,4759700
2019-04-08,110.72137511110631,111.09572928459525,110.43653015550726,110.79461669921875,4329600
2019-04-09,110.68068219625704,110.8922731476091,109.5087671037635,110.33074188232422,5210300
2019-04-10,110.59114438344167,110.78646767630018,110.1354024514748,110.33885955810547,4194100
2019-04-11,110.6481445970923,110.82717546882816,109.39484156866655,110.03777313232422,4485200
2019-04-12,110.0459081648386,110.96553848903034,109.66340771591136,110.66441345214844,5756800
2019-04-15,110.68068749493544,111.32360661277046,110.51792426163887,111.1038818359375,5380900
2019-04-16,112.56878180936407,114.50568550014586,111.9502641044084,112.32463073730469,10745700
2019-04-17,113.122178757171,114.05807670773044,112.03978519688371,112.7315444946289,9543700
2019-04-18,113.40701713618809,114.13132407276677,110.4772292927021,111.91770935058594,10485300
2019-04-22,111.47821614013054,112.70710503103747,111.05503429267372,112.16997528076172,4666500
2019-04-23,111.83630035836332,114.62773830563046,111.6979510166673,113.8545913696289,5790500
2019-04-24,113.65112475595399,114.04990512021216,113.00820581973693,113.28490447998047,5676300
2019-04-25,112.73152059956486,113.74880616412698,112.27577865352691,113.65113830566406,5218100
2019-04-26,113.83830896239192,114.35915858858101,113.37442086101817,114.25335693359375,4613600
2019-04-29,114.22086197236882,114.28595733990059,113.59421040202241,113.80580139160156,4275200
2019-04-30,114.09062007808276,115.1160395236668,113.08961449420045,114.91258239746094,6003700
2019-05-01,114.70912832167922,115.84849570955335,113.73253657352839,115.52295684814453,6656300
2019-05-02,115.49039992539568,115.68571080856746,114.03364002554304,114.9776840209961,8835600
2019-05-03,114.985819847904,115.63688511195923,114.81492282213719,115.57177734375,5281600
2019-05-06,114.13945269334978,115.75897595785248,113.87902159998656,115.63689422607422,5818900
2019-05-07,114.60331147743332,115.05905335569045,113.17096566801398,113.91155242919922,6606700
2019-05-08,114.09877894173255,114.68473658728878,113.6918645999874,113.76510620117188,4667300
2019-05-09,113.08146330059463,113.3825882784341,112.01534999293355,112.90242004394531,5604200
2019-05-10,112.65827493405456,113.32562027442556,111.0143502811146,113.16285705566406,4771600
2019-05-13,112.18627600212956,112.3571730517807,111.11201630359582,111.65727996826172,5560000
2019-05-14,111.52707623314474,112.17814165719108,111.27479133061131,111.3480453491211,7179400
2019-05-15,111.4131336734403,111.89330199937505,110.13542919096807,111.42127990722656,6429400
2019-05-16,111.81190268300416,113.27679653951742,111.47009618615742,112.479248046875,6857200
2019-05-17,111.49450701209662,113.14657791087663,111.38057151625101,112.80477142333984,6915300
2019-05-20,112.80477589587578,113.08962085580228,112.04790888643464,112.650146484375,4771100
2019-05-21,113.21981911618366,113.58605188263276,112.3734429238986,112.40599060058594,4859000
2019-05-22,112.5931738712178,113.08146350274042,111.89328088980213,112.92683410644531,5456800
2019-05-23,112.71527266340708,113.81394635333507,112.0397933659453,113.76510620117188,6951800
2019-05-24,114.30591865159126,114.30591865159126,113.53568322076917,113.7733154296875,5473300
2019-05-28,113.89618085009273,115.11708685812903,112.29835923085444,112.31475067138672,11919600
2019-05-29,111.34786835028166,111.34786835028166,105.3089158906695,107.61141967773438,23247400
2019-05-30,107.70155477023839,108.83232674763303,107.48031405661611,108.25054931640625,7360600
2019-05-31,107.76710601082272,108.16041310308287,106.20205460838218,107.46392059326172,7811000
2019-06-03,107.75070753577991,108.48815984851052,107.37377940733582,107.70154571533203,8434600
2019-06-04,108.65204704668118,110.04501944409894,108.63565560586281,109.57795715332031,6648900
2019-06-05,110.37278864839273,110.72513590863578,109.68449807402062,110.11058807373047,6860600
2019-06-06,110.5366600634472,112.79820398515255,110.28264897148918,111.99518585205078,9115800
2019-06-07,112.74085428990075,114.37964863964453,112.37212806181013,113.52748107910156,6533900
2019-06-10,113.56842952743852,114.0190878763283,112.74903252508473,113.9125747680664,4994700
2019-06-11,114.45337938657926,115.25639753594001,114.30589391200729,114.53532409667969,8230500
2019-06-12,114.96139615217768,117.10002272094091,114.96139615217768,116.09215545654297,9216500
2019-06-13,116.12498821337407,116.31344609454503,114.88770277167053,115.29740142822266,7500800
2019-06-14,115.72346473845933,115.93651601548413,114.7483800557944,114.78935241699219,6548100
2019-06-17,114.71562778360183,114.91228764660062,114.06830938529072,114.25676727294922,5562800
2019-06-18,115.1744705745565,115.4776435432347,114.54353121797415,114.90406799316406,7122700
2019-06-19,114.72376813328678,115.51039474545139,114.64183593604423,115.08430480957031,6393400
2019-06-20,115.73982450140157,116.68212603596288,115.53497525449644,116.52645111083984,7335800
2019-06-21,115.91191943182811,116.70672311718921,115.5431807338988,116.42813110351562,11272200
2019-06-24,116.69856290845397,117.74739046068666,116.4281602969081,117.22297668457031,5894700
2019-06-25,117.39503361483999,118.79619574482935,117.32948034223693,118.18984985351562,7517000
2019-06-26,117.87027765698086,117.87027765698086,115.33833111954499,116.23148345947266,7674100
2019-06-27,116.54284903639645,116.76408975994168,115.20724023101226,115.2809829711914,5233500
2019-06-28,115.32197399029755,115.61695750175883,113.49470911232439,114.12564849853516,12792400
2019-07-01,114.87946791343226,114.92862973766469,113.66676373800631,114.19117736816406,5872300
2019-07-02,114.07647128368603,114.74018096923828,113.6421917980035,114.74018096923828,4501200
2019-07-03,115.53500391345966,116.50188659724861,115.36292500205188,116.4691162109375,3436300
2019-07-05,116.1413407397764,116.23966438343574,115.01875829497047,115.18264770507812,4652400
2019-07-08,114.81389123003106,115.60051776633564,114.42058421338109,115.51038360595703,4078100
2019-07-09,115.91187535521625,116.7394616116104,115.46120462034705,115.87090301513672,4217400
2019-07-10,116.17414222057702,116.3462211460541,115.26461076422086,115.70709228515625,4874400
2019-07-11,115.4857954743888,115.70703612747874,113.91255500320177,114.80569458007812,5817400
2019-07-12,114.81389719866543,114.81389719866543,108.42261095958312,110.04501342773438,17780100
2019-07-15,110.93817310243645,111.73298929135038,110.16793782633368,110.38098907470703,10038200
2019-07-16,108.92244888205995,109.65991376289958,107.95556631987951,108.57011413574219,10214500
2019-07-17,108.56191657164536,109.45505633005216,107.67696628242348,108.04569244384766,8862100
2019-07-18,108.26694289244442,108.57830528859627,107.48031617462355,108.21778106689453,6203100
2019-07-19,108.36526715000804,108.4799822446023,106.67731111397495,106.775634765625,8340200
2019-07-22,106.52162237082725,106.64452693389829,104.7517216445594,105.40724182128906,12624800
2019-07-23,105.3826633803554,106.07095395571159,105.01393717948656,105.57112121582031,5803600
2019-07-24,105.60389440668976,106.3495362100318,105.34988332503413,106.34134674072266,6838600
2019-07-25,106.57079493495968,107.77530978646209,106.2512305357657,107.4393539428711,8897800
2019-07-26,107.58684385179288,107.58684385179288,106.92313418818831,107.11978149414062,4894600
2019-07-29,107.34101499736339,109.23382020790449,106.69369682045806,108.99620056152344,7832000
2019-07-30,108.54550881130078,108.56190025021272,107.56223502766169,108.22594451904297,5509600
2019-07-31,107.86539283143057,108.16037617566613,106.66906801786335,106.70185089111328,8559200
2019-08-01,106.73467354009058,107.12799319372147,105.71862902573302,106.7592544555664,7870700
2019-08-02,107.22632043594196,107.72615323898799,106.3331804691413,107.39839935302734,6574900
2019-08-05,107.26730371327609,107.71797472959057,105.71044133900888,106.65275573730469,9480000
2019-08-06,106.80019492596446,107.52126823930514,106.18564721655052,107.15254211425781,7880600
2019-08-07,105.99720257670296,107.26727050107287,105.03850953138038,106.69369506835938,6771700
2019-08-08,107.3246179472137,108.11943405513945,106.71007018353953,107.898193359375,5260500
2019-08-09,107.996536603546,108.78315079107924,107.5294742710049,108.19318389892578,4677300
2019-08-12,107.75070788617934,108.73398180735312,107.57862901104596,108.10304260253906,6852100
2019-08-13,108.40621590543935,109.88113287413336,108.16039432682287,109.32393646240234,5013200
2019-08-14,108.5946921277633,108.6028815973386,106.62814417109082,106.73465728759766,7736200
2019-08-15,106.6608927004928,107.39835741041382,105.90704905477678,106.96406555175781,7251200
2019-08-16,107.72609758746849,107.88997444578969,107.01322637711968,107.6359634399414,5858900
2019-08-19,108.57012180840361,108.62748561004821,108.01293775075537,108.36527252197266,4958000
2019-08-20,108.12766350397446,108.70123906188921,106.89856766429595,107.0132827758789,7302000
2019-08-21,107.91459507827076,108.49637251794636,107.21811504824501,107.77529907226562,6912800
2019-08-22,107.83266603884492,108.2669455123881,107.1771458419659,107.56226348876953,7213500
2019-08-23,107.39837221380436,107.55404714334107,104.16993973906374,104.66158294677734,15714000
2019-08-26,105.18993871286773,105.73479623731615,104.53776362982269,105.50364685058594,8889500
2019-08-27,107.22073929177442,109.30108326232508,106.57682150136202,107.0226058959961,20183800
2019-08-28,105.55316870202624,106.38695659549778,104.85146346264659,106.2301025390625,9878800
2019-08-29,106.36218936151062,106.6593832002007,104.70286444356348,105.86687469482422,6749900
2019-08-30,105.89163181912315,106.5768290232688,105.35503152312538,105.96592712402344,7371100
2019-09-03,105.66049630600168,106.47777630735857,105.26424200767346,106.27965545654297,5710200
2019-09-04,106.89879260673806,106.98133875022063,105.73478239238581,106.37870025634766,4807200
2019-09-05,107.23725481607498,107.23725481607498,105.92465396577104,106.14755249023438,4754100
2019-09-06,106.39520264809424,106.68413301307615,105.72651975605521,105.84209442138672,6758300
2019-09-09,105.668757463375,105.80084643341162,104.50474703373511,104.80194091796875,7684700
2019-09-10,105.12389120812269,106.94833374023438,104.2983541087719,106.94833374023438,8239500
2019-09-11,107.20424637104159,108.37650752023725,106.56032845242278,108.28569793701172,6203600
2019-09-12,108.4425531053377,108.78102633687767,107.36935236445525,107.67479705810547,5250000
2019-09-13,108.41778539765474,108.6159188301479,107.28680363765946,107.96373748779297,5369800
2019-09-16,107.4106179765839,107.9389611448592,106.76670013389507,106.94005584716797,5101700
2019-09-17,106.98961275235133,107.73259110057327,106.58509504022813,107.04739379882812,4976400
2019-09-18,107.23727790005044,107.78213547860487,106.31268026131424,107.65830993652344,4373600
2019-09-19,107.01438260500444,108.30221851729299,106.79148405197083,107.41063690185547,4730100
2019-09-20,108.14535176581228,108.97088880219253,107.55921492743629,108.68194580078125,12053100
2019-09-23,108.16186841649144,109.01217057496018,107.72433478530641,108.75625610351562,5183700
2019-09-24,109.05345894756746,109.61481814459012,108.42604267242824,108.59941101074219,7102600
2019-09-25,108.55812722980242,108.61592087246065,107.50969159944344,108.1371078491211,4522900
2019-09-26,108.21961674460455,108.40123584944051,105.69347613676685,106.37042236328125,7545800
2019-09-27,106.17233622509482,106.82450504861406,104.59555720291732,106.1640853881836,6006500
2019-09-30,106.55207654949419,107.5509693582771,106.49428290770379,106.80799102783203,6552100
2019-10-01,107.33634194960591,107.980259907949,107.12995766560627,107.31157684326172,7673000
2019-10-02,109.5982975018216,111.19984144220308,108.32697594933614,108.97089385986328,12051800
2019-10-03,108.67371241223913,109.27635101847252,107.32808279596277,108.3022232055664,6997600
2019-10-04,108.42602619612911,110.39080828053592,108.35173088958304,110.34127807617188,7233300
2019-10-07,109.8707418115963,110.47339303111288,109.0864839988819,109.92853546142578,5427200
2019-10-08,109.34236894815992,110.01105187711065,108.54986051262365,108.83879089355469,7870400
2019-10-09,108.26090978645072,108.35171935034542,106.09800711493244,106.6758804321289,7787700
2019-10-10,106.45300602834934,107.41888291923352,106.1888407078656,106.54381561279297,5119700
2019-10-11,108.26093158470401,109.48272292945376,107.99676627080767,108.41778564453125,7161400
2019-10-14,108.44254301591363,108.44254301591363,107.66653620475633,107.91419982910156,5700000
2019-10-15,109.79644902330652,110.82837053668347,109.0534705723544,109.66436004638672,10008800
2019-10-16,111.36493108313338,112.76009056373317,110.45684798337393,111.58782958984375,12434200
2019-10-17,112.24002774998453,113.5030984837712,111.98410067211135,112.41338348388672,8434000
2019-10-18,110.05234501934676,110.94392656843887,105.42108154296875,105.42108154296875,25868700
2019-10-21,106.2218510033016,107.04738805556634,104.89273584528753,105.68525695800781,13823600
2019-10-22,106.2961549625278,107.76561002737098,105.74304660411573,106.65939331054688,7613700
2019-10-23,107.03913046358532,107.71606425343283,106.55206665669938,107.23725128173828,6693400
2019-10-24,107.66652488071635,107.79861381270045,104.10020559565575,105.2559585571289,12111600
2019-10-25,105.52841217535081,106.57684785092752,105.0991293433774,105.95769500732422,6947300
2019-10-28,106.1805845109081,107.31982981216498,106.08977492027607,106.64288330078125,7876300
2019-10-29,107.07215866864352,107.29505721129875,106.13104688450599,106.59334564208984,4506300
2019-10-30,110.04411270585662,110.2339827372425,108.74801323864007,109.66436004638672,9627600
2019-10-31,109.28459841974338,109.66433840758539,108.05454368369926,109.00390625,7686700
2019-11-01,109.01217451206388,109.79643222288811,108.2609327420686,108.31046295166016,5541800
2019-11-04,108.80578858016604,108.92961410225487,107.39411464487308,107.50968933105469,6140300
2019-11-05,107.75733636220002,108.53334310553241,107.05562492066906,107.6665267944336,6257300
2019-11-06,107.6665457517824,108.54161305159384,107.07215803932627,108.11234283447266,5450000
2019-11-07,108.74797640383797,109.28458296705504,108.15358880572626,108.50031280517578,5873700
2019-11-08,108.39302196752638,109.82944843602802,108.12059321740111,109.79643249511719,5003000
2019-11-11,109.19378137294922,109.40016562078674,108.41777458560897,108.9543685913086,4371400
2019-11-12,108.97091269510281,109.04520802146007,108.16188974913892,108.43431854248047,5228700
2019-11-13,108.17839586599901,108.54989770643684,107.91423049587078,108.36827850341797,5885400
2019-11-14,108.17012388048283,108.44255263174992,107.43539637434905,108.11234283447266,4217500
2019-11-15,108.35173094076188,111.42272957973279,107.96372754413366,111.39796447753906,10495100
2019-11-18,110.803588925826,112.01712945255733,109.5157530844041,111.30716705322266,9291800
2019-11-19,111.44751031173561,111.60436437875693,110.79534153468015,111.29891967773438,5192200
2019-11-20,111.53829830033435,112.55370522614763,110.6797454111699,112.22349548339844,7594400
2019-11-21,112.22351532474978,112.97475710852368,111.44750843572588,112.63628387451172,6424900
2019-11-22,112.80962941570333,114.44420179465199,112.68580390064449,113.98190307617188,9235800
2019-11-25,113.93201444778911,114.42245274116469,113.25039070993907,114.0317611694336,6111900
2019-11-26,113.44159092560652,114.16478011963056,112.34432610877211,114.02346801757812,10636500
2019-11-27,114.01516920821183,114.92123594474447,113.79903435379354,114.50560760498047,5523000
2019-11-29,114.38092849165017,114.937868965868,113.8322960183117,114.28948974609375,3278900
2019-12-02,114.48063404117524,114.58870143357217,113.75744502182037,114.18138122558594,4717100
2019-12-03,113.80734545455174,114.25621844275007,113.18390299740618,114.0151596069336,5741400
2019-12-04,115.12904005382725,116.15980281259584,114.74665643371284,115.86054992675781,7257300
2019-12-05,115.83560558063924,116.16810312781128,114.67183879760036,116.01016235351562,5472900
2019-12-06,115.92705602494935,117.68931603420818,115.92705602494935,116.69181060791016,6640400
2019-12-09,116.70014144499285,117.04926777831892,116.4258251793855,116.79158020019531,4241000
2019-12-10,117.04092288186308,117.20717165237778,116.3011050716997,116.36760711669922,5310300
2019-12-11,117.1489635110094,118.02178530615281,116.89959672722551,117.1905288696289,6631500
2019-12-12,117.47317587240354,118.08829757096927,116.98272489256105,117.48979187011719,5012400
2019-12-13,117.29030520914431,117.87218226196713,116.6336054264119,117.52305603027344,4257200
2019-12-16,117.81400297256535,118.7450190576732,117.61450949173299,117.86387634277344,5353100
2019-12-17,118.86968817479965,119.74251010028944,118.47068857719263,119.33518981933594,10722400
2019-12-18,119.46817567398139,119.60117974753418,118.65354792041217,119.0276107788086,7849200
2019-12-19,119.6095330886405,121.26373858513665,119.37678221367248,120.82317352294922,9414700
2019-12-20,122.09496653975722,122.89296572745968,120.36595138777739,121.413330078125,14532800
2019-12-23,121.14734045089058,121.99521304343875,120.81483020325197,121.72921752929688,6558700
2019-12-24,121.36346901628121,121.3717770164231,120.74833453859974,121.3052749633789,4238900
2019-12-26,121.33851285432591,121.51306961707314,120.66519711579414,121.22213745117188,3019300
2019-12-27,121.5297178572817,121.8206627539744,120.981085432417,121.15565490722656,3432700
2019-12-30,121.1805929617259,121.52971923132264,120.55715047659535,120.7815933227539,2923300
2019-12-31,120.61532036576654,121.37175412302847,120.34931220376481,121.25537872314453,4435000
2020-01-02,121.25540075741692,121.38009686250247,120.5987135995902,121.33853149414062,5777000
2020-01-03,119.2853290200215,120.83977489332844,118.86970069590993,119.93370819091797,5752400
2020-01-06,119.70093452402004,119.8671832851766,118.74499463439436,119.78406524658203,7731300
2020-01-07,119.70927445754477,120.9062861515467,117.52307793138789,120.51559448242188,7382900
2020-01-08,120.42412441915994,121.34681963633166,119.4515558417034,120.49894714355469,6605800
2020-01-09,121.16396042681959,121.3884032658456,120.52390196155085,120.85639953613281,6112700
2020-01-10,121.15565375959906,121.5130880220081,120.44908055087808,120.58208465576172,5042600
2020-01-13,120.93118201872248,121.18886948287302,120.29943169745127,121.11405944824219,4593200
2020-01-14,120.57378227370177,121.87054064681446,120.30777405154011,121.79573059082031,7037500
2020-01-15,121.69595879439574,122.52721537819345,121.56296738080445,122.2030258178711,4960300
2020-01-16,122.54382070993896,123.72420331192662,121.52968685623739,123.19219970703125,6476000
2020-01-17,123.36680753075044,124.19806421484583,122.96779518992595,123.9985580444336,9083600
2020-01-21,123.5081187897566,124.8298138641635,123.441616733413,124.0816879272461,9543900
2020-01-22,121.94532220626193,124.00683471039378,121.36344521122075,123.23377227783203,10305300
2020-01-23,123.05922479379319,123.6660512605768,121.99521733188506,123.46654510498047,8671900
2020-01-24,123.50808377879648,123.81564460372701,122.9677594806599,123.29196166992188,9051900
2020-01-27,122.62697960521416,124.23961947049649,122.19472261316636,123.64942169189453,7587100
2020-01-28,123.40834883470353,125.16230060344867,123.15064865835541,124.2728500366211,7336600
2020-01-29,124.23131571610983,125.67770699200857,123.96532015827243,125.13738250732422,6288600
2020-01-30,124.71346904609909,125.11246879812045,123.8988408528966,124.98778533935547,6470600
2020-01-31,124.48064757915465,124.6884616819579,123.55795245534951,123.74913787841797,8651700
2020-02-03,124.2063534186795,125.0958040243623,124.05673332649089,124.82979583740234,5765200
2020-02-04,125.92704730381989,126.97442589060093,125.68597582431204,126.01848602294922,6541400
2020-02-05,126.11826232337846,128.0301551911105,125.77744404631927,128.00521850585938,5979900
2020-02-06,128.22133905838572,128.42915322217564,126.96614607532373,127.62283325195312,6201200
2020-02-07,127.46489452284935,127.5646539481841,125.97695066695695,126.25957489013672,5700300
2020-02-10,126.08499398755676,126.2761921364797,125.42830685977468,126.23462677001953,4835600
2020-02-11,126.592063980215,126.66688671518241,125.96862152062559,126.34269714355469,3715300
2020-02-12,126.24292252220609,126.47567333103974,125.45323137195138,125.59454345703125,5166800
2020-02-13,124.82153788175212,125.55303532122845,124.58878696683144,124.76334381103516,5480200
2020-02-14,125.1539888069576,125.22049085551441,123.98191398358541,124.79655456542969,5716300
2020-02-18,125.07918273427073,125.30362556978743,123.90710787364593,123.9736099243164,7230700
2020-02-19,124.03183883365382,124.48901994905174,123.50814296492256,123.8073959350586,6115200
2020-02-20,123.53305566885494,124.17312686369046,122.52722950554201,123.33354949951172,7464700
2020-02-21,123.10077817830538,124.88798735279114,122.64358454371748,124.63028717041016,7776800
2020-02-24,122.55564613351643,124.64703941224538,121.50994949415195,122.06208038330078,10588900
2020-02-25,122.12896887057848,122.76474763607433,120.32200257094063,121.00797271728516,10529000
2020-02-26,121.5936026879616,122.32140341845779,120.12125374278214,120.19654083251953,10093800
2020-02-27,119.25958698814256,121.10838393294115,116.23961512232853,116.38182830810547,12566700
2020-02-28,113.23638039681342,114.85092962710587,109.43841641609961,112.50020599365234,19820300
2020-03-02,112.75117106889451,117.22675690403682,112.10701849258984,117.13473510742188,11508200
2020-03-03,117.11802328735027,117.94621961880023,111.34578295984291,113.42880249023438,13662500
2020-03-04,115.17717906435989,120.16306515548125,114.72544383252462,120.02921295166016,10560500
2020-03-05,117.7872496173908,119.3599683838922,116.98414913450885,118.79947662353516,11339200
2020-03-06,115.84644240534486,119.63604566121596,114.9513328010244,118.81622314453125,12239100
2020-03-09,114.04785550794692,116.85031473688306,112.85157195988977,114.13987731933594,13848600
2020-03-10,117.09291828265555,118.74929804905399,112.29107511418067,118.4899673461914,12698100
2020-03-11,115.52017083973979,116.07230160825085,110.00726242511703,110.25823211669922,17763400
2020-03-12,106.50212027066658,111.89791293346168,104.15139602524435,104.91266632080078,21539200
2020-03-13,108.18359254836218,112.86830561291981,104.27686523725515,112.34127044677734,20084200
2020-03-16,103.37338990431412,111.89790483048148,102.41971505048352,106.35153198242188,18877900
2020-03-17,107.53944292940959,114.41594492215998,106.92038593516335,114.2653579711914,18911800
2020-03-18,109.60571173355027,113.495697033207,107.67326692927507,112.90174865722656,17521100
2020-03-19,112.92689822003219,112.92689822003219,105.53172681729566,106.28462982177734,18482300
2020-03-20,106.10054671626513,106.61084709725675,98.82249555490932,100.29483795166016,19785100
2020-03-23,97.87720175719085,99.18222907157723,91.31859574574334,92.9749755859375,20815200
2020-03-24,99.34952948479611,100.0940648419267,95.25039815005239,99.70088195800781,17604800
2020-03-25,99.47501462235196,103.69962443659311,97.62621768847812,99.88492584228516,13986100
2020-03-26,100.8636837965077,106.32640034070336,100.70473591379168,105.88302612304688,15066800
2020-03-27,101.76718471856837,106.76143222680312,100.8720687693193,103.03038787841797,12133200
2020-03-30,107.46415931697769,112.09032029145706,106.66105867045363,111.2704849243164,21754000
2020-03-31,112.92687318602691,113.52919545608745,108.79427813055374,109.69776153564453,15746100
2020-04-01,106.82834095328472,108.94482943147682,104.98791785461967,107.75691986083984,12606100
2020-04-02,108.01627872966728,112.098682598608,106.4268249032397,111.38760375976562,11594500
2020-04-03,110.74345103694631,112.75954427533961,110.07420269487096,112.24088287353516,10071200
2020-04-06,114.61670389724674,117.92947621424568,113.3869637220983,116.917236328125,14994400
2020-04-07,117.00090580587572,118.81623363553184,114.82585169544683,115.00989532470703,11567100
2020-04-08,115.23576591433925,120.57300547301891,114.8593176893679,119.8451919555664,10758200
2020-04-09,120.4726318259345,121.6521808748754,117.35227616218374,118.14700317382812,11125400
2020-04-13,117.1180103596443,118.3644852081037,115.31104370767433,116.92560577392578,8153200
2020-04-14,121.65213707587007,123.32525134636454,120.50605788533301,122.16243743896484,13838000
2020-04-15,121.7609254833771,123.73520135031443,120.07943703156239,123.52606201171875,11962300
2020-04-16,124.06977850357028,126.05241469859703,122.50542084858111,125.2074966430664,12181700
2020-04-17,127.1483814685567,127.40771225617334,125.14900951565349,127.17347717285156,10920000
2020-04-20,126.26154319381358,127.99322232891961,125.55883837008082,126.88059997558594,12226200
2020-04-21,125.58393796773142,126.85550823466627,124.28728477579001,125.21585083007812,9951100
2020-04-22,127.83432210220552,129.66638467646212,126.93083866429055,127.98490905761719,11515600
2020-04-23,129.03896000423097,131.339492516462,128.57885094881456,130.093017578125,10665000
2020-04-24,130.14321663111858,130.75389984533808,128.52865451179508,129.54925537109375,8653400
2020-04-27,129.50743157635029,130.54476720772294,128.82982221616095,129.07241821289062,8924000
2020-04-28,126.5292905706247,128.0769266686687,126.06918150648853,126.64640808105469,8558700
2020-04-29,126.63803906174665,126.84717837172319,124.78088096796694,125.68436431884766,9285200
2020-04-30,124.19527974846109,125.84328558556176,123.107752903618,125.51702880859375,14829600
2020-05-01,125.16570045017136,125.20753086857907,122.79824173463143,124.0530776977539,7309000
2020-05-04,124.45463271365924,124.71396343348806,123.04920981624466,124.0363540649414,7198400
2020-05-05,124.64704420415056,126.13611525466298,124.34588304984175,125.06532287597656,6562300
2020-05-06,125.4835839729546,125.75128841255835,123.84392619250721,123.87739562988281,6191600
2020-05-07,124.9565467077146,125.0903989252372,123.08266672179836,123.46747589111328,5570500
2020-05-08,124.58011602143857,124.79761633183887,123.71846299293684,124.39607238769531,4712100
2020-05-11,124.18697414071497,125.56730185045097,123.91090859876776,124.73910522460938,5887500
2020-05-12,125.5672334600344,125.76799900675337,122.99899687956191,123.09101867675781,7039200
2020-05-13,122.20426930490517,124.60518422692282,122.14570417761254,123.08265686035156,6970500
2020-05-14,121.6270841625599,123.60972118569165,120.68177018248622,123.50933837890625,6871400
2020-05-15,123.70171114450103,125.88512598354808,121.8529268499507,125.85166931152344,10340400
2020-05-18,127.56662080842757,128.51192182942935,125.86841059666557,125.9186019897461,7388400
2020-05-19,125.5672483152827,126.40380556517839,124.14509077857954,124.66376495361328,6107300
2020-05-20,125.27445004606153,125.8098461834106,123.19979160944024,123.54277038574219,5713400
2020-05-21,124.22879375798965,124.22879375798965,121.98682569474015,122.73136138916016,6487300
2020-05-22,121.77945871864523,123.22829975643963,121.34984877154363,121.61097717285156,6140900
2020-05-26,123.14409466153143,123.35468377946869,121.55204144405926,121.77104949951172,7072300
2020-05-27,121.56883679704094,122.35222178932761,120.46533952489442,122.0489730834961,7950000
2020-05-28,123.0008961212876,124.7614180698494,122.82399560600646,123.80113220214844,6189600
2020-05-29,124.63504314438966,125.8059178810645,122.41964197403698,125.30049896240234,8504000
2020-06-01,124.07065522611413,124.955131922151,122.99244017774029,123.9864273071289,6141800
2020-06-02,123.87691220975972,124.96355900645545,123.08509525175491,124.87931823730469,6078300
2020-06-03,125.10674236701728,125.62899908101852,123.36305891994581,125.21623992919922,6339500
2020-06-04,123.65789383361926,124.98038639568057,122.63021823218617,123.59892272949219,8170500
2020-06-05,124.4076123981393,126.05020472330847,123.48944705398551,124.07909393310547,9725400
2020-06-08,122.8829252692005,124.34019788085138,122.7649959165814,123.63262176513672,7555600
2020-06-09,124.87934618297687,125.78909270937504,122.68921422831394,122.95035552978516,8247200
2020-06-10,123.48945714743789,126.37873351795065,123.48945714743789,124.50028228759766,10137100
2020-06-11,125.15732419728931,125.65431142320519,118.56167158214811,118.66275024414062,11913300
2020-06-12,120.32216415067583,121.05502283140147,118.16573419850886,119.74093627929688,8687400
2020-06-15,118.77222954404037,119.9515231357673,117.41603548688633,118.98281860351562,8649600
2020-06-16,121.3751251308491,122.49546063484877,120.26322141660683,121.68680572509766,7579100
2020-06-17,122.05744229069666,122.49547123583353,120.8528787582442,121.31617736816406,5100100
2020-06-18,120.0526181983849,121.40038050714583,119.50507891544808,120.80231475830078,4797400
2020-06-19,122.8071316157063,122.88295345883299,120.66755205498214,121.15612030029297,12206900
2020-06-22,120.85285910141572,121.01290885456844,119.63986397577094,120.78546905517578,5285600
2020-06-23,121.08028206885527,121.36668008555864,120.18737372030635,120.33900451660156,5921600
2020-06-24,119.1850081401498,119.7746550320524,116.85167738218713,117.77827453613281,8211200
2020-06-25,118.41004497370761,118.41004497370761,115.8576932640488,117.65191650390625,7421200
2020-06-26,117.53395958864398,117.59293069226057,115.41965015328873,116.0851058959961,12849700
2020-06-29,116.868549661429,117.67720473278744,116.22835047215123,117.12124633789062,5309800
2020-06-30,117.42447134214065,118.78909738444227,116.11039747819969,118.46057891845703,7738300
2020-07-01,118.51113608354586,119.10078305313594,117.98044738424481,118.25000762939453,6174800
2020-07-02,118.98282222650377,119.47980933719778,118.20785600643774,118.74696350097656,5152200
2020-07-06,119.75780265503651,121.10557797795646,119.51352496509303,120.44010925292969,6156400
2020-07-07,119.10077378258957,121.2740548899209,118.96599367050571,120.33061981201172,5622600
2020-07-08,120.34745220096777,120.78548111860691,119.36189677628344,120.68440246582031,6257400
2020-07-09,120.25481654063162,121.66155043778159,118.41848542986347,120.02738952636719,5738600
2020-07-10,120.24633080877908,120.34740942563909,119.13441460998385,119.92623138427734,4282400
2020-07-13,120.9707976773292,123.52313642626767,120.69281853543102,122.31857299804688,6951900
2020-07-14,122.41120760841653,124.99723442603887,122.36065544025277,124.60132598876953,7447100
2020-07-15,126.12601358989738,126.53035389519658,124.86247905584777,124.88774871826172,8512800
2020-07-16,125.241500018567,125.79745813487239,123.55678780188464,125.72164916992188,9304700
2020-07-17,126.35344993697257,126.84201815246271,125.24996519739037,125.80592346191406,7441100
2020-07-20,126.5471934100776,126.62301525164133,125.03094937887465,126.01651763916016,6191500
2020-07-21,126.0164777035883,127.76014814688578,125.93223695225316,126.13440704345703,5575900
2020-07-22,126.29447976247742,126.6988200596832,124.54238988793654,126.36186981201172,5910200
2020-07-23,126.53037478792164,127.06948243066688,125.74697656372025,126.02495574951172,6566300
2020-07-24,126.77459467681282,126.85883542922745,123.85161794403751,124.76978302001953,5405900
2020-07-27,124.13805422251485,125.44370916761522,123.7084571007097,123.9780044555664,5675200
2020-07-28,124.16331818817156,124.66031819255893,123.61579171373876,123.68318176269531,4842200
2020-07-29,123.31252500091841,124.22227124962552,123.0429776975991,123.43887329101562,4489100
2020-07-30,124.1970082496238,124.24754756837203,123.10194254784545,123.69158935546875,5922500
2020-07-31,123.53998112307295,124.2054369611967,121.26562162703284,122.78185272216797,8259600
2020-08-03,123.31254805251378,124.49184182499303,123.11037789722957,124.1212158203125,4078700
2020-08-04,123.81796512868327,124.01170349121094,122.83240973668873,124.01170349121094,4162200
2020-08-05,125.59531299667015,125.77220059859856,124.50024737964533,125.00565338134766,5467500
2020-08-06,125.00564496424707,125.72165281844978,123.40517345328571,124.2896499633789,4837900
2020-08-07,124.25597801772359,125.2162637229326,123.9527292237977,125.17415618896484,3635100
2020-08-10,125.39314983318305,125.5194981272769,124.43286423806138,124.6939926147461,4096600
2020-08-11,125.6290442111345,125.70485320910936,123.29571317563645,123.80113220214844,6388400
2020-08-12,124.28128062697476,126.55565361103432,124.23917308184411,126.06708526611328,5257300
2020-08-13,125.12361374785463,125.6711531187521,124.2728384127746,124.66874694824219,5155500
2020-08-14,124.34021443104616,125.79748723666606,124.31494477021681,124.87090301513672,4240200
2020-08-17,124.93828551204486,126.54717618541905,124.86246368080143,125.5026626586914,4306900
2020-08-18,125.73014088384193,126.43773019297701,125.14892562944547,126.4292984008789,4322600
2020-08-19,125.99965452594063,127.68436709424576,125.78064651926223,126.68196105957031,7816300
2020-08-20,126.14286511278677,127.68437879646545,125.97439641118353,127.54959869384766,4874700
2020-08-21,127.85283914530126,129.4280413250557,126.85043308424402,128.6783447265625,6722800
2020-08-24,129.5178095885874,129.65347376832025,127.4911795327231,129.0175018310547,5387900
2020-08-25,129.55178806646472,129.7977045859658,128.50030927254414,128.94125366210938,3863500
2020-08-26,128.7716391481598,129.4415241077443,127.73712343420434,129.14474487304688,8008300
2020-08-27,129.24650210488477,129.95878782695215,128.79708280842178,129.7213592529297,5575400
2020-08-28,129.5178596738794,130.33189682259808,128.80556099514155,130.28102111816406,5395700
2020-08-31,129.73828496824808,130.92542749828664,129.1107879515802,130.08595275878906,6362700
2020-09-01,130.47605787456789,130.65413579113448,127.25380894409619,128.4833526611328,6307700
2020-09-02,127.86430916961316,130.86610482718078,126.55845210731086,130.44212341308594,6881900
2020-09-03,131.2900702151749,131.83276584141598,125.75287465811239,126.81282806396484,8672800
2020-09-04,127.33856967719898,127.99997961338266,124.76076850782736,125.99878692626953,7200100
2020-09-08,127.40640015870136,127.9490957882446,124.56571983817821,124.87098693847656,8756800
2020-09-09,125.62566533458855,128.12716558110495,125.60022748940693,126.94001007080078,6960700
2020-09-10,126.55844860776406,127.00786785916655,124.24351377370598,124.57421875,6191800
2020-09-11,124.69291105052955,125.94789215749516,124.336768287967,125.31192016601562,3934700
2020-09-14,125.60023208843624,126.74498691906,125.50695567306035,125.79527282714844,4375800
2020-09-15,126.72805387404665,127.69473107055259,125.93945458113605,126.2531967163086,3658800
2020-09-16,126.67715716938893,127.24529067027554,125.79528158534174,125.8376693725586,4323000
2020-09-17,125.53241654351929,126.03272446623546,123.84497872706204,124.79469299316406,5461400
2020-09-18,124.23503283895796,126.89763567776349,123.97216642495306,126.49909210205078,12174000
2020-09-21,125.14235767575208,125.43913690688497,121.22477348926343,123.03941345214844,7574500
2020-09-22,122.69177817054329,123.25143689980527,121.86925296087057,122.28475952148438,5295900
2020-09-23,125.05753728237146,125.11690088294206,122.42886063556972,122.479736328125,8784400
2020-09-24,122.58152824068188,123.16662477627843,121.5470123537494,122.6748046875,5614800
2020-09-25,122.10662295958485,124.01453894332836,122.01334654949095,123.51424407958984,5531200
2020-09-28,124.42158254487605,125.74440249074992,124.15871613754032,124.74381256103516,5843200
2020-09-29,125.15934617764272,125.43068761419472,123.8534758888893,124.7014389038086,6768600
2020-09-30,125.03214189823234,126.96549650522437,124.51488395011413,126.24473571777344,8487700
2020-10-01,126.60932800869058,126.89763226540222,124.19264170782752,124.92189025878906,6457800
2020-10-02,123.98064277935279,125.84615829286663,123.65841278505023,124.0060806274414,5485600
2020-10-05,124.65052142690013,125.82071413584057,124.15870149037276,125.69351196289062,4992800
2020-10-06,125.73592933740241,126.01575862828652,123.692335780237,124.02304077148438,5118200
2020-10-07,124.21806087736819,125.69350769800269,123.64143951177277,125.396728515625,5603100
2020-10-08,125.92249170010624,127.0672468002075,125.53242306974303,126.2531967163086,4413500
2020-10-09,126.89765046722528,128.44942422053524,126.72806046476859,128.0169677734375,5054100
2020-10-12,128.55112069315035,129.85697725530065,128.05930088850437,128.75462341308594,7273200
2020-10-13,126.34642938063571,127.29614336708127,125.30343898917265,125.8037338256836,11057600
2020-10-14,126.19381665674234,126.37188157998804,124.98122325376187,125.58328247070312,7706400
2020-10-15,125.05754902454667,125.41369184475758,124.08239698865148,124.8116455078125,5978600
2020-10-16,125.1593011158917,126.1429280255023,124.65899328366226,125.58328247070312,6097000
2020-10-19,125.9478988150292,126.26164087363401,122.2168681100158,122.37798309326172,7250800
2020-10-20,122.66629735727122,123.59057367081489,122.20839021590562,122.5730209350586,5325400
2020-10-21,122.20839435982106,123.24291000893635,122.03032941794041,122.04727935791016,5221300
2020-10-22,122.24233661041703,123.53971883184586,121.97098226766441,123.0224609375,5279700
2020-10-23,123.70082252797704,125.04908033048768,122.40344042535193,123.15812683105469,4154400
2020-10-26,122.47123996245041,122.75955709849327,121.04666891374423,122.08118438720703,6929500
2020-10-27,121.88617978200385,122.35254897951224,121.19084406249159,121.38587188720703,4890100
2020-10-28,119.92737392330918,120.39375605625837,117.17149479274694,117.32413482666016,8426100
2020-10-29,117.01887912245337,117.61245055921017,115.36535407045695,116.33203125,7205400
2020-10-30,115.8995675136793,116.62881615387847,113.33024086087131,116.26419830322266,7364100
2020-11-02,117.84989222039232,117.87533007487183,116.58643565161552,117.60398864746094,7088000
2020-11-03,118.73173986265473,119.52882686406727,116.83229877288194,117.44283294677734,6363000
2020-11-04,118.28234303085603,120.86861938156943,117.61244513116503,118.20601654052734,10263500
2020-11-05,119.18117410275241,120.26656545141367,118.08729484520622,118.51127624511719,8016200
2020-11-06,119.05395972826608,121.41978294328378,118.41798769352344,120.62269592285156,5942500
2020-11-09,125.86310416465372,126.33797417102606,122.88675958451054,123.87039947509766,12351600
2020-11-10,124.86253068891561,126.13447497437146,124.02304280251566,125.73593139648438,7386500
2020-11-11,126.49059268217538,126.51603052771792,124.53180094209657,125.32888793945312,6382400
2020-11-12,125.1677799239319,126.04965547587814,124.43853145373454,125.75287628173828,4710300
2020-11-13,126.42276375145674,127.54208079618785,125.84615529002662,127.10961151123047,5893500
2020-11-16,127.97457284902401,128.29680292554465,127.02485844103275,127.91522216796875,6266400
2020-11-17,127.19443548204184,127.72865625151027,126.44822398676999,126.64326477050781,7297700
2020-11-18,126.23617718827477,126.9908633193563,124.9642333984375,124.9642333984375,6661000
2020-11-19,124.90494903216556,125.04062621374517,123.45492664917082,124.76927185058594,7987700
2020-11-20,124.69293025479934,125.4476166166975,123.91280604443489,124.10783386230469,6354900
2020-11-23,124.67138864118076,124.67138864118076,122.13543774479383,122.8441390991211,7318300
2020-11-24,122.95514444040005,123.6040696790245,122.62214144535913,122.8441390991211,11034800
2020-11-25,123.00634619748362,123.10027076633095,121.981722828381,122.68187713623047,7594600
2020-11-27,123.38208203845554,123.51870200361009,122.28914837481312,122.95515441894531,3059000
2020-11-30,123.1514963311613,123.68942912123683,122.15248759873005,123.53572845458984,15663200
2020-12-01,124.9104875432683,127.33544652508967,124.54333601386179,125.90096282958984,9738200
2020-12-02,126.24249240805116,127.83066354932848,126.11440631495702,126.49010467529297,7745500
2020-12-03,126.40468921443922,127.71963321833539,126.10584777994893,127.22439575195312,7310500
2020-12-04,127.89893234114126,128.34294058095432,127.4549371301213,128.3087921142578,6747100
2020-12-07,127.52323765489585,128.00139432601924,126.80598961941867,127.19876861572266,6634700
2020-12-08,128.0782705887174,129.90552006129795,127.69403838271033,129.40174865722656,8339800
2020-12-09,130.49465997190475,131.06674125300665,129.5810288767764,130.72520446777344,8440100
2020-12-10,130.48613907233468,130.62274598271995,129.5127317772747,129.9994354248047,7392900
2020-12-11,129.38467986643175,130.98993184207723,129.1285206958165,130.59715270996094,5977400
2020-12-14,130.85328757436957,131.04967058955094,127.21586971943817,127.2841796875,8547300
2020-12-15,128.07826825065393,128.71865959190723,127.67695530116495,128.56497192382812,7612600
2020-12-16,128.24898976056542,128.86376626561,127.69398934599562,127.79644775390625,8486100
2020-12-17,128.15509751733185,131.39974921662196,128.04410522371182,131.16920471191406,9920300
2020-12-18,131.19482232445995,132.43292256153464,129.50419298507524,131.92913818359375,17137200
2020-12-21,129.79450417098957,130.98990908323293,128.12095553416094,130.6569061279297,7893400
2020-12-22,130.12750171298723,131.40828426145677,129.66642572820749,130.40074157714844,4699500
2020-12-23,130.46907243625947,131.1521591772569,129.70059496683893,129.73475646972656,4607300
2020-12-24,129.65790039133378,130.67397700239144,129.63228578098412,130.18728637695312,2114900
2020-12-28,130.9130988623895,131.38270884722186,130.04216282154803,130.80209350585938,3855500
2020-12-29,131.58763611663818,132.28779066272182,131.32294306767494,131.61325073242188,5212000
2020-12-30,132.12550132751537,133.52582273013863,132.0059621722472,133.24404907226562,5412800
2020-12-31,133.65393294545063,134.61879334290327,132.44146031058864,134.3797149658203,5099900
2021-01-04,134.2601225720659,134.37966171323586,131.60463383791452,133.62826538085938,11765900
2021-01-05,133.41487809061798,135.55805000189886,132.40733518510004,135.19943237304688,9602300
2021-01-06,134.26016779892365,136.81318596580346,133.81615954124268,136.47164916992188,8230100
2021-01-07,135.76293167426704,137.49625611183012,135.20793119026013,136.93270874023438,7747200
2021-01-08,137.052252808671,137.55603712912182,136.51433305181237,136.65093994140625,8228900
2021-01-11,137.0949622563381,137.7439004209939,135.5665674772343,136.07887268066406,7066200
2021-01-12,135.89103390494097,136.32650834421415,134.33702439846942,135.02011108398438,6903200
2021-01-13,135.10549316328624,135.301889223325,133.8417912227703,134.815185546875,6643100
2021-01-14,137.00109127326675,138.28187432604668,136.28385589062174,137.17185974121094,10030800
2021-01-15,136.8729705810547,137.82075023166735,135.8568809612598,136.8729705810547,7630800
2021-01-19,138.32453357955373,139.2125371982586,137.55606916007443,138.99053955078125,9057600
2021-01-20,139.34915651639915,140.15178243418555,138.1537645295655,138.6490020751953,6839900
2021-01-21,137.74389297969282,138.73435486433377,136.6680273559032,138.09396362304688,6818000
2021-01-22,138.6319357040936,141.02273295454523,138.21354195090558,139.6480255126953,8137000
2021-01-25,140.8946445298473,141.8168097267665,139.74194780529575,141.72288513183594,9924400
2021-01-26,144.8991797404451,148.27190412506675,144.6344867954271,145.565185546875,14205700
2021-01-27,144.40397157960058,145.9409133785234,142.97803511384285,143.34519958496094,14207300
2021-01-28,143.61843418924576,145.889692024092,143.27689733942037,144.43814086914062,8944400
2021-01-29,140.2542303123765,141.7399428373022,137.08643527159546,139.2893829345703,22505900
2021-02-01,141.15081735106193,141.15081735106193,138.8368767875876,138.93080139160156,9971400
2021-02-02,139.50282778612865,139.7419061330573,137.6243364476996,137.68411254882812,11443300
2021-02-03,137.419414684925,137.9146521083787,136.24963759862442,137.04371643066406,8601900
2021-02-04,137.47065784604007,138.4013566883978,136.41187293375455,138.31597900390625,7758100
2021-02-05,140.7665418217165,141.26177930628256,139.91268678531856,140.4164581298828,9495300
2021-02-08,140.91170412184175,141.67163462896414,139.9297759822188,140.81777954101562,6035300
2021-02-09,141.05682798039035,142.24368577954587,140.86044499991206,141.970458984375,5544200
2021-02-10,143.35372938428233,143.39642474419736,141.48378466763694,142.4315643310547,5921300
2021-02-11,142.5937787032657,142.9182477581515,141.3983869675698,141.79115295410156,4871300
2021-02-12,140.3737577690559,142.46571295670384,140.03222097818747,142.23516845703125,4413100
2021-02-16,142.23517827403512,142.63649119684035,140.5786973635274,140.94586181640625,5656100
2021-02-17,140.8604990585507,141.81681275184522,140.3396468444249,141.4496612548828,6676700
2021-02-18,140.8519384220232,141.8765619027533,140.2883909475436,141.5179443359375,5189100
2021-02-19,141.39840988251635,141.70579823990943,139.10153757710611,139.1613006591797,8190900
2021-02-22,139.07540893554688,139.65105774102608,137.71790348425085,139.07540893554688,6447100
2021-02-23,138.74031221769283,140.20951503942553,137.81239671607844,137.84677124023438,7042800
2021-02-24,139.53075403161822,141.24052606009027,138.2591719651883,139.69400024414062,10286100
2021-02-25,140.1579474245649,140.64767289227578,139.1784833791052,139.8400421142578,9719700
2021-02-26,139.18702685213583,139.5392934615648,135.72453581319712,136.14553833007812,14417500
2021-03-01,138.71453447699878,138.7832704135849,136.6868702328471,136.88449096679688,10551400
2021-03-02,137.27972659016734,138.13890625995688,136.26590087263554,136.6267547607422,7610900
2021-03-03,135.96515690903155,136.5236183442632,134.08355169211552,134.2210235595703,8499600
2021-03-04,134.02343614269034,134.11794642705442,130.13994051705936,131.51463317871094,11033200
2021-03-05,132.2964204355344,134.6248020276166,131.5661259214387,134.11788940429688,8331600
2021-03-08,134.89118146656165,136.89307127427003,134.01481470596804,135.23484802246094,6546700
2021-03-09,134.79666621580145,138.11309948682282,134.79666621580145,135.4925994873047,7461300
2021-03-10,136.4548856405186,137.38278790355628,135.20047788338738,136.7384033203125,6635600
2021-03-11,137.0734944438194,138.01001008145772,136.54080733821965,136.72982788085938,6305600
2021-03-12,136.85011728711697,137.73507117230423,136.7727942742457,137.12506103515625,5474800
2021-03-15,137.2539410850177,138.035797667342,136.1799665851349,137.82958984375,5524100
2021-03-16,137.86395431423205,138.91214128843083,137.67493376723573,138.6457977294922,6369100
2021-03-17,138.18185873776943,138.95511514548556,137.06492261881465,138.13031005859375,6001400
2021-03-18,137.64913090360764,138.7488794345628,137.43433606381114,137.8725128173828,4801800
2021-03-19,138.06152617839572,138.75745932570527,137.01332636564632,137.5030517578125,14891500
2021-03-22,136.01672520016746,138.02720238902893,135.75038161233206,137.89833068847656,7544100
2021-03-23,137.64912459931193,138.49970373552634,136.50641453072598,137.7694091796875,7178300
2021-03-24,137.5546285787751,139.5994666566838,137.3140593931388,139.1097412109375,6370100
2021-03-25,139.56511606136226,139.5737031365012,138.01859038385862,139.1613006591797,6269800
2021-03-26,139.26441615084784,141.85055509889423,138.6544059855232,141.70448303222656,7619200
2021-03-29,140.75934789801306,143.50871906737126,140.5875146580599,142.6581268310547,8535100
2021-03-30,141.78183932326348,142.33171381290597,141.1030800111792,141.7732391357422,7236300
2021-03-31,141.73023090773196,142.0996717342762,140.64765653964415,141.2061309814453,8281500
2021-04-01,139.70263036856917,140.76800485117062,139.41049929459044,139.90023803710938,7229700
2021-04-05,140.59612864844752,141.54981838931116,139.75413643445384,140.4156951904297,7387100
2021-04-06,140.97419897294438,141.352240117698,140.046283374924,140.38136291503906,5074200
2021-04-07,140.5188096040625,141.1460069671673,140.321201990215,140.5703582763672,4608000
2021-04-08,140.90541573247899,140.9999259869449,139.91736470763786,140.0204620361328,5039400
2021-04-09,139.2901760600565,139.9861093560277,137.27969918057553,138.54269409179688,8418300
2021-04-12,138.40521053469456,139.25580288572093,137.76082596544242,138.8777618408203,5022800
2021-04-13,134.77088104974473,137.40855498742022,134.48735027487405,137.0219268798828,18424100
2021-04-14,135.60431175942935,137.56324011076933,135.3551423449819,137.39999389648438,7718300
2021-04-15,138.08730272426342,139.52213062964307,137.66630013368862,137.80377197265625,7524600
2021-04-16,138.61999547668867,139.62523375962053,137.94983662140078,139.3932647705078,9049400
2021-04-19,139.6166610329794,140.1407610234124,138.1904199954026,139.7799072265625,8353500
2021-04-20,138.32789404416854,144.16171685065797,138.32789404416854,143.03619384765625,14050700
2021-04-21,142.94167101359238,143.4056352261199,142.01375569857444,143.1306915283203,6333200
2021-04-22,142.4863273723895,142.86436845593562,141.43812731711668,141.9192657470703,7233000
2021-04-23,141.36083316960182,142.67537704484977,140.90546898327628,142.21142578125,6015300
2021-04-26,141.94504524398008,142.1168785150486,140.69922453114734,141.00852966308594,6027800
2021-04-27,140.6992381870777,140.828122985417,139.59090233758084,140.20091247558594,6217700
2021-04-28,139.9259735105602,140.21809139334957,138.886360549995,139.16989135742188,7448000
2021-04-29,139.1011400015387,141.12880391556035,139.0238170017333,141.07725524902344,6394300
2021-04-30,141.03433406484004,141.18899321879968,139.63388015253764,139.81430053710938,9079100
2021-05-03,140.56175845026783,142.03954810246174,140.14934288916425,141.94503784179688,6594100
2021-05-04,141.61854172268184,144.21326717503337,141.4810698726151,144.14453125,10179500
2021-05-05,143.91256221972583,144.68581850405525,143.30253902339248,143.54312133789062,7792300
2021-05-06,143.3025433989674,144.2476460953729,142.83000516080344,144.1187744140625,5529900
2021-05-07,144.5999409801227,145.35601017435664,144.19612548670673,144.7717742919922,5316200
2021-05-10,145.974590400773,147.37505716750394,145.39894171451908,146.29249572753906,8357500
2021-05-11,146.61897433804845,146.80799487415334,144.58272314732764,145.09823608398438,8217900
2021-05-12,144.80611019928898,145.88868478242375,144.2991974300644,144.5139923095703,6758300
2021-05-13,143.45720214026076,146.66193800392398,143.45720214026076,146.02615356445312,8018600
2021-05-14,147.33208836455333,147.4437858882271,146.20656538304624,146.24952697753906,5797700
2021-05-17,146.40418644090693,147.68436865823546,146.32686342973628,146.39559936523438,5722600
2021-05-18,146.04334335649102,147.23760246479884,145.65671516215426,146.44715881347656,5846000
2021-05-19,145.98316776701193,146.19796260636895,144.37649345379657,146.1292266845703,5533800
2021-05-20,146.00898126887412,147.42662234492747,145.79418637189391,146.9798583984375,4853200
2021-05-21,147.20322241373216,148.41466863132067,146.80799408308653,146.8853302001953,6501800
2021-05-24,147.7498772203042,148.13893076454704,146.77295601391256,147.44729614257812,5195100
2021-05-25,147.55102998844424,147.86226489454216,146.74701417626034,147.04095458984375,7444700
2021-05-26,146.9718015207706,147.0409663045063,145.4847916500373,146.16778564453125,5726400
2021-05-27,146.3320029211017,147.11873731117413,145.57121686171223,145.94296264648438,8114700
2021-05-28,146.5568089856143,147.84496500653296,146.2542147409003,146.32337951660156,6400800
2021-06-01,147.10145454959388,147.14468418173814,142.97760884129727,143.10728454589844,10448400
2021-06-02,142.90842765679454,144.14471320479083,142.74416298860928,143.68650817871094,6806000
2021-06-03,143.41849631336956,144.5078116319444,143.26288549292863,143.5481719970703,5808800
2021-06-04,144.38680183565455,144.87095525370384,143.40122689175982,143.48768615722656,6510300
2021-06-07,143.51364228710037,143.79030142358943,142.3292266896117,142.51077270507812,5362800
2021-06-08,142.89112061927847,143.21964992679852,140.1159555685641,141.25714111328125,7746800
2021-06-09,141.77593867285393,143.3234596793714,141.4906388509481,143.15919494628906,5552600
2021-06-10,143.51362199428206,144.87959660592216,143.4703923613391,144.44732666015625,6463100
2021-06-11,144.4386815961826,144.44732224577436,141.9747377038835,142.614501953125,7389900
2021-06-14,142.21681810733065,143.04678224233288,141.6980888739752,142.96896362304688,4931300
2021-06-15,142.8478960999523,143.39256035202226,142.12168589174527,142.20814514160156,5062900
2021-06-16,142.47619981723065,143.29751020871774,141.33500064366916,142.15631103515625,6988500
2021-06-17,141.94880415907602,143.25425462101038,141.3522695347501,142.8392791748047,5874700
2021-06-18,141.15339527289117,141.94877018434622,139.8738670662723,140.0381317138672,12993000
2021-06-21,140.72117407098642,142.00933017857355,140.27160959459712,141.64622497558594,6592300
2021-06-22,141.53381225782312,141.81909877453722,141.16205329511521,141.45599365234375,5627800
2021-06-23,141.51647692426155,141.51647692426155,140.47037829485697,140.60006713867188,4493400
2021-06-24,141.1534373453916,141.9574531441142,140.747102525016,141.23988342285156,4549200
2021-06-25,140.86818622752264,142.4589370738481,140.82495657794965,141.96615600585938,10963800
2021-06-28,142.1649545690821,142.7096189707702,141.3695793808681,141.80184936523438,5604000
2021-06-29,141.7845049288968,142.33780978631205,141.27442969305727,141.81044006347656,3749500
2021-06-30,141.78453690262154,142.6231416213555,141.49923716607822,142.42430114746094,6151700
2021-07-01,142.42430993402274,143.52226612477637,142.32921001597464,143.4790496826172,6320200
2021-07-02,143.53090481923118,146.36659437761622,143.2023754657667,146.08993530273438,9059900
2021-07-06,145.1648808213838,145.98619099209745,144.36950578929466,145.2167510986328,6098500
2021-07-07,144.79313165456247,146.53950586059622,144.79313165456247,146.46170043945312,6293500
2021-07-08,145.84786225475062,146.50492094837438,144.87958189593314,146.1763916015625,5755500
2021-07-09,146.42713159828588,147.29167157478508,146.3147503717875,146.7556610107422,6120900
2021-07-12,146.73839761316867,147.99197820637505,145.7095927124249,146.5222625732422,7840500
2021-07-13,146.08128789307943,146.7642685158613,145.82192332033853,146.3406524658203,4691200
2021-07-14,146.9717794772777,147.68934916009832,146.14181538876477,147.3348846435547,6162900
2021-07-15,146.36658990410555,146.88530586590895,145.000615445245,145.56256103515625,6656900
2021-07-16,145.5366437310707,146.18504865665483,145.19947369744023,145.32916259765625,5834900
2021-07-19,143.92857498597087,145.40694377417137,142.92571889409913,144.27439880371094,8219700
2021-07-20,144.2917351301798,147.67209003373384,144.23986483569414,145.63177490234375,9902800
2021-07-21,146.36661908460204,146.70378914413504,144.793150012226,146.5308837890625,7585200
2021-07-22,146.41848773871976,147.89685687054055,145.80465856445122,146.95449829101562,5281900
2021-07-23,147.83629128007115,148.85644181179714,147.30028087810183,148.51927185058594,5014900
2021-07-26,148.54520825379538,148.8218540806642,147.71524438953273,148.5884246826172,4484900
2021-07-27,148.52793387501364,149.3233088737037,147.5509997217456,149.2714385986328,7089300
2021-07-28,149.33196011287774,149.89391891360282,148.77001450398345,148.85646057128906,5750700
2021-07-29,149.34061395388986,149.85932993321592,147.91411532912383,148.85646057128906,4214100
2021-07-30,149.1677044299441,149.5481040861519,148.56252915499152,148.87376403808594,5346400
2021-08-02,149.107155170352,149.42703062092474,148.09564535826178,148.9342498779297,3721500
2021-08-03,149.3319657741843,150.86220501446212,149.08125502011333,150.76710510253906,6033000
2021-08-04,150.6028430166416,150.94001303894223,149.7901734265243,149.8766326904297,4793100
2021-08-05,150.30025580937124,150.30025580937124,149.06395698377688,150.16192626953125,4291000
2021-08-06,150.3780462602548,150.3780462602548,149.08987728340006,149.6604766845703,4581100
2021-08-09,150.18785512648097,150.6460601651807,149.5048612969871,150.17921447753906,3950200
2021-08-10,149.7901553773388,150.52501945649163,149.3751799826253,150.2310791015625,3678300
2021-08-11,150.64607461073626,150.83627444034025,150.04953998078116,150.2570343017578,4221300
2021-08-12,150.27430556651726,151.54516686159894,150.07545192604618,151.4673614501953,4300400
2021-08-13,151.54515815420567,152.40969785389538,151.39818798827787,152.3751220703125,5882100
2021-08-16,152.6344901664677,153.79297022494106,152.11576105786483,153.74974060058594,4782800
2021-08-17,153.2915719200672,155.19355711581994,153.2915719200672,155.1589813232422,6041900
2021-08-18,155.1848899496776,155.1848899496776,153.13593489986135,153.18780517578125,7134100
2021-08-19,152.69502660381045,155.03793544035466,152.21954023193385,154.38088989257812,5615000
2021-08-20,154.65752658762995,155.5480015394877,153.94861080086977,155.13302612304688,5428700
2021-08-23,155.1417107826283,155.61133061842858,154.4024798754795,154.46336364746094,6461700
2021-08-24,153.9241885590812,154.11551862477828,152.43703455211238,152.53269958496094,5734800
2021-08-25,152.7935993799989,152.9762241726141,151.22817766361646,151.52386474609375,5700300
2021-08-26,151.28035754582197,151.95001275532658,150.4976533156533,150.71507263183594,5031600
2021-08-27,151.5673188656048,151.5673188656048,150.23671400865075,150.39324951171875,7046100
2021-08-30,150.2715394267038,151.56736342063863,150.2628474307179,151.02816772460938,3252700
2021-08-31,150.88032986359968,151.75000722302283,150.00194723763937,150.56724548339844,7106800
2021-09-01,150.3671935572068,151.0977325439453,149.63666784069022,151.0977325439453,5327400
2021-09-02,151.61952302069858,152.3587539641818,151.24556818661685,152.13262939453125,4544300
2021-09-03,152.28049378462535,152.38485080952606,151.15860268605536,152.22830200195312,4096900
2021-09-07,151.62825219709225,152.2196264289596,149.29750998448822,149.86280822753906,6859900
2021-09-08,149.2540194848078,150.4367811872432,148.78439956438362,149.49752807617188,4661700
2021-09-09,148.88001408550045,149.13221458733133,145.84483644912777,146.1666259765625,7114600
2021-09-10,146.58411371923904,147.05373362922987,145.12304893329147,145.21002197265625,6699300
2021-09-13,146.03618567984788,146.2101184560948,143.60979226618613,144.19247436523438,6273500
2021-09-14,144.71425977984995,144.8360140393796,143.0705706410902,143.32278442382812,5259600
2021-09-15,143.49676712359093,144.33166324393568,142.89668761056558,143.86203002929688,7935300
2021-09-16,144.06200409395655,144.7664536811197,142.7922829787838,143.68804931640625,5665400
2021-09-17,142.8879904999908,143.41849421148157,142.2444244871292,143.2793426513672,13419800
2021-09-20,142.17484266435036,143.64459943881073,141.0355675135597,142.4618377685547,7270800
2021-09-21,143.15755794301165,144.34901140661174,142.83578164004706,143.08798217773438,6663600
2021-09-22,143.80111528195437,144.32291358522522,142.30526959284936,142.566162109375,5657100
2021-09-23,142.97491217125943,144.16637884067,142.7574928928541,143.37496948242188,4697900
2021-09-24,143.27935921998585,144.06206361324948,142.5314360856613,142.940185546875,4399300
2021-09-27,142.62707666865947,142.940161026302,141.6269530854743,141.90524291992188,5775500
2021-09-28,141.84440751331852,142.5488441747926,140.68773482994752,141.59219360351562,7610400
2021-09-29,141.7574108434895,143.20107845779216,141.56608076110126,142.6444854736328,5124100
2021-09-30,143.1836825459374,143.84463257391883,140.37462833923672,140.45289611816406,6972300
2021-10-01,140.47898479706862,140.80076117814437,137.9482204604241,139.55712890625,8568300
2021-10-04,139.13965636283453,140.01802553456073,137.1219989419474,138.47000122070312,8620700
2021-10-05,139.02658959483347,140.11368603127806,138.40911298003607,138.7830810546875,5129000
2021-10-06,139.03525858905232,139.10483434190158,137.26981532993346,139.07005310058594,7312600
2021-10-07,139.16576879726486,141.4182298766368,139.16576879726486,140.31373596191406,5309200
2021-10-08,140.29635548262462,140.5485560734484,139.36579435497788,139.95716857910156,4343200
2021-10-11,139.89628736138368,140.75727264321586,139.0961858586709,139.36578369140625,4101600
2021-10-12,139.14840301858692,139.30493860227443,136.8350576335487,137.1394500732422,6686400
2021-10-13,137.2524607009258,139.21792637598796,137.1915769278287,138.45260620117188,6901100
2021-10-14,138.89613775828,140.1397696619746,138.80047274490198,139.24400329589844,4579200
2021-10-15,140.04412934492916,140.72247655206323,139.50493368546927,140.27894592285156,6918400
2021-10-18,139.36577835264538,139.9223712580031,138.45261459239026,139.25271606445312,7465500
2021-10-19,139.9310051297562,143.62713188153262,139.78316165211106,142.51394653320312,10081300
2021-10-20,142.60967804290158,143.27933327066341,141.98350933360624,142.4357452392578,6003200
2021-10-21,142.8879572590515,142.9662250170742,141.13120571440558,142.10523986816406,4524100
2021-10-22,141.80958520909888,142.6792625507666,141.722625437066,142.38357543945312,4304300
2021-10-25,142.3835556842784,142.89666205981723,140.63550924734142,142.69664001464844,6715400
2021-10-26,143.1140991888637,144.39252592457478,142.67056852819323,144.14901733398438,6939100
2021-10-27,144.08817964698207,144.15775544801227,142.02704796359262,142.40101623535156,7018800
2021-10-28,142.42702395583302,143.67065585286417,141.16599480094825,141.62692260742188,6278800
2021-10-29,141.19210252871818,141.97480672169874,139.67885938270493,141.6530303955078,8526800
2021-11-01,141.8965345501252,142.6096629506616,138.6265397987049,141.7747802734375,5846400
2021-11-02,142.36619782353972,145.21873883624352,141.74002898950963,144.0098876953125,8450600
2021-11-03,143.53149190380887,144.16636569341324,142.13131134775924,143.54888916015625,6717800
2021-11-04,143.44456708368034,143.48805360002623,141.47039601952665,143.1488800048828,8224400
2021-11-05,141.30517208673342,143.14889709215115,141.0616634903954,142.13136291503906,6215900
2021-11-08,142.34875401736352,142.77490061153972,140.8963947236316,141.64431762695312,5578800
2021-11-09,141.41821082154837,142.27049076670022,140.90510445550333,141.33123779296875,6112800
2021-11-10,141.34864943242346,143.35760185690975,141.1921138893207,142.8618927001953,6225100
2021-11-11,142.1835384306491,142.46182825023337,141.31386118033794,141.8095703125,4118800
2021-11-12,145.61009583949195,145.7753366858944,143.15761221722383,143.50547790527344,18995200
2021-11-15,143.49675923372737,143.89681664382252,141.94873465027834,142.2096405029297,7496200
2021-11-16,141.91394388009255,142.9314780593737,141.42692668637835,141.4704132080078,7594700
2021-11-17,141.64429897037954,142.5052840398219,140.70504615013846,142.00086975097656,5414500
2021-11-18,142.14875957060423,143.03583417931745,141.00079237423108,141.235595703125,6358700
2021-11-19,141.79215891293484,141.92261844960566,140.69637046408985,141.66171264648438,7620700
2021-11-22,140.96144421013258,142.37079658506119,139.75342407243826,139.7971954345703,7634500
2021-11-23,139.63961746635783,140.93516681258535,138.99183611467268,140.66380310058594,7734000
2021-11-24,140.18233949197153,140.60251511510774,139.51706030891071,140.26988220214844,5230900
2021-11-26,140.58499753758284,141.07520458866608,138.8867707126585,139.35946655273438,8523100
2021-11-29,139.62211420241283,140.42745645577014,138.67670894226026,139.84095764160156,9188500
2021-11-30,138.75544391512457,139.1843817239761,136.4269606364511,136.49697875976562,14981700
2021-12-01,137.3286283433069,140.1298214713485,136.77713864600062,138.3790740966797,9835800
2021-12-02,137.6612630978497,139.43827063826998,137.2148273199256,137.512451171875,11334700
2021-12-03,138.23027408511393,139.77092709902178,137.95014806959782,139.51707458496094,8750500
2021-12-06,140.22611466710507,143.14111068112877,139.91097960188245,142.63339233398438,9692000
2021-12-07,143.56129150853437,143.7976461552863,142.1694504855989,143.0010528564453,8311300
2021-12-08,143.0973463567587,144.06026281368588,142.37078454964876,143.85891723632812,6216400
2021-12-09,143.71884351547854,145.29451880152772,143.1148468998734,145.2244873046875,8574200
2021-12-10,144.93564735200644,145.91606173963638,144.13029169685987,144.86561584472656,6572200
2021-12-13,144.2178304954582,148.11324115152433,143.38622807450042,147.4567108154297,11142300
2021-12-14,147.35165782534568,149.66264387947183,146.32747219015664,149.0673828125,10482400
2021-12-15,148.682221003025,149.9515101344064,148.30580338475377,149.8114471435547,8552200
2021-12-16,149.9164908434102,151.88608161309932,149.54883550259197,151.44839477539062,8998600
2021-12-17,148.49839450736508,149.49631999493437,146.76515831466952,147.2641143798828,16726200
2021-12-20,146.8964686527593,147.50922761384908,145.79350252279764,146.8439483642578,7954500
2021-12-21,147.11529065300908,147.1503130783351,145.29451189316342,146.37123107910156,7954200
2021-12-22,146.23992453561783,147.21158985265683,145.41707114100834,147.00149536132812,4178200
2021-12-23,146.95773223560596,147.89437509283843,146.50253419884734,147.2816162109375,3501500
2021-12-27,148.06072640893007,148.68224769419518,147.67555979351445,148.52467346191406,3704800
2021-12-28,148.62969831912696,149.3737713253732,148.4546262462287,149.1199188232422,3187000
2021-12-29,148.81353244207062,150.55553095393455,148.73475201296267,150.1703643798828,3662000
2021-12-30,150.6693244346245,151.33461702815774,150.34544042386332,150.8356475830078,4231800
2021-12-31,151.02822120899208,151.1595219192368,149.7151606779752,149.75018310546875,4409500
2022-01-03,148.99738565279833,150.21415474361189,148.02572016609508,150.16162109375,6012200
2022-01-04,149.74141517851453,150.8181210333836,149.33875077750616,149.75892639160156,6748400
2022-01-05,150.56428316385524,151.85108362923407,150.231636868626,150.75686645507812,7016100
2022-01-06,150.6955869582778,151.0019731161535,149.51384040035055,150.2404022216797,7301600
2022-01-07,150.09158348508225,152.57764163715723,149.80270855543972,152.27125549316406,6986000
2022-01-10,152.04363156392358,152.04363156392358,150.7043111227765,151.51840209960938,7698400
2022-01-11,151.4309312277956,151.78107543443568,148.90985019712227,149.90777587890625,8341100
2022-01-12,148.4721388470944,148.88356556867583,147.36041047023764,148.62969970703125,8116200
2022-01-13,147.9381523537153,149.18118138010246,147.4654564422721,147.72805786132812,6159400
2022-01-14,147.61432823827786,147.63182610188386,146.3187650454527,146.9227752685547,5847700
2022-01-18,146.27493286132812,146.81766021517856,145.32076549269487,146.27493286132812,7815600
2022-01-19,146.36247532730874,147.69304704911528,145.59215557859315,145.8197479248047,5926500
2022-01-20,146.44125877037143,146.94022818526136,144.37537632701685,144.65550231933594,6011300
2022-01-21,145.47836043780592,147.0540358027852,143.9727165731749,144.32286071777344,10550300
2022-01-24,143.56131726127913,143.71012921899737,138.53666634856197,142.65968322753906,14054600
2022-01-25,142.12566865130947,147.42168199105518,141.4428782618168,146.7388916015625,14081200
2022-01-26,146.660122623642,148.13075757390115,145.51338506676558,147.39544677734375,9963200
2022-01-27,148.27952572051032,150.4854708157377,147.93813056886776,149.32997131347656,9066700
2022-01-28,149.5663562292055,150.4242187456787,148.20077534583996,150.3804473876953,9783100
2022-01-31,150.12659113998276,151.10700542008064,149.53134342910698,150.81813049316406,8054800
2022-02-01,150.33669955743406,150.54678071853772,148.31457488180322,149.58387756347656,8154700
2022-02-02,148.50716681773517,151.43092559879315,148.50716681773517,151.23834228515625,7382800
2022-02-03,150.79185116491942,151.98235979234303,149.72389430691553,151.2295379638672,6240400
2022-02-04,149.68891248036084,151.42214877960694,148.91857929974324,150.2404022216797,6392200
2022-02-07,150.04779541161784,150.3366703090781,148.8222643293191,149.7414093017578,6065700
2022-02-08,149.70639044422092,150.60802414529854,149.23368124032865,150.13531494140625,6296100
2022-02-09,150.6255466765584,150.77435859055544,149.90773388971692,150.11782836914062,5387500
2022-02-10,149.87275853678156,149.88150746646426,148.2007913244089,148.3058319091797,10355300
2022-02-11,148.04316543763431,148.94479909472108,146.6600736730886,146.80889892578125,13125300
2022-02-14,146.8089070499493,147.03649936918816,143.39494211852255,144.9618682861328,8967600
2022-02-15,145.42583620343217,147.15032345090214,145.32078227719055,146.45877075195312,6631400
2022-02-16,145.74096099464956,146.92270738514088,145.05817062935012,146.37123107910156,8482400
2022-02-17,146.3712326336338,146.58131375925458,144.36661951239068,145.4783477783203,6227600
2022-02-18,145.34622601022681,145.68100766262467,143.54900614779407,143.9190216064453,6423200
2022-02-22,144.10398456681708,144.25375171493198,141.3464730724706,141.96316528320312,6868900
2022-02-23,142.2891428868775,143.28466905678627,141.7076978530239,142.03366088867188,8016900
2022-02-24,140.76503339289448,141.07338626074716,137.1882046516455,139.32020568847656,12883400
2022-02-25,140.95886965832076,147.1170151159574,140.69456908913435,146.2448272705078,11340400
2022-02-28,143.48731710360204,145.52240866211778,143.0556391626354,144.98501586914062,9373500
2022-03-01,143.637089943076,145.143593857928,143.08207350529776,144.48284912109375,8737800
2022-03-02,144.84406559232232,147.6808641911315,144.51808903387683,146.2800750732422,6793300
2022-03-03,146.8615211344887,149.18734196985602,146.526752956798,148.4296875,7333700
2022-03-04,147.68967546510112,149.64548112610981,146.9936968652839,149.31069946289062,6302500
2022-03-07,148.27111931982373,152.51749843862947,147.44298377838936,151.71580505371094,11663400
2022-03-08,151.56600252449303,152.51747640638192,148.45609886968109,148.64111328125,11100300
2022-03-09,149.77758073740253,149.9714002283788,147.9098803075041,149.20494079589844,7248200
2022-03-10,148.50018632566773,149.90096204857795,148.07731342576574,149.4692840576172,6171400
2022-03-11,149.0023169826364,151.05503182552596,148.90540723664992,149.19613647460938,5188000
2022-03-14,150.36784855754928,153.39846601913752,150.0771327557346,151.25765991210938,7729500
2022-03-15,152.70248247014,155.51285163152352,152.0153091668223,155.17807006835938,10554400
2022-03-16,154.57903582942265,155.89170678013417,152.024148094523,153.7509002685547,9603300
2022-03-17,154.35877647593637,155.79478580412285,153.4689650172494,155.75955200195312,7472100
2022-03-18,155.93573897521048,155.93573897521048,152.99322599711178,154.0327911376953,13809500
2022-03-21,153.87422343865535,156.07670569292597,153.5746890783669,154.9049835205078,7574900
2022-03-22,154.90496219315432,155.3806923797088,153.21345766790742,154.17373657226562,8442100
2022-03-23,154.37639890243773,154.64950458029585,153.3720674248604,153.59231567382812,5254200
2022-03-24,154.1737345083982,154.64946468858426,153.3544176861659,154.3851776123047,5012300
2022-03-25,154.7816322185419,156.55242296471496,154.3675645136399,155.86524963378906,4809500
2022-03-28,155.6273831063949,156.97530110472485,155.3630960031021,156.66696166992188,5604200
2022-03-29,157.3629722523328,158.0501457470069,155.75957191238888,156.58770751953125,5933400
2022-03-30,157.20434724300952,158.45535532517215,156.53478415475178,158.2174835205078,6277600
2022-03-31,158.21751046490465,158.76373519985512,155.9181184759168,156.13836669921875,11490400
2022-04-01,155.97981462757983,157.19557583646403,154.70237745560047,156.98414611816406,6525600
2022-04-04,156.98415064437748,156.98415064437748,154.63190086026432,155.46884155273438,6860600
2022-04-05,155.4688131949007,158.27036407523346,155.31022748764323,156.47314453125,7446100
2022-04-06,158.0413333323508,160.86932677006436,157.36296496005926,160.54335021972656,10330900
2022-04-07,160.04998632236956,161.1776562138428,158.78135433374084,160.1292724609375,7385200
2022-04-08,159.75046309182463,161.38911061762997,158.9575613221783,160.44644165039062,7144500
2022-04-11,161.22170018073996,162.278888968758,158.2263297075413,158.43775939941406,5932000
2022-04-12,157.87389311026064,159.29229193054363,156.99290038816892,158.49058532714844,5957500
2022-04-13,158.4906387285322,159.3187743171892,157.90919355263156,159.1602020263672,5643100
2022-04-14,158.57868997651045,159.81207441028602,158.3408181775387,158.49058532714844,6188200
2022-04-18,158.34082947098477,158.92228793532877,155.70666964749716,156.51718139648438,6318700
2022-04-19,159.21301653233044,163.81179992673526,158.53464832663542,161.2921600341797,14380800
2022-04-20,160.5521501800479,162.3846170165724,160.2526023788648,162.0057830810547,8044900
2022-04-21,162.0410384216189,162.86917400466555,160.8340822955839,161.53887939453125,6969200
2022-04-22,160.7548010986293,161.35386991329722,159.79452191123616,159.9354705810547,8003600
2022-04-25,160.6402469535424,164.47257156006074,160.4288172546792,163.8734893798828,11176500
2022-04-26,163.07181111957553,164.36687191646163,162.26128572266617,162.7017822265625,10190000
2022-04-27,162.31417295559345,162.82515056476348,160.11169021411285,160.42884826660156,11090100
2022-04-28,160.56096102671202,162.54319511346156,160.2702317475092,161.62696838378906,9403900
2022-04-29,160.78121323180312,160.825265567841,158.75492676003068,158.98399353027344,8463100
2022-05-02,158.99277264604473,159.82090803387828,155.96215524498714,157.38055419921875,7145400
2022-05-03,157.52151953328257,159.13373801346336,156.5347984297835,157.07220458984375,5898700
2022-05-04,156.94887524839223,159.0192138810612,156.06788237370492,158.75491333007812,5923000
2022-05-05,158.0677176234001,158.32321304896533,154.41160308732347,155.72427368164062,7089200
2022-05-06,154.29710448310718,155.82121852020705,153.90066034480654,155.38072204589844,6434000
2022-05-09,154.57016981670884,157.3100577097472,153.8125155408656,156.2264404296875,7855200
2022-05-10,157.01936127855296,157.85630184751082,155.49524732094466,156.01502990722656,8186700
2022-05-11,155.01951382868188,157.09865757324312,154.94903278479518,155.16928100585938,6138900
2022-05-12,155.46879446008012,156.77265998948985,153.9182520316708,156.70217895507812,6898600
2022-05-13,157.4334329711039,157.60082377767534,154.87855886637175,155.80360412597656,7732200
2022-05-16,155.80361990559868,157.81228290212056,155.20453766576787,156.88723754882812,5516700
2022-05-17,157.45103413687846,158.3144033160237,155.5745151729978,157.5391387939453,5751100
2022-05-18,157.55677094571612,158.02369611894983,154.32352853509096,154.6142578125,8608800
2022-05-19,153.92708735732876,153.99756840558578,152.13867276682407,153.2399139404297,6874500
2022-05-20,154.0416306572216,156.07672232618793,153.33683357216705,155.9181365966797,7522100
2022-05-23,157.4697712746739,159.5356633917827,157.3456402436553,159.10121154785156,7040800
2022-05-24,158.93273428845168,161.14050768550513,158.79974159615134,160.8390350341797,6419800
2022-05-25,160.0676616911054,160.97205265056783,158.76427909723145,159.26080322265625,6558900
2022-05-26,160.48438354911121,160.48438354911121,158.35641923420002,159.1189422607422,6897600
2022-05-27,159.3849269582587,160.6262507442675,158.02834734579557,160.56417846679688,5853600
2022-05-31,157.82443527691308,159.74847311716997,155.17333455537664,159.18101501464844,16391400
2022-06-01,158.84406167922262,159.44699344579394,155.96243612496352,157.56729125976562,5175400
2022-06-02,157.59386054228273,157.6559192767122,154.80089279061824,157.0707244873047,8666500
2022-06-03,156.99982563216045,158.4184638726569,156.1840920705242,156.42349243164062,4234200
2022-06-06,157.12396283036145,158.26774054867633,156.05110552698616,156.40576171875,5386500
2022-06-07,156.9200500650469,158.97709421837678,156.40578902671442,158.1259002685547,5447800
2022-06-08,157.91312865896575,159.1101037889263,156.76047541846017,157.18606567382812,4333100
2022-06-09,157.12399585946795,158.40076653576816,153.95863388905434,154.0207061767578,5509600
2022-06-10,152.65526979412755,154.25125024611495,151.280952917992,152.99220275878906,6647300
2022-06-13,150.802117690005,152.72615529429336,150.802117690005,151.44937133789062,7997000
2022-06-14,151.67103549827945,151.7153709054256,148.30174749417253,149.1263427734375,7116800
2022-06-15,150.4120014677221,152.00798155872073,149.52534736486373,150.7223358154297,7796100
2022-06-16,149.31256838478507,150.91742392141256,148.43478934720832,150.80215454101562,7056700
2022-06-17,151.28980993423815,152.68184998803903,150.0573611418171,150.25242614746094,12486600
2022-06-21,151.39619097361592,154.1536858276882,150.34107040624718,153.4000244140625,8219700
2022-06-22,152.50448121638263,157.7534710393881,152.22962065329145,155.82057189941406,10593100
2022-06-23,156.93779177146504,159.43816308356813,156.5122015480768,159.29629516601562,10223500
2022-06-24,160.28934610781542,161.8409909666647,159.5800200379161,161.62818908691406,9374400
2022-06-27,161.0518268739777,162.5680111184199,160.92769585911375,161.4774169921875,5908600
2022-06-28,161.52174837002036,162.23107423553108,156.32595568435778,156.88455200195312,9245700
2022-06-29,157.13283595041912,158.09042397308212,156.43237165613192,156.9289093017578,7097900
2022-06-30,156.8136491024769,158.08155800728974,155.19107043007185,157.3899688720703,10777200
2022-07-01,157.33678423880403,159.34949305018554,156.6629319209615,159.1721649169922,5498400
2022-07-05,158.56037144057558,158.8263704051395,154.81868965237928,157.94857788085938,5676400
2022-07-06,157.88652741403735,159.1012393965729,157.30133236711816,158.0904541015625,5335600
2022-07-07,157.70028792785388,158.81746714652962,157.38995360247714,158.2677459716797,5725800
2022-07-08,158.1170435452981,159.5888927497621,157.6205193628932,158.0727081298828,3828300
2022-07-11,157.5584171338742,158.72880693793033,157.39882590383021,158.13475036621094,3645200
2022-07-12,157.80670072304372,158.22342925296516,155.3418032856569,155.9181365966797,4708800
2022-07-13,155.74963037385214,156.34368687498437,154.72110858266865,155.5545654296875,5291700
2022-07-14,152.97442486562656,156.0599772259214,152.77049821872006,155.7673797607422,5359600
2022-07-15,157.56730045556122,158.27661288690027,156.53877848914527,158.02835083007812,5691100
2022-07-18,157.59391524820384,157.99290691429758,154.19802819233834,154.48175048828125,7605700
2022-07-19,156.34371926313065,156.716112362063,150.6248030171579,152.22964477539062,13256400
2022-07-20,152.6818236399988,152.99215796704271,150.5183856083946,151.3607177734375,7455800
2022-07-21,150.77555127763267,151.96366467327886,150.52728918090867,151.89273071289062,5729200
2022-07-22,152.1498200580164,152.9389415158855,151.67101935861496,152.61087036132812,4257000
2022-07-25,152.61088087590073,153.37340385070215,152.25622469056967,152.912353515625,4437300
2022-07-26,153.00103131433875,155.14673264063669,152.9389725617537,153.99407958984375,4525500
2022-07-27,153.06309566317492,154.36647822185705,151.73311456486806,153.5684814453125,4648500
2022-07-28,153.74579799639926,156.13089941810495,152.00796373495746,154.4551239013672,5513000
2022-07-29,154.0916091127891,155.03147381743736,153.31136270961974,154.73887634277344,6451400
2022-08-01,154.42853849444148,155.3063308985184,153.86994209827728,154.19801330566406,5461400
2022-08-02,155.17332471604598,155.59892841290144,153.12515596852373,153.32022094726562,5794200
2022-08-03,152.99215037237457,155.39497513545962,152.3005613348672,154.80091857910156,5010000
2022-08-04,154.9960440287952,155.2443061632842,152.14989115509258,152.31834411621094,5651600
2022-08-05,151.88382896914422,152.08775559566402,150.54497280511583,151.71536254882812,5235500
2022-08-08,151.8838484712302,152.04343971353762,150.2346713210484,150.9085235595703,4629800
2022-08-09,151.20997358251938,151.7242345477139,150.4917859769214,150.89077758789062,5532500
2022-08-10,151.6355601197872,151.83062506830169,150.3144408828964,151.32522583007812,5603400
2022-08-11,149.41894520216803,150.6868540073245,148.05349038048098,148.1953582763672,9328700
2022-08-12,148.5499845752282,148.90465424352843,146.43088235071792,146.5638885498047,14606900
2022-08-15,147.18457815864474,147.84956872261452,146.41319343380545,147.26437377929688,10072000
2022-08-16,147.06041501346255,149.17951727338192,146.8298898721638,148.57659912109375,7453600
2022-08-17,147.54811132656118,149.45441222079123,147.54811132656118,148.5854949951172,7406600
2022-08-18,148.67413918534143,149.2238738761851,147.1224946544556,147.86729431152344,8312100
2022-08-19,148.15990208525312,150.8375876640734,148.07123126560262,150.11940002441406,8128500
2022-08-22,150.7620924438164,150.77994848930493,149.21787820327296,149.5927734375,5462600
2022-08-23,149.0661337556404,149.75344848540735,147.99500258442467,148.28956604003906,5566300
2022-08-24,148.6733853115329,148.70016256981015,147.34340274985735,147.7986297607422,5684300
2022-08-25,148.12885565508904,149.2803319615584,147.0130914310824,149.18214416503906,5678700
2022-08-26,149.47673599925963,149.5124344683468,146.56681363239886,146.62930297851562,5667100
2022-08-29,145.9151949754636,146.24545685385863,144.6209110956285,145.49566650390625,5259200
2022-08-30,145.76347403811087,145.9776921008419,144.62985351552902,144.9868927001953,6973300
2022-08-31,145.7009664075963,145.9866086156253,143.95145555401405,144.01393127441406,8741700
2022-09-01,144.14782012129618,147.72718693779706,144.1388852903736,147.58436584472656,7509600
2022-09-02,148.048554561284,148.35203922422625,144.61199459154986,145.26361083984375,5803700
2022-09-06,146.33475035589666,148.36990374867156,145.3350297054591,145.65635681152344,7394600
2022-09-07,145.41535768993734,146.7631962903023,144.74589899608293,146.45079040527344,4590600
2022-09-08,146.28115950202405,147.6557750549216,145.56706766330356,147.62899780273438,5838400
2022-09-09,147.2719458384618,148.35199790285577,146.73637360112792,147.9146270751953,5500600
2022-09-12,148.27168605696238,148.6822933100597,147.47726242438176,147.85215759277344,6365300
2022-09-13,146.00447487723213,146.78104255188495,143.54085833115371,144.00502014160156,6726400
2022-09-14,144.94226380456792,147.60224233572492,144.94226380456792,146.9774169921875,9555700
2022-09-15,146.78996056909497,148.23600048167683,146.4775547116894,147.35231018066406,7174500
2022-09-16,147.56656165495792,149.6284923472577,147.05776648663846,149.60171508789062,20201500
2022-09-19,148.44131796045124,148.5573482115464,146.45971903665315,148.4234619140625,7380900
2022-09-20,147.4772727474838,148.08424202827035,146.6739278475791,147.25411987304688,7143400
2022-09-21,147.298769812341,148.88761736821064,145.70992225647134,145.74562072753906,8071200
2022-09-22,145.6295857783379,149.2089672247484,145.34395713179043,148.33419799804688,7401100
2022-09-23,147.94143715733205,149.4945724739818,146.97741508828867,148.81619262695312,9598600
2022-09-26,147.99502834029147,148.92333855152165,146.72752131141272,147.90576171875,8735500
2022-09-27,148.4948473740982,149.6641662416753,146.74532286844726,147.2273406982422,8686700
2022-09-28,148.39670047032035,149.40535608610818,147.37020242641486,148.49488830566406,8660900
2022-09-29,148.60197909999494,149.21788329874687,146.29011826656375,146.86138916015625,7008100
2022-09-30,147.28089893097874,147.9414363506579,145.78131813409072,145.8170166015625,8985200
2022-10-03,146.64712224313192,146.72746762118908,144.33526196500523,145.67417907714844,8657000
2022-10-04,146.25439234083964,148.17350152090387,145.42425660525225,147.8343048095703,6236100
2022-10-05,147.29875758710452,148.20921153557433,146.5757444314846,147.37908935546875,4539400
2022-10-06,147.09344753157416,147.28090194510682,144.32635997016263,144.52273559570312,5890700
2022-10-07,144.39775967911385,144.79943211202772,142.07696443534692,142.99635314941406,6363500
2022-10-10,143.38019826331026,143.96039032528438,142.085900614001,143.18382263183594,5315600
2022-10-11,143.1481054523196,146.4864774485056,143.1481054523196,145.25466918945312,6212200
2022-10-12,145.4421012104454,147.17376947608804,145.04935002192823,145.2189483642578,4341700
2022-10-13,143.61228941284912,148.16461432629248,143.48732432527325,147.41481018066406,6465100
2022-10-14,146.78103311700994,147.88786262901644,146.0312427469081,146.79888916015625,5684600
2022-10-17,147.63790935075104,149.2535473079308,147.28979147493177,148.7001190185547,6710800
2022-10-18,147.2808861807905,149.2178513525054,145.5402966135969,148.1824188232422,10883600
2022-10-19,148.17351510091055,148.39666798509867,146.290104213556,147.0041961669922,10044600
2022-10-20,147.2809015429666,147.94143897436024,146.68285345597022,147.37908935546875,5659900
2022-10-21,147.02205262230746,151.18161204387002,146.77210886076068,150.59249877929688,8487600
2022-10-24,151.574359538328,153.60059149577683,151.07449926798327,152.61871337890625,6855500
2022-10-25,151.89569822428982,152.73475521850912,150.42289468859553,152.37771606445312,5661900
2022-10-26,152.92225089538314,154.03801557812378,152.20815877439426,153.7166748046875,6123800
2022-10-27,153.84162029571849,154.80562887298058,153.2792706088384,153.805908203125,5390900
2022-10-28,154.42177861273896,156.55511940252435,154.05580465470044,156.09095764160156,6073900
2022-10-31,155.77853662280623,156.34980734202574,154.79665868969377,155.28759765625,7810000
2022-11-01,155.36795521464308,155.87675030635518,152.11884990564263,154.5021209716797,6985000
2022-11-02,154.32359198561142,155.26083672570724,152.00279678348554,152.1277618408203,6877300
2022-11-03,151.57436268977065,153.05610110779338,150.79779501220852,152.3866424560547,4819900
2022-11-04,153.13644352122057,153.97550060228082,151.0655916970591,153.06503295898438,5300900
2022-11-07,153.23459665620365,155.18049658120077,153.0292998488523,154.40391540527344,6621000
2022-11-08,154.5378537205686,155.9303256648603,153.68986178767213,155.17160034179688,5148400
2022-11-09,155.55540660100246,156.20700916845746,153.83265936025603,153.93084716796875,6150000
2022-11-10,155.62682347150812,156.0017186743107,153.56487942583763,155.7339324951172,7877500
2022-11-11,154.18079312608344,154.51998988213637,148.90546908319283,151.0745086669922,11074700
2022-11-14,151.96709900789025,154.6538545628597,151.96709900789025,153.44883728027344,6581500
2022-11-15,153.69878449174254,154.42179766574782,152.20812484233767,153.87730407714844,9351000
2022-11-16,154.99306099395923,156.1980919723047,154.53783403022706,154.8323974609375,5500900
2022-11-17,154.42180368031242,156.19810563168886,154.40394763502496,156.08206176757812,4464100
2022-11-18,156.20703648418095,157.6709190241401,155.86783970364576,157.27816772460938,6555700
2022-11-21,158.01481370147962,158.60774312368898,157.0625405914311,158.08668518066406,5706600
2022-11-22,158.4729673553989,159.18268959282346,158.41008838326877,158.8502960205078,4707900
2022-11-23,158.50891541421842,159.37134571486345,158.12260794207427,159.02098083496094,5389200
2022-11-25,159.3534022830882,160.01818950970838,158.88624449902377,159.22763061523438,3058600
2022-11-28,158.78736811404448,159.70371206815568,158.6166751148584,159.3084259033203,6183100
2022-11-29,159.02097465094639,159.24556786543405,156.90980665961138,158.19447326660156,6700500
2022-11-30,158.44601771739843,159.9193486667819,157.01760815285417,159.91036987304688,13288000
2022-12-01,160.80875207712543,161.6711961086486,159.7037572279313,160.57518005371094,6282600
2022-12-02,159.4611689078297,160.77279920195105,158.97605363679241,160.700927734375,5823900
2022-12-05,160.23381473181087,161.1321877649096,159.91039989157196,160.6111297607422,5120600
2022-12-06,161.63523777244083,161.70710924374117,158.05072524929525,158.20346069335938,7943500
2022-12-07,158.62571834163583,159.80258471269602,158.32026112053052,159.16473388671875,5702600
2022-12-08,158.85030851532642,159.43424543825788,158.41907963787727,159.19168090820312,4798500
2022-12-09,159.11979587904904,159.81154681647942,157.80817918572492,157.8800506591797,4561000
2022-12-12,158.06870785979294,159.79358217023486,157.75428557193715,159.76663208007812,4882400
2022-12-13,160.89859969252265,161.88680170569737,160.18887739050558,160.99742126464844,9177500
2022-12-14,160.43142745644823,162.6414170220336,160.43142745644823,161.4915008544922,9533600
2022-12-15,160.98843484663666,161.56339300398565,158.47298776770347,159.4522247314453,7602400
2022-12-16,159.01199144354297,159.01199144354297,157.08947412921546,157.81715393066406,18841800
2022-12-19,157.52970521081343,158.26636391538221,156.37978890996197,157.646484375,5736000
2022-12-20,158.1136186105286,158.50890485034796,157.36796751415687,157.81715393066406,6174700
2022-12-21,158.3561988845497,160.07208074835145,157.79919835111312,159.62289428710938,5472000
2022-12-22,158.80539890239046,159.470186148606,157.5207183853668,159.03897094726562,5709100
2022-12-23,158.71552698464768,159.47914937700568,157.94292579885644,159.44320678710938,3683400
2022-12-27,160.00920088299674,160.22481531810487,159.0030276019911,159.39830017089844,3067300
2022-12-28,159.69477553667332,160.3146550844075,158.69758098338002,158.70657348632812,2645400
2022-12-29,159.5061121482356,160.17989182750884,159.07489699176386,159.5150909423828,2828800
2022-12-30,159.45226046560705,159.7038038590643,157.57465010346897,158.69761657714844,4216600
2023-01-03,158.25738913289425,160.2517782663902,158.12262495960812,160.08108520507812,6344900
2023-01-04,160.70995655968167,161.87784428223898,160.34162031421394,161.82394409179688,9788800
2023-01-05,160.82671722743206,161.6981400199087,160.27870922090636,160.6290740966797,6255300
2023-01-06,161.82391655640404,162.54260391745606,161.15911566853993,161.9317169189453,5706000
2023-01-09,161.07826109660292,161.4915049473679,157.37695548719535,157.73631286621094,7925300
2023-01-10,157.84412414920214,158.23941043943321,156.60437880303044,157.3590087890625,5047500
2023-01-11,157.7273471871394,157.86209764792312,154.61897071358734,157.1074676513672,6494800
2023-01-12,156.5504512835907,156.95473004127825,155.238834570819,156.31687927246094,4269400
2023-01-13,155.5892088418074,156.3258675110047,154.86152896693682,155.8048095703125,6088000
2023-01-17,156.31686722082617,156.83792508986534,154.60097188265811,154.84353637695312,6053300
2023-01-18,154.20569082442975,154.52012679824017,152.46285904858692,152.5077667236328,7047800
2023-01-19,151.85194582422477,153.87328452488123,151.56447367055543,152.30113220214844,6939500
2023-01-20,152.81321821601054,152.8221970090692,150.45947216694415,151.5914306640625,8620600
2023-01-23,151.91487675130773,152.39101333515825,150.8817395970767,151.2051544189453,8425400
2023-01-24,151.84300526777204,153.6128011390971,149.13889381856703,151.2051544189453,10541800
2023-01-25,150.1809985353342,152.28318786621094,150.10014826293497,152.28318786621094,7099800
2023-01-26,152.31912568423454,152.64254047177542,151.5105818613411,151.7261962890625,6946100
2023-01-27,151.41177895837643,151.70824369250445,150.7200416201618,151.13328552246094,6058100
2023-01-30,150.86376791989522,151.41177598590372,144.7099212330355,145.5364227294922,23259100
2023-01-31,145.26693092429338,146.8211125853616,144.6829938788769,146.8121337890625,11612500
2023-02-01,146.42581472353626,149.1119411198087,145.8957642552345,148.15966796875,9865300
2023-02-02,146.43476812105712,149.3275296677024,146.27306759503554,148.7166290283203,10099000
2023-02-03,149.15685243186374,149.43534583932845,147.23433496205172,147.88116455078125,6868500
2023-02-06,147.82729062824393,148.09680528943548,146.52465242525074,146.7582244873047,7021000
2023-02-07,145.17705305124855,147.22534198217056,145.0153388156066,146.7941131591797,7310800
2023-02-08,146.7043099150942,147.83625493143072,146.34495249937197,146.98280334472656,6054700
2023-02-09,147.00075685479476,148.0518514659381,144.70092450479746,144.99737548828125,7949500
2023-02-10,145.32978546206928,146.24611593505944,144.9524704952941,145.67115783691406,7028000
2023-02-13,144.9344868176458,146.27306723701102,144.77277258393883,146.21017456054688,6414700
2023-02-14,146.20122925409137,146.4078512090772,145.3208138304253,145.57235717773438,6316000
2023-02-15,145.49149462177328,145.5184447132767,143.10181931586163,143.17369079589844,12621800
2023-02-16,142.90419000278374,143.42523424434953,141.8710528979669,142.15853881835938,11177000
2023-02-17,142.07708610835468,145.77785509364287,141.71514410318633,145.12637329101562,12401900
2023-02-21,144.45680792260137,145.0902030544556,142.86430433263143,142.96383666992188,9423900
2023-02-22,143.41626770867686,143.732965305153,142.39380030939896,142.76478576660156,9820200
2023-02-23,142.70144145077708,143.49768634624337,141.76040592884766,142.7195281982422,9385100
2023-02-24,141.74227956339735,141.92325745851204,140.43932984262614,141.1269989013672,8689700
2023-02-27,141.5613387404125,141.96851145798908,140.32172003386148,140.8193817138672,7267100
2023-02-28,140.23119687024894,140.49360651328757,138.47581635799318,138.6748809814453,9062300
2023-03-01,138.44871370342452,138.65683556694998,137.45340409617444,138.05059814453125,6767000
2023-03-02,137.3086504023686,138.22252837698113,136.83813254500402,137.94203186035156,8762500
2023-03-03,138.77447436425032,139.45310029557191,138.29491314398413,139.3626251220703,5747200
2023-03-06,139.94169701175014,140.90986267759658,139.86026522621384,140.75604248046875,8148200
2023-03-07,141.2356026957204,141.3803795179494,138.75636519676735,139.42593383789062,7457700
2023-03-08,139.32642474866734,139.52548946078193,137.96917287880237,138.40350341796875,6230500
2023-03-09,138.85588608097098,138.9825623383015,136.3675916067328,136.84715270996094,7439400
2023-03-10,137.40815440385578,138.88303891403845,136.7204852209131,137.18194580078125,8504300
2023-03-13,137.6162821681165,141.0727567454848,137.14577814712348,138.4939727783203,10799600
2023-03-14,138.6930317136596,139.37165759188014,137.44435567959655,139.27212524414062,8421200
2023-03-15,138.2949001897596,140.14981365628958,138.01440370682317,139.6612091064453,7757700
2023-03-16,138.84685265314198,139.67929874467103,138.07775160445266,139.3716583251953,7605500
2023-03-17,139.77879048355268,140.20406368378985,137.8062584540908,137.87864685058594,20540700
2023-03-20,137.96007117855726,139.40781141702962,137.87863941439514,139.24493408203125,7129000
2023-03-21,139.34446639600964,139.46209925980435,137.6886181580094,139.24493408203125,8376800
2023-03-22,139.2087708861394,139.39877836874132,136.65713138064424,136.67523193359375,7943500
2023-03-23,136.7928655648665,137.25433997077897,135.82469988254837,136.7476348876953,9051500
2023-03-24,137.06430081012752,138.2224876510996,136.47616401672065,138.12295532226562,5696200
2023-03-27,139.525466068184,139.83310646017173,138.539199855041,138.71112060546875,6772300
2023-03-28,137.88772723907,138.84684958842922,137.29053316267243,137.37197875976562,6115300
2023-03-29,137.75200337316292,138.78351410688597,137.59818317152718,138.7201690673828,6012000
2023-03-30,138.96446879555592,139.1635334680711,138.2677424417527,138.8287353515625,4555700
2023-03-31,139.15445780111025,140.42123407670445,138.65680999261207,140.2493133544922,9890000
2023-04-03,140.20410026705468,142.06805709147102,139.290222410362,141.9232940673828,6841900
2023-04-04,142.03182890310256,143.84149734673596,141.68798748067636,143.4071807861328,8314500
2023-04-05,148.7276401586814,149.8948843782482,147.27085608284744,149.84963989257812,16704200
2023-04-06,150.19346677353724,151.31545259137482,149.11671163028169,149.4333953857422,9615400
2023-04-10,148.96291532267378,149.15292284507868,148.0671241541553,148.6824188232422,5354000
2023-04-11,148.77286562907855,149.55102374043733,148.429024149948,148.63714599609375,5903800
2023-04-12,148.3385656432121,149.15291114585935,147.57850799985087,148.32046508789062,5764100
2023-04-13,148.55571010000446,150.50111240863956,148.2209257790192,150.3020477294922,5640600
2023-04-14,150.1753721523983,150.31109179486052,148.44713506943114,150.0577392578125,7225100
2023-04-17,149.9672604413296,150.41967764740818,149.2433901502684,149.90391540527344,8046400
2023-04-18,148.6190774104239,149.01720682838513,144.45683288569447,145.68740844726562,14571500
2023-04-19,146.57412439753764,147.19844851450858,145.83215358778912,147.06272888183594,6752000
2023-04-20,146.9722495066497,148.22998261592733,145.64215559968912,148.0128173828125,9498800
2023-04-21,148.79096440283735,149.2705255092172,146.55602242857194,147.20750427246094,7014200
2023-04-24,147.20752469732523,148.22093490323903,146.4655537917965,148.10330200195312,5278900
2023-04-25,148.67333925526552,149.61437477060235,148.53761961684066,149.46054077148438,6263100
2023-04-26,148.474272705533,148.74572578563095,146.80033735717046,147.1441650390625,5518200
2023-04-27,147.39751762949913,147.85899200786955,146.7008050851798,147.48800659179688,5739700
2023-04-28,147.31611198129775,148.17570204890873,147.0899033421012,148.1214141845703,6024900
2023-05-01,148.0309600830078,148.66434160157513,146.80038435835635,148.0309600830078,4893400
2023-05-02,148.70049111813657,149.7320018452426,147.99472134731025,149.3248291015625,7541700
2023-05-03,149.79533999585485,150.3653762881221,147.04463564561388,147.37037658691406,5937200
2023-05-04,147.19845353863226,147.39751821113106,145.9045469740673,146.7008056640625,5128000
2023-05-05,147.3432173565614,147.6056270411024,146.30266341122217,147.1984405517578,5194500
2023-05-08,146.57415336149592,147.0989590559963,145.98600262144643,146.8636932373047,4994900
2023-05-09,146.35696837285602,146.70080987279616,145.4883212491516,145.7235870361328,5520500
2023-05-10,145.8593067616784,146.55603313581562,144.82779606793906,146.2664794921875,6756600
2023-05-11,146.42933851510196,146.75507942001676,144.22154058253227,145.66928100585938,5867600
2023-05-12,146.00408419070348,146.18504831538482,144.7825521874183,145.47927856445312,3904200
2023-05-15,145.49737602133865,145.70548406995778,143.81438346494465,144.3663330078125,5104500
2023-05-16,143.92296277079367,144.9997179556325,143.44340162561502,144.1763153076172,5599200
2023-05-17,144.5834602440633,144.82776935998632,142.75570498076158,143.85960388183594,6840700
2023-05-18,143.56102494963775,143.80532028956742,142.5657016165571,143.3981475830078,5173000
2023-05-19,143.4976473668168,144.7101218381433,143.09047475261596,143.78720092773438,6527100
2023-05-22,144.04252637386494,145.0818199950651,142.93029815861635,143.01234436035156,5675900
2023-05-23,143.22200066004112,144.2886427479766,142.55647787262103,142.95761108398438,5793000
2023-05-24,143.20374259131572,143.25844003743754,142.1462122634745,142.8208465576172,5015100
2023-05-25,142.26471591674365,142.48350567546495,140.14054390714398,140.76959228515625,6886100
2023-05-26,141.0249121163373,141.56278903395844,140.57819299732924,140.71495056152344,6845400
2023-05-30,140.3685105504446,141.65395649674463,139.77593618925064,140.73316955566406,5593100
2023-05-31,141.0340144774044,141.93656426285997,140.25911064116883,141.36221313476562,11324600
2023-06-01,140.88812255859375,141.34395318069602,139.62091398558334,140.88812255859375,7901300
2023-06-02,141.05226208297196,143.41346192374084,140.4779109121931,143.10350036621094,7659700
2023-06-05,142.9028984421232,144.62593761810155,142.9028984421232,144.33421325683594,6430500
2023-06-06,145.48290761503986,145.51025634036216,143.49547880625394,144.20657348632812,5073600
2023-06-07,144.13367492086678,144.77183512762525,143.53197504984482,144.51657104492188,6504300
2023-06-08,144.49832525596273,146.24871339417794,143.8784022096743,146.10284423828125,5818400
2023-06-09,146.24872348605385,146.53133630082513,145.38264791828237,145.87493896484375,6264400
2023-06-12,145.8658299111593,146.0937452703955,144.7080159912016,145.774658203125,6510600
2023-06-13,145.61967934223262,146.6316241069767,145.0909140325524,146.54046630859375,6066800
2023-06-14,147.32449915122842,147.76209276189402,146.75925958031652,147.28802490234375,6699100
2023-06-15,147.73472722695917,149.4304179251229,147.16948772033896,149.2663116455078,7138300
2023-06-16,149.95005278537727,150.41500897009902,149.39393881348218,149.72213745117188,13426600
2023-06-20,149.74951850288122,150.706765895342,149.3392735949269,149.63101196289062,7995800
2023-06-21,149.12959019783642,150.3512132721693,148.31821201731975,149.40309143066406,7177500
2023-06-22,149.42129071967278,151.08052106519543,149.32100741405495,150.98934936523438,5485900
2023-06-23,151.43606067115883,151.58192981927616,150.4514647876382,150.86170959472656,9450700
2023-06-26,150.405890152664,150.405890152664,147.07833168939945,149.17515563964844,6978800
2023-06-27,149.22073599945628,149.4030794139089,148.090284730607,148.8651885986328,4927500
2023-06-28,148.78313614424863,148.78313614424863,147.60709907130226,148.56434631347656,6780400
2023-06-29,148.27259083961786,149.80418903209616,147.89880637415533,149.60362243652344,4547500
2023-06-30,150.29650871650267,151.2811047617168,149.8315663802279,150.89820861816406,7580000
2023-07-03,149.8224272168611,149.86801306783798,148.56434397715975,148.91989135742188,4033700
2023-07-05,148.5916880633296,149.4395264394481,148.35464720999462,148.42758178710938,7224600
2023-07-06,147.91706777640363,148.02646269709305,146.7774909830569,147.32449340820312,6332500
2023-07-07,146.29429581474798,146.81393554303182,145.13648202208864,145.18206787109375,7022200
2023-07-10,145.34616332260245,146.13931816176876,144.9541556166953,145.41909790039062,5739200
2023-07-11,145.07269781186466,146.1393400892204,143.67785684064168,144.6168670654297,6606700
2023-07-12,144.8994620831422,144.8994620831422,143.9331032452763,144.1154327392578,6940400
2023-07-13,144.04248613440032,145.07266786012391,143.50460930326136,144.7809295654297,6401700
2023-07-14,145.11823542853878,146.07548255177514,144.9359059552669,145.74728393554688,5362200
2023-07-17,145.637897882475,145.74729279091537,144.17923418597957,145.01797485351562,5486800
2023-07-18,145.01799087372208,146.6772074487033,144.21572436093805,145.0088653564453,6332500
2023-07-19,143.96046713214417,146.23962082401835,143.43170180632737,144.71714782714844,7522600
2023-07-20,147.6344377593021,154.19839654216696,147.05097506551073,153.5055389404297,21892900
2023-07-21,153.3232216804875,155.73002135232747,153.3232216804875,155.15567016601562,12080000
2023-07-24,156.34992185534315,158.4649828690191,155.88497957376617,155.96702575683594,15155400
2023-07-25,155.39269048926081,157.42569161619588,154.7545302600491,157.16131591796875,13790100
2023-07-26,156.80576088191418,158.49234003713482,156.25875847728884,157.462158203125,14288200
2023-07-27,156.969863614741,158.89346985311258,156.84223156668625,158.3464813232422,12446400
2023-07-28,158.62905688735214,159.86891673899748,157.92707383252622,159.066650390625,14138800
2023-07-31,154.69984405822626,155.18302354628472,151.98309664994179,152.73065185546875,22632700
2023-08-01,151.6730839043173,154.1528037184398,151.39047113101282,153.97047424316406,15810300
2023-08-02,153.9340317741448,156.1129019470057,153.9340317741448,154.900390625,14595600
2023-08-03,154.9368389131692,156.18582438385852,154.6815748558417,155.56588745117188,17424800
2023-08-04,155.29241676194465,157.42570133595814,153.0588488663741,154.1072540283203,23415100
2023-08-07,154.5174955427848,158.02738358284265,154.39897510942902,157.80859375,17736400
2023-08-08,157.70829627897524,158.21882439089956,156.2496326070362,157.88150024414062,27378700
2023-08-09,157.717411770224,158.85698844486436,156.85133627966695,157.78123474121094,42974400
2023-08-10,158.62909656215942,160.4250707797829,156.47757492591683,156.96075439453125,48213800
2023-08-11,157.24333937091743,158.5834826138928,156.45931008530494,158.49232482910156,45905600
2023-08-14,158.19146484313012,160.0877219225979,156.577820526942,158.1185302734375,64036900
2023-08-15,157.535057198183,159.13957589266383,156.9333574711855,157.66268920898438,88958100
2023-08-16,157.2889479638111,159.2946003602692,156.9242889502186,157.16131591796875,85832700
2023-08-17,157.5897937827801,159.89629606492926,157.49862207634484,158.63819885253906,70904200
2023-08-18,157.87239496720085,158.61996395451908,156.17670429271013,157.25247192382812,49631700
2023-08-21,154.69981248244986,154.8456816330698,151.29931963485336,152.5665283203125,151319500
2023-08-22,152.1198573580056,153.01328184403818,150.79795080083602,151.35406494140625,56834800
2023-08-23,151.2446229300974,151.79162534251822,149.02929237257635,149.9956512451172,119011400
2023-08-24,149.53979061283675,151.94657570631975,149.3848098728634,150.5061492919922,70755100
2023-08-25,150.87352471445035,154.06913768860014,150.65313229794452,152.66416931152344,18185500
2023-08-28,151.51625828731346,152.6273836799661,149.83580355943263,150.86427307128906,18458000
2023-08-29,151.3968641054472,152.1406688845824,149.4684839395124,150.88262939453125,12208600
2023-08-30,151.617298752895,152.2784618549376,150.30415030983718,150.35006713867188,9939100
2023-08-31,150.0194866797382,150.20315399641402,148.10028372237767,148.46759033203125,15333000
2023-09-01,148.22884759686147,149.2022227569912,146.9340686332099,147.36566162109375,8610100
2023-09-05,147.43912722078724,148.73390619737296,147.1820097801411,147.54931640625,9019800
2023-09-06,146.77794330295026,146.92487153733103,144.49143395723303,145.0974884033203,9753800
2023-09-07,146.13516920845402,147.89826621973248,145.98824095455177,146.9524383544922,9931800
2023-09-08,146.54838421002424,147.5493066097874,146.1810776083025,147.43911743164062,6957000
2023-09-11,147.8982535451589,149.39505522833505,147.33810188552874,149.3675079345703,6309300
2023-09-12,148.96346400784768,150.5337158180773,148.3298482201995,150.2123260498047,6045800
2023-09-13,150.37759157418142,151.47034747982843,149.67970352226882,150.58880615234375,7397500
2023-09-14,151.22245551570578,151.7642517654075,150.08379644115226,150.35928344726562,7758400
2023-09-15,150.57962662779377,151.35099286688802,148.03599982995655,148.25637817382812,13392100
2023-09-18,148.87163514995234,149.8174629756042,147.6135953067132,149.1930389404297,5789000
2023-09-19,148.99101570573453,149.54198962741364,148.19211612996384,148.94509887695312,5550800
2023-09-20,148.93592854056956,150.17559890837325,148.44924095729226,149.5970916748047,3837400
2023-09-21,149.2849033442333,150.1388976879622,148.38497815029206,148.4492645263672,4526700
2023-09-22,148.11864513521317,148.2104647766677,147.15444782292732,147.38401794433594,4976700
2023-09-25,146.98915847942416,147.25545364493263,145.75865202639662,147.1636199951172,6722500
2023-09-26,146.75039878060247,146.99833842931923,145.878035141752,146.02496337890625,4904800
2023-09-27,145.6209152507886,145.7861990058842,142.5722174351137,144.2710418701172,10211600
2023-09-28,144.62915906061573,145.05157419832273,143.4537613015788,144.05982971191406,7861900
2023-09-29,144.50981160640765,144.7210262301161,142.65489490773606,143.02220153808594,7680700
2023-10-02,142.71916159598712,142.71916159598712,140.7907808454428,142.47122192382812,7259700
2023-10-03,142.03962241913092,142.79261916226554,141.31418698216945,142.64569091796875,5740800
2023-10-04,142.8569062079266,143.18747374140506,141.9386256944456,142.8109893798828,4955200
2023-10-05,143.49965415776708,145.12500006152808,143.3160009158095,144.29855346679688,5993300
2023-10-06,144.24348616781924,145.3637893709761,143.79352372988023,144.75772094726562,5802200
2023-10-09,144.33530558431852,145.8963934633914,144.2526637117126,145.58416748046875,4414100
2023-10-10,145.4372843300401,146.2545534946776,144.99649955830202,145.41891479492188,5273500
2023-10-11,145.51073033928645,146.052512457086,143.28847925774784,143.4170379638672,6922900
2023-10-12,143.17829593826372,143.7659949062441,142.3977659091445,143.55479431152344,5792400
2023-10-13,143.92211491486995,144.50063617827058,143.2976908308217,144.03231811523438,5359800
2023-10-16,144.92301692165333,145.31787076106806,144.02309205684665,144.65670776367188,6408100
2023-10-17,143.23340019734707,145.9606946266575,141.97536029310643,143.33441162109375,12244400
2023-10-18,142.7099922282137,143.20585758984672,139.62456883402473,140.24899291992188,9097300
2023-10-19,139.27562199851045,140.59794835261792,137.8798315123025,139.8725128173828,7733800
2023-10-20,140.25813937107455,141.29578659167282,139.88164108172913,140.49688720703125,7207000
2023-10-23,140.36833638486323,140.95603525476756,138.853179395658,139.01846313476562,5874000
2023-10-24,138.43078081151978,139.54190634510397,137.86145140407967,138.87155151367188,6155300
2023-10-25,138.88072739492145,139.7347214083658,137.95325525903667,139.1837615966797,5880800
2023-10-26,139.5510856501333,139.5510856501333,136.7136023301106,136.82379150390625,7612500
2023-10-27,136.35550607538755,136.5116121128373,133.10478455341791,133.70167541503906,11385800
2023-10-30,134.15159982291496,135.20763084391731,134.0689579377149,135.01478576660156,8205300
2023-10-31,135.48307009684746,136.4013504022701,134.65662342670527,136.2176971435547,7576900
2023-11-01,136.99826376413353,137.52167633900675,136.32792295314408,136.53912353515625,5733000
2023-11-02,135.63924490563727,138.10940815573335,135.48312486018645,137.96249389648438,5349100
2023-11-03,138.85321300841898,139.82658818371632,137.87982382127194,138.9725799560547,4926800
2023-11-06,139.37662574914643,139.97350252328096,139.00012734732016,139.30316162109375,4851400
2023-11-07,139.51433968948862,139.80819615421873,138.36648914635052,138.56851196289062,4840400
2023-11-08,138.9817416874753,139.42251234836513,138.0542695322914,138.06346130371094,5460000
2023-11-09,138.20123074317922,138.20123074317922,135.22599654537234,135.3729248046875,6973600
2023-11-10,136.13506196674547,136.36463205437911,133.7383496913765,135.21678161621094,6930700
2023-11-13,135.21676862103465,135.81364518678006,134.66579485892748,135.5657196044922,5889300
2023-11-14,135.57493796105422,136.4013848398514,134.9596916825098,135.5933074951172,6713600
2023-11-15,135.30861772971255,137.20945080391004,135.23515361890517,136.64012145996094,6729100
2023-11-16,137.28293417860854,137.898180429626,136.49321239142154,137.8339080810547,6875600
2023-11-17,138.2471423115521,138.46752068028331,136.8880909942616,137.5492401123047,7023300
2023-11-20,136.9105571715328,139.21537727767472,136.5680629150258,138.76182556152344,8851700
2023-11-21,138.93768406598764,140.0391767808315,138.4841182723069,139.88182067871094,5916300
2023-11-22,140.3539025937841,140.7334018391259,139.20611122928594,139.60414123535156,4633500
2023-11-24,139.6411556442879,141.32580229848259,139.6411556442879,141.15919494628906,3351400
2023-11-27,140.96480782144414,140.9925898379735,139.74297818041498,140.02992248535156,6449700
2023-11-28,140.1410063271629,140.5205197229502,139.62265345684682,140.35391235351562,5909000
2023-11-29,140.07619387116335,140.88149092546573,139.83553411761596,140.79818725585938,5190000
2023-11-30,140.93705410495645,143.60288504305794,140.62234187589075,143.15858459472656,12481900
2023-12-01,144.80619635302705,146.67598113151737,143.9083301740718,146.6019287109375,10342900
2023-12-04,146.25019572892217,148.11998066702768,146.25019572892217,147.06475830078125,8920300
2023-12-05,146.99068584977167,147.75896378465012,146.4538164209149,146.75927734375,7268200
2023-12-06,146.73152210979183,146.86111031937986,144.55627631593302,144.97280883789062,6642900
2023-12-07,144.93577660672625,144.93577660672625,143.20484550830417,143.84352111816406,6532400
2023-12-08,143.86206608745732,144.2600961391244,142.3995623523176,142.93643188476562,6254700
2023-12-11,143.01045580343737,143.9175731864845,142.87161635033726,143.52880859375,6090400
2023-12-12,143.47330002318287,143.76950974471353,142.22368821206788,143.53810119628906,5324400
2023-12-13,142.23293779930884,144.34338239666374,140.4834899324474,144.20452880859375,10764600
2023-12-14,144.83397562487772,145.47266544401293,143.51957683543625,145.2042236328125,9240700
2023-12-15,143.9268293094319,145.0375872349571,142.3254723917126,143.62136840820312,21727800
2023-12-18,143.66767756575695,144.80620357534028,143.25113091371276,143.8805694580078,7231400
2023-12-19,143.75098330875645,144.8617414406789,143.41775445677413,144.82472229003906,6651500
2023-12-20,144.8987617031925,145.0098474040763,141.72384339037978,141.8719482421875,7008300
2023-12-21,142.26070649279313,143.59362185105726,141.8997097602679,143.32518005371094,4598600
2023-12-22,143.7047194767058,144.88953020462455,143.49182755073582,143.89910888671875,3798900
2023-12-26,143.4733114357559,144.72292334627116,143.33447194527997,144.52853393554688,4170000
2023-12-27,143.93612091440693,144.88027177160404,143.86206848207215,144.72291564941406,5288100
2023-12-28,144.39895194007735,145.5467435658006,144.38970068166537,144.93582153320312,4377500
2023-12-29,144.8710020479519,145.23199881722843,144.38041705698777,145.0839080810547,4313700
2024-01-02,145.25976415261727,149.6195073269326,145.13017593321388,148.07369995117188,9622100
2024-01-03,148.69388287976832,149.43439309225278,147.9163535124855,148.9993438720703,8232000
2024-01-04,149.5732323017515,149.9342290876135,148.49024194416558,148.68463134765625,6766600
2024-01-05,148.56429160318703,149.34182095451408,147.61088949104754,149.14744567871094,5602500
2024-01-08,149.1196690267337,149.63802189718376,147.74046904181336,149.51768493652344,6569800
2024-01-09,149.61024475097656,151.13753537297228,148.65684275376978,149.61024475097656,6357000
2024-01-10,149.78612705202778,150.52662308326083,149.2122242665488,149.8323974609375,4945100
2024-01-11,150.017519842074,150.1378426662853,148.8234439875754,149.16592407226562,4946000
2024-01-12,149.80463433120465,150.38778839220424,149.66579485194612,150.31373596191406,4496900
2024-01-16,149.55472820731845,150.18415269948522,148.26808307810143,148.5828094482422,6923200
2024-01-17,148.33285859059495,149.30477718152216,147.9811131269696,148.4994659423828,5072100
2024-01-18,148.10148812230958,149.36960259465812,147.81454374892198,149.2215118408203,5368500
2024-01-19,149.16593968185595,149.87868194192987,148.3606424799382,149.65652465820312,7071300
2024-01-22,149.95273766923242,151.41524137348583,149.34181571858417,150.38778686523438,6824200
2024-01-23,147.78675866518427,148.57353925491208,145.24126463407202,147.92559814453125,9149800
2024-01-24,147.870038625968,148.6568332135058,146.39828388481598,147.1387939453125,7247900
2024-01-25,147.17586089370067,147.74974966805263,146.6852758206464,147.6942138671875,5478900
2024-01-26,148.49948965267026,148.78644812221387,147.50906839166683,147.63865661621094,5591900
2024-01-29,147.18508610757323,148.166270204117,147.13881569774614,147.50906372070312,6483200
2024-01-30,147.49982121212662,147.87932051474672,146.37054631385402,146.96295166015625,7200500
2024-01-31,148.4717339004104,148.67537457335882,146.870390539551,147.08328247070312,8256800
2024-02-01,146.39832627966308,146.70378729772705,145.37087162765104,146.5834503173828,8012000
2024-02-02,146.22244038779462,146.53715263610195,144.34340403152896,144.9635772705078,8295900
2024-02-05,144.96356756833103,145.2227440053623,143.78800822061726,144.21380615234375,9121600
2024-02-06,144.2415800315765,146.92591357964602,144.0286881189093,146.3057403564453,9229900
2024-02-07,146.0650820738333,147.51832044808756,145.96326174513595,146.231689453125,8690300
2024-02-08,145.63927868807548,145.63927868807548,143.76024243006285,144.76918029785156,9755000
2024-02-09,144.64885004722112,145.50968301212941,144.09346391730506,145.10240173339844,6529200
2024-02-12,144.93578416188615,146.62969620237632,144.7228922808353,146.11134338378906,6701500
2024-02-13,145.91694394812478,146.66670523214572,144.16749624405793,144.83395385742188,8621000
2024-02-14,144.7229168616777,144.8247371914838,143.32520014124353,144.1582794189453,9098800
2024-02-15,144.38041489864227,146.69450033993888,144.2971112125292,146.1761474609375,7462500
2024-02-16,146.05489095627058,146.67043712818858,145.1875078005998,146.0082550048828,8541000
2024-02-20,146.01757791258814,147.92953808759427,145.90566301321226,147.23004150390625,9501700
2024-02-21,147.37926585475066,148.00414774054616,146.54919717286782,147.99481201171875,7472500
2024-02-22,148.27463058744098,149.91612514550837,147.14611731006522,149.64564514160156,8065000
2024-02-23,150.04668420787425,151.3244267394256,149.3751663528691,150.94203186035156,6726000
2024-02-26,150.90475125369008,151.10060235193652,149.75758069864375,149.96275329589844,5465400
2024-02-27,149.5430503878831,150.19591106702242,148.89018970874383,150.13995361328125,5078600
2024-02-28,150.15861801372034,150.7275425394217,149.49642157313178,150.6715850830078,6071100
2024-02-29,151.09126170079992,151.2684697785672,150.10264214198696,150.5130157470703,9849100
2024-03-01,150.93272026836178,151.622895395551,150.24254514117254,151.20318603515625,5670100
2024-03-04,150.45707148059574,150.7275372542111,147.61244895183478,149.07672119140625,8532900
2024-03-05,149.80419224344263,150.38245246246427,148.47981367817857,149.19796752929688,8298200
2024-03-06,148.72231121423997,150.09331146824493,148.49846717721115,148.61038208007812,5773700
2024-03-07,149.2259403455957,149.56169928062508,147.58446012506022,148.17202758789062,5188700
2024-03-08,148.17203558199452,149.58968607652457,147.7616619468967,148.7782745361328,5284000
2024-03-11,148.75030004198456,150.4570735830917,148.18137552828216,150.3731231689453,4620800
2024-03-12,150.69957196948877,152.12654411047785,150.2798767923679,151.78146362304688,8018700
2024-03-13,151.58557686364648,151.72547049248655,149.0487346978504,150.2518768310547,6260000
2024-03-14,150.10266800200793,150.662256825197,148.00417789463094,148.48916625976562,6988300
2024-03-15,147.41657325815018,148.47048601382667,146.521225587325,147.5284881591797,13165500
2024-03-18,147.89224730530185,148.00416221182158,145.96162978006453,146.20411682128906,6602300
2024-03-19,146.1201787329609,146.29738682016622,145.17819507570042,145.691162109375,7840600
2024-03-20,145.21551165737887,145.90568685600016,144.75851625605245,145.27146911621094,5982300
2024-03-21,145.11291662000872,146.3813378541382,144.65592122378118,145.26214599609375,5915800
2024-03-22,145.20616094384314,145.831042827242,144.66521523180523,144.77713012695312,7248600
2024-03-25,144.9357251771255,145.47667105415024,144.46939399672124,144.76785278320312,7498100
2024-03-26,145.13154762841583,145.7097935671508,144.33877916358097,145.28077697753906,6864100
2024-03-27,145.48597291984245,147.56580551554248,144.9730058945456,147.3233184814453,8461600
2024-03-28,147.54716329599404,148.4238680772601,147.46322711003359,147.537841796875,6181500
2024-04-01,147.0994685760076,147.50050645078218,146.21344242108952,147.15542602539062,4364700
2024-04-02,146.02690275423564,147.20205180394856,145.44864261088733,147.10877990722656,6102300
2024-04-03,147.16479471172065,147.40729604519785,143.86317605780573,143.87249755859375,8098200
2024-04-04,144.85176609157293,145.02897418913292,142.14705136513,142.23098754882812,6947400
2024-04-05,141.79264372361794,142.70664876315846,141.4009272781006,142.12840270996094,6783000
2024-04-08,141.75535191119081,142.73463596747987,141.35429971113442,141.3822784423828,5935400
2024-04-09,141.34496478545316,142.2589697924448,140.7760402519459,142.03512573242188,6135300
2024-04-10,141.326303654087,141.59678366472573,139.67548755632419,140.0858612060547,6809500
2024-04-11,140.6454887252389,140.7107676910879,138.39776899030858,138.7708282470703,8374400
2024-04-12,138.08995024925227,139.0319480919256,137.2412243104477,137.58631896972656,7100200
2024-04-15,138.37908670903346,139.4236780552141,137.44642450465895,137.651611328125,8502300
2024-04-16,135.24532621957619,136.40183234873913,133.73441816911202,134.72303771972656,12774900
2024-04-17,135.2360232205098,135.61841814995475,133.87433010424328,135.02151489257812,9378100
2024-04-18,135.21737604125858,135.98216595699185,133.49195932794603,135.92620849609375,9887700
2024-04-19,136.30859369386943,138.15527535186496,134.80700677489403,137.95008850097656,9750800
2024-04-22,138.50968864494124,140.15118358579218,137.3811751044051,139.07861328125,10118700
2024-04-23,139.7687541355194,140.35633585987125,138.22053150927846,139.48895263671875,10110400
2024-04-24,138.16459782964876,138.95736650744578,136.97079117855768,138.52833557128906,9756300
2024-04-25,139.31176443965307,139.50762978617104,136.47647728413298,136.93348693847656,7642700
2024-04-26,136.82155925113383,137.26923317916362,136.1220625123946,136.2992706298828,6183000
2024-04-29,136.29926916854473,137.30654616928535,136.1593755148158,136.93348693847656,6149600
2024-04-30,136.9894113175234,136.9894113175234,134.79764972975633,134.85360717773438,8817700
2024-05-01,138.7241788877566,141.62475886004435,137.67958756050768,140.99986267089844,14470900
2024-05-02,141.80196169863976,142.07244171965564,139.0972468762597,139.82472229003906,8459800
2024-05-03,139.79672128849526,139.79672128849526,137.8661181460667,139.21847534179688,6532700
2024-05-06,139.77806375499716,139.94595033252793,137.95005401660399,138.57493591308594,5042800
2024-05-07,139.32108108455665,139.6475043089718,138.4536978563716,138.7055206298828,7333500
2024-05-08,139.07859482536867,139.64751938618053,138.68687837500104,138.9200439453125,7735100
2024-05-09,138.9479890074979,139.99258018666592,138.8640528380352,139.75941467285156,6546200
2024-05-10,139.89932008767468,139.98325626421652,139.14386603620838,139.8153839111328,5710600
2024-05-13,139.93663682080765,141.76466108072427,139.6288708038443,141.0371856689453,5628500
2024-05-14,141.62475371788685,141.9605126624375,140.55218370246064,141.1864013671875,8254200
2024-05-15,141.59680243930615,142.6507011998932,141.11181404065587,142.38955688476562,5548000
2024-05-16,142.6973220172222,143.98440045609826,142.07244002725528,143.89112854003906,7591000
2024-05-17,144.43208503884566,144.43208503884566,143.3595290812288,144.22689819335938,6521800
2024-05-20,143.94482856883653,144.21748064064818,142.21484722794978,142.22425842285156,7742300
2024-05-21,142.70374729415454,143.46530802574028,141.77294287425374,142.196044921875,5492400
2024-05-22,141.81995355791082,144.86621078227856,141.33105923571543,144.32089233398438,6609800
2024-05-23,143.61577096791586,143.70038565498922,140.4472966837064,140.74815368652344,8000400
2024-05-24,140.58829417137412,140.85154937817387,137.9839326473197,138.18138122558594,9520600
2024-05-28,138.01215122831644,138.01215122831644,135.53002021345492,135.74627685546875,10499800
2024-05-29,135.2197683382552,136.72408192711165,135.11634561338164,135.8026885986328,8263800
2024-05-30,135.97190147015198,136.90270588113495,135.40778932261634,136.59243774414062,8490300
2024-05-31,136.86509454651136,138.66086792186712,136.5078135023576,137.89930725097656,14621200
2024-06-03,138.44463070664386,139.99595699300716,137.99333813455615,138.90533447265625,7329200
2024-06-04,138.6609053841227,139.44127430667913,137.4480518299019,138.96177673339844,8876400
2024-06-05,139.1215674905625,139.14037553082954,137.12834561219302,137.2411651611328,5891300
2024-06-06,136.79930778953792,138.2096099316981,136.0095420330487,137.66429138183594,5016300
2024-06-07,137.90871617991775,139.43185200146706,137.58905118942369,138.28480529785156,5111600
2024-06-10,137.76770632224444,138.73611259072584,136.89332592979082,138.3318328857422,5749900
2024-06-11,138.03096069162453,138.36003690931818,136.74288940688282,137.98394775390625,5661200
2024-06-12,138.2660023259817,138.40704113025402,136.12234448731016,136.7146759033203,6180500
2024-06-13,136.39502204694153,137.26940245028146,135.27618010141953,136.75228881835938,6840400
2024-06-14,136.46080878364094,137.2411775423148,135.84027251582808,136.83688354492188,4075300
2024-06-17,136.3479860773623,137.6736589053948,136.08473088127553,137.2223663330078,6666600
2024-06-18,137.23176676709238,137.63604637712314,136.5736144821466,136.94029235839844,6156600
2024-06-20,136.58304728221793,139.22501064781744,136.33858576182317,138.9429473876953,8749700
2024-06-21,139.0463762212983,140.1652181163211,138.5574675053358,139.85494995117188,15172300
2024-06-24,140.0900155002779,140.76696168932838,139.30964657827985,140.2028350830078,6914700
2024-06-25,140.25922074474272,140.2780287874072,138.15317904897665,138.3882293701172,5912500
2024-06-26,137.45744013943937,138.3882446788026,137.06255727780078,138.04037475585938,5267800
2024-06-27,138.0215458509615,138.54805625357113,136.17874509549534,137.0813446044922,5739200
2024-06-28,137.30701165301957,138.27543233250523,136.94033366616011,137.4198455810547,10495700
2024-07-01,137.3352050754412,139.80792463627367,136.91210303094064,137.68307495117188,5144400
2024-07-02,137.67369753879703,138.35064376050533,137.0249705604681,137.29762268066406,5492000
2024-07-03,137.45743331068405,137.88052104525434,136.08474738551527,136.97793579101562,3246200
2024-07-05,137.0531377658674,137.78649357997833,135.85907818285818,137.72067260742188,4888500
2024-07-08,137.64548592792005,138.4164579997246,136.5642600037738,136.78050231933594,5260200
2024-07-09,136.9591246424828,138.33182488286783,136.4984208307348,138.25660705566406,5890400
2024-07-10,138.45404278813206,140.53189404127482,137.90872429478992,140.49427795410156,6093200
2024-07-11,140.635334103759,141.57553555035747,139.75154244854275,140.74815368652344,6350400
2024-07-12,141.03019322097674,141.8575749453664,140.3156454066704,140.91737365722656,5336400
2024-07-15,141.1054242823394,141.2652567947567,139.9677743045835,140.31565856933594,6711400
2024-07-16,140.73875419594182,142.04563360833822,140.2404485863016,141.9798126220703,6469600
2024-07-17,142.48750921207176,148.0723072031384,142.3652784528217,147.2167205810547,13801400
2024-07-18,146.295327067016,147.67742411673336,145.3739194696489,146.12608337402344,10166200
2024-07-19,147.1509174056219,147.1509174056219,144.9038366112367,145.43975830078125,7398000
2024-07-22,145.51495285838257,145.83461784329194,144.40550791277647,145.0166473388672,6840600
2024-07-23,144.14223963375454,144.3208801521572,142.50629877329098,143.23965454101562,6261900
2024-07-24,143.62514918556863,147.05689262826286,143.22086950221856,146.93466186523438,7168200
2024-07-25,147.1226951943851,150.97752625734688,146.6714025880107,150.09373474121094,10019600
2024-07-26,150.19715696766903,151.91772706012625,149.93390175261544,151.033935546875,8356900
2024-07-29,150.40401070735362,150.4322156000719,148.59882584171282,149.0783233642578,5625000
2024-07-30,149.05950854835712,151.8895236574158,148.8902791997357,151.68267822265625,6545700
2024-07-31,150.29116901984605,150.76126962441694,148.30734389470362,148.4107666015625,8293200
2024-08-01,149.00310117138523,151.19377196846818,148.27915648437087,151.14675903320312,7213400
2024-08-02,152.21860489916784,154.9922105787142,151.37242935558993,154.3246612548828,11280400
2024-08-05,153.99557276741103,155.86657861814538,150.9775344685774,151.6074676513672,12032200
2024-08-06,151.4194420931757,151.82372181895764,149.43561651614036,149.4638214111328,7607100
2024-08-07,149.36980535705825,151.01515795609393,148.73047523338857,149.39801025390625,5993000
2024-08-08,149.08771183752677,151.09033064698448,148.57999515330854,150.6390380859375,5094800
2024-08-09,150.5450360422789,151.30659684274863,149.8116801346907,151.01513671875,4579200
2024-08-12,151.3442283675609,152.0305714082405,149.21937825786222,150.3194122314453,7605400
2024-08-13,150.68607063369268,150.78008215855402,147.085097831194,148.91848754882812,9711400
2024-08-14,148.39197242965236,150.00911980822715,147.987678411842,149.0030975341797,5141200
2024-08-15,148.89968351756085,149.96211563609174,148.40137794873385,149.57662963867188,7237800
2024-08-16,149.62363802365533,150.3758019516,148.721038440855,149.8586883544922,5012800
2024-08-19,149.92451807321106,150.70487259230651,149.6142498968593,150.0843505859375,4408400
2024-08-20,150.4322364395804,151.30661692764417,150.12196823036345,150.58267211914062,7275100
2024-08-21,150.80828143939502,151.8237005559186,150.72366676626802,151.7766876220703,5019400
2024-08-22,152.31261690807227,152.77332072883246,151.1749669755695,152.64169311523438,6552100
2024-08-23,152.78274406066552,154.3998917916607,152.0305799898688,154.31527709960938,7093400
2024-08-26,154.35286486734637,155.80078308309896,153.76053338396258,154.7665557861328,6870600
2024-08-27,154.88969089223045,155.4012468137778,153.62026203245918,154.36865234375,4388700
2024-08-28,154.4160031671855,156.31067805267242,154.14128166908765,155.2875518798828,5187000
2024-08-29,155.96016618041563,156.04542308011045,154.75704359335236,155.5812225341797,7390100
2024-08-30,155.47705448884145,157.23910314134366,155.1833821226287,157.12542724609375,7971000
2024-09-03,156.53806248513249,158.97271247999205,156.09281267873766,158.35694885253906,6956500
2024-09-04,158.9727162543186,159.9579554279036,157.2959246979835,158.54641723632812,6939100
2024-09-05,158.39483159424285,158.55587723917643,156.14964628133703,156.3012237548828,4600400
2024-09-06,156.48121666447486,157.20120248645824,155.477041128787,155.72335815429688,6016900
2024-09-09,156.15913059790427,158.5937952320723,155.8086203024112,157.83592224121094,7538200
2024-09-10,158.67904453619045,159.58849497263685,157.96854135170003,158.56536865234375,6559600
2024-09-11,158.0064241765716,158.0064241765716,155.44861567335087,156.1401824951172,5920200
2024-09-12,155.55283466077572,156.40544719381714,154.14131085516345,155.96966552734375,4540900
2024-09-13,156.06439208165418,157.0211977964731,155.19284327647554,156.80331420898438,3693400
2024-09-16,157.59908029206122,158.4422101595443,157.04962276136533,158.19590759277344,5187800
2024-09-17,157.4853908812419,158.88744633090707,157.1917041144562,158.2716827392578,5066500
2024-09-18,157.85483306048727,159.48425451881872,157.01170336619427,157.4001007080078,4722800
2024-09-19,157.47591745948571,157.60854413875717,155.7612388006102,156.1401824951172,4956100
2024-09-20,155.64753449196223,156.18750928207933,154.93703145665677,155.51490783691406,11839000
2024-09-23,155.74227142154962,155.83701094889625,154.1507514397272,154.62442016601562,4671600
2024-09-24,154.21707925596306,154.88022713030526,153.0423899007328,154.20761108398438,6041600
2024-09-25,154.41603001287783,154.7191849857668,151.91505930744265,152.14242553710938,5420000
2024-09-26,151.80139084450875,153.03291823023363,151.59297540426059,152.8908233642578,6122000
2024-09-27,153.46869215911872,154.82337799707716,152.8434458699573,152.90028381347656,7553800
2024-09-30,153.06132657238652,153.63918856946202,152.21818232170057,153.5255126953125,6010000
2024-10-01,153.87602963190776,154.1791845831131,152.69185770730627,153.45921325683594,4408000
2024-10-02,153.0044643063287,153.5823407213355,152.18975353197854,152.682373046875,4684400
2024-10-03,152.31292180010232,152.93816801815112,151.78241511396018,152.04766845703125,4791200
2024-10-04,151.2235077854285,152.04768688304785,150.41826503230683,151.84873962402344,5331100
2024-10-07,151.8108531617248,152.38872968644645,150.83509657239193,151.12876892089844,4266000
2024-10-08,151.09088509488237,151.8108564959117,150.57931467541465,151.2803497314453,4766300
2024-10-09,151.49820599729122,152.72974759551116,151.10979416654402,152.18975830078125,6047200
2024-10-10,152.862402200084,152.89082117287185,151.57402243120973,152.05715942382812,4793900
2024-10-11,153.63919252039454,154.09392493913253,152.71080579544542,152.95712280273438,5253500
2024-10-14,152.9002731251471,153.60130810840406,152.42660435529817,153.08975219726562,5964000
2024-10-15,151.5739947099147,157.96852261173925,150.62665724297776,155.4580841064453,10548000
2024-10-16,155.3633629672865,156.30123237444536,154.07498328154392,155.6286163330078,5982100
2024-10-17,155.60966176170876,156.3106967571061,155.01284893091574,155.80860900878906,4798000
2024-10-18,156.2064786067396,156.5854078217635,155.29702825337003,156.4243621826172,5908000
2024-10-21,156.40545011384313,156.54754497772373,153.76237000386195,154.25498962402344,6082700
2024-10-22,153.7718340994137,155.10756902458775,153.37393961805077,154.84231567382812,5680300
2024-10-23,154.24552707636553,157.25805394229388,153.86658333348961,157.12542724609375,7441600
2024-10-24,156.31071153579197,156.79384853120328,154.73812757472325,155.05075073242188,5386300
2024-10-25,155.06020263272137,155.28756884770345,152.15188388243095,152.4076690673828,6400400
2024-10-28,152.64450239718974,153.44026246128226,152.52134389135745,153.08975219726562,4842500
2024-10-29,152.95711817808706,153.62971970406292,151.63083701303637,151.6592559814453,5216900
2024-10-30,151.05297094822177,152.78660041646958,150.65509090791923,152.15188598632812,5820500
2024-10-31,151.56453423504848,152.39818141873138,151.0624465084954,151.44137573242188,8613900
2024-11-01,152.123457798311,152.57817575178618,151.4603244379882,151.69715881347656,5256400
2024-11-04,151.28981257153484,151.8392701168587,149.74566210550836,149.90670776367188,4644000
2024-11-05,149.36671296968024,150.23826179970078,148.11623489364177,150.0109100341797,6547100
2024-11-06,151.47925457838488,152.37923673257197,149.06355561148592,149.56564331054688,8926600
2024-11-07,150.12458410409516,150.38983746414945,148.2677961284912,148.47621154785156,7522800
2024-11-08,148.7319720652374,148.80776079199913,147.2257090658044,147.2825469970703,8926100
2024-11-11,147.42467115998508,149.2814591970599,146.75206956587456,146.87521362304688,7146800
2024-11-12,146.39207573232454,146.87521269639342,144.34582308116632,144.6016082763672,7181400
2024-11-13,144.46896324179355,145.42576887643287,143.4458370461758,145.1699981689453,7161900
2024-11-14,145.1131564626625,145.50156832070374,142.82060136590906,143.8721466064453,7716400
2024-11-15,142.95323191496675,146.2973323428471,142.95323191496675,145.88998413085938,11328500
2024-11-18,144.55424229632624,147.14995254901564,144.30793972185305,146.61944580078125,7510600
2024-11-19,145.84259462159346,145.88049621376047,144.04265928465654,144.942626953125,8233700
2024-11-20,144.97108624980405,145.17950169903642,143.81533310596134,145.046875,9061300
2024-11-21,145.52999015592064,147.84149609632505,144.76264905140786,147.3109893798828,10141100
2024-11-22,147.68991968024426,148.84567265875356,145.99419180976938,146.9983673095703,8266000
2024-11-25,146.99837166257822,148.76988832486654,146.96995269138182,147.5762481689453,12256200
2024-11-26,148.16833504453774,148.2542760553049,146.25845709213445,147.5571746826172,5683500
2024-11-27,147.66218384869805,149.57206135223436,147.6335368518417,148.39747619628906,4140400
2024-11-29,147.9104669409132,148.6553180230603,147.22290985412982,148.02505493164062,5687800
2024-12-02,147.77677407322818,148.0155087647843,146.99371729074375,147.82452392578125,6946500
2024-12-03,147.8245293244356,147.8245293244356,145.44672646406246,145.49447631835938,8674400
2024-12-04,144.4727091196942,144.73054671932016,143.00210952985245,143.68966674804688,10333100
2024-12-05,143.24083730255396,143.60371875317477,142.23814852719377,142.782470703125,7898100
2024-12-06,142.6583212988134,143.288584468184,141.69383825808168,142.58192443847656,8389600
2024-12-09,142.56281292114443,144.09072089265194,141.75112365038945,142.85885620117188,8410300
2024-12-10,143.1739626469328,144.03341628178802,141.6460693592056,142.50550842285156,9398700
2024-12-11,141.8084133325439,141.8084133325439,139.7743890037748,140.0322265625,13446700
2024-12-12,140.567001729442,141.11132389106152,139.43062211865976,139.6502685546875,6176300
2024-12-13,139.09638946807885,140.30915125597272,138.50431750211118,140.01312255859375,8324900
2024-12-16,140.11814867533118,140.61472086971594,137.0528036671819,137.36793518066406,8732400
2024-12-17,137.35839187155833,140.05132624991293,137.23425973744799,139.81259155273438,10343000
2024-12-18,139.11548789025048,140.12773533447105,138.15100487508684,138.22740173339844,9336100
2024-12-19,137.64488610858214,138.67622182151445,136.9095791095895,137.11012268066406,9516700
2024-12-20,136.60398028598672,138.91493012946992,136.31749576942764,137.95999145507812,17702800
2024-12-23,138.11280823490046,138.78126250451018,136.9859728336639,138.72396850585938,8720800
2024-12-24,138.46612820981196,139.27783203125,137.8263209521463,139.27783203125,3164100
2024-12-26,138.9531210535974,139.77436889517253,138.5520485595083,139.0199737548828,4656300
2024-12-27,138.3419889250498,139.99404365534244,138.16054820902372,138.51388549804688,5588300
2024-12-30,138.31332857159666,138.35153428244564,136.5084948710301,136.88092041015625,6268700
2024-12-31,137.28199303751342,138.15099081978497,136.85227350303924,138.10324096679688,5811400
2025-01-02,138.68575647298846,139.20143157976784,137.30109814091938,137.53028869628906,6051300
2025-01-03,137.57803896070294,138.05550835740775,137.1483048467009,137.692626953125,5878800
2025-01-06,137.04327386231438,138.29425603894032,136.48940756159422,137.1865234375,7910500
2025-01-07,137.28201621475606,140.547905627831,137.1196783441566,139.64071655273438,8422000
2025-01-08,138.93403459223117,139.02951971805172,135.06653000190383,135.859130859375,11175600
2025-01-10,134.64639737470628,137.19608272538395,134.34080990421285,135.65863037109375,8821500
2025-01-13,136.53712758459955,138.53296048819632,135.897320421302,137.95999145507812,10376400
2025-01-14,137.98866701537875,138.28469573432943,136.42256784801805,138.22740173339844,8681700
2025-01-15,138.76217574415674,139.46883580897895,137.7594869378262,138.4375,7434600
2025-01-16,137.8167768665148,141.3977974251432,137.56848344887553,141.11131286621094,8964000
2025-01-17,140.7961915258505,141.69383640908086,140.00359050281116,140.4046630859375,10773100
2025-01-21,140.91077171513027,142.1521951109424,140.4237581564577,141.47418212890625,11111700
2025-01-22,137.5111921066466,138.91495335843211,135.7063582930953,138.72396850585938,16834700
2025-01-23,138.8863029043578,141.24500293154537,138.28468679106894,140.0322265625,10506400
2025-01-24,140.1945733657901,140.9776302344464,139.7839566453075,140.20413208007812,9887300
2025-01-27,141.76064959984566,146.5353431840184,141.33093009151182,146.00057983398438,15152300
2025-01-28,145.7809734783312,146.07700220087548,143.5273171300188,143.6037139892578,10320600
2025-01-29,143.71828488579277,145.036105051187,143.24081550079015,144.3389892578125,7156400
2025-01-30,145.06474282901314,147.19425207084552,144.53952362464867,145.98147583007812,8911000
2025-01-31,145.74275244756828,146.27751583483416,145.2079890603024,145.29393005371094,8457800
2025-02-03,145.15069699924203,145.5995193990812,143.98567050236713,145.02655029296875,6687500
2025-02-04,144.53953830189957,147.2324581585896,144.14800989423304,146.5735626220703,9645000
2025-02-05,146.88870551783992,147.75768882453178,146.4016773634581,147.71949768066406,8947000
2025-02-06,147.81500264941133,147.86275251405792,146.46854972213995,146.59268188476562,7418100
2025-02-07,146.61177382256398,147.52852161335872,145.91467247853774,146.22024536132812,6204900
2025-02-10,146.68816349950097,147.4139118103825,145.42763717031553,147.28977966308594,6936200
2025-02-11,147.16562397174783,149.3428833428539,147.0032861188648,149.0946044921875,7554500
2025-02-12,148.27335265895783,148.64577821087994,147.31841385185393,148.2637939453125,7746000
2025-02-13,148.26377504682154,151.00445898229017,147.81495269899523,150.1641082763672,10704700
2025-02-14,150.20230755602577,150.3742041057425,149.02773698926163,149.11367797851562,6411800
2025-02-18,148.37250314054714,149.6334841814593,147.5061845486089,149.19070434570312,9670700
2025-02-19,149.20032937491345,152.37685545401334,148.95968368237325,151.98219299316406,7974700
2025-02-20,151.07739850142696,153.9651474935709,151.07739850142696,153.7052459716797,7224000
2025-02-21,153.89773954560965,157.39190504879872,153.32018400254907,156.22718811035156,12546900
2025-02-24,156.5929768295103,158.70103569970692,155.9865595991251,157.6133270263672,10201900
2025-02-25,157.9598359292121,160.20264082246834,157.80581916336914,159.8753662109375,12303700
2025-02-26,158.90316232854656,158.95129440367535,156.47744968295726,156.97799682617188,11396400
2025-02-27,156.23680248198454,157.81543759112859,155.67850272916147,157.60366821289062,8364600
2025-02-28,158.1619729769769,159.73098759604045,156.6122141259579,158.8454132080078,12037200
2025-03-03,158.78765913218382,161.0689755816046,158.67213921282575,161.02084350585938,9191500
2025-03-04,161.79092740061927,163.6294641715902,159.13420401879515,159.23045349121094,11999700
2025-03-05,158.35447435734233,160.2315223686837,157.41114742591725,158.941650390625,8744800
2025-03-06,158.82616132836026,159.66360366070757,157.39190767480014,159.62510681152344,8037900
2025-03-07,158.95129984256383,162.15670227623963,158.5373816077096,160.4529266357422,9637600
2025-03-10,161.213355740882,163.54280424610616,160.79945220628036,161.4251251220703,17559000
2025-03-11,160.94386457205596,161.04012874116106,158.8743171269466,159.6540069580078,9890300
2025-03-12,157.6036698897816,158.06572018604263,156.15979576162204,156.75660705566406,8010700
2025-03-13,157.3148967662903,158.38336424015475,156.5737186005587,156.89137268066406,5286700
2025-03-14,156.05392462416808,157.045383769915,155.07210070700123,156.71810913085938,6235800
2025-03-17,156.3330752082224,157.3822869293345,155.67851127016266,156.74697875976562,6669800
2025-03-18,157.32452784770112,158.69139359743707,156.87211277776453,158.10421752929688,7348800
2025-03-19,157.8346996929528,158.21010638983233,156.14055928690502,156.89137268066406,5936400
2025-03-20,156.90098654218272,157.09350015251783,155.871015960727,156.9202423095703,7485900
2025-03-21,156.9009991555119,157.98872243872594,156.4004519781238,157.50743103027344,17047100
2025-03-24,156.74697070710167,158.2389768997674,156.419696098809,157.1801300048828,8046400
2025-03-25,157.4015281757977,158.0464568261863,154.55227690378203,154.9950714111328,7456200
2025-03-26,155.17797236003315,156.4100771111182,154.6292931396444,155.66888427734375,7223500
2025-03-27,156.27534007562903,157.930983842741,155.28388086121132,157.02615356445312,6752500
2025-03-28,157.46890696330888,158.36411654948375,156.81435775006014,157.5844268798828,5760300
2025-03-31,158.21973715363262,160.39518377834594,158.08497614316929,159.63473510742188,12481400
2025-04-01,154.71593904784055,155.75553029967048,147.4003181211152,147.5158233642578,23303100
2025-04-02,148.2473671265155,149.96076328216213,147.70832312534768,149.54685974121094,10356900
2025-04-03,152.81002565026958,154.6389271687397,151.58754133246984,153.83999633789062,13249300
2025-04-04,153.20466769183372,153.83997580569581,147.20776683159517,147.5061798095703,16601700
2025-04-07,145.61953061050377,146.99603170702494,141.8847044975957,144.98422241210938,18083000
2025-04-08,147.84308939687287,147.84308939687287,142.46225504557293,144.38742065429688,12018400
2025-04-09,136.87928062605533,147.45807161244494,136.2054755573344,145.32113647460938,18773700
2025-04-10,144.74356632852965,145.54251178964003,139.6996420173064,143.12643432617188,13830500
2025-04-11,143.74249568311143,146.6494999406237,142.64515184506152,146.0526885986328,9943900
2025-04-14,145.91791595445713,148.88267259526904,145.51363296087104,148.5842742919922,10685300
2025-04-15,149.87413746673573,150.45169301587987,146.4088482354142,147.87196350097656,10847700
2025-04-16,149.55648571702037,149.80676664655024,146.54361152502074,148.151123046875,7986900
2025-04-17,148.39176472867018,153.4742006265208,148.39176472867018,151.57791137695312,10981100
2025-04-21,152.04957141699035,152.30945817358227,149.67199094696886,151.04847717285156,6285400
2025-04-22,151.65491375756463,152.78113380181065,150.41317379668138,151.84742736816406,7136300
2025-04-23,150.63458380115318,151.2217598816267,148.5554014813275,149.5661163330078,9099400
2025-04-24,149.97040687347663,150.06665634313987,147.6987108219785,149.13294982910156,8310400
2025-04-25,148.54578478495054,149.10406988379015,146.745744960744,148.79605102539062,8643600
2025-04-28,149.68162825171314,149.98002657534252,148.06449616707076,149.53724670410156,5815200
2025-04-29,149.63348416297495,151.14474611663368,148.51688465824142,150.07627868652344,5246700
2025-04-30,152.28058447749746,152.28058447749746,149.2195784557302,150.4613037109375,9598200
2025-05-01,149.2003302283948,149.28695915312142,147.6216950638147,148.6805419921875,7325800
2025-05-02,150.2303097326726,150.8559826987175,149.23883590228314,150.27842712402344,5974500
2025-05-05,150.80782871723414,150.92333394025843,148.9404159431616,149.2003173828125,5464100
2025-05-06,149.02706485891864,150.06664127887538,147.939341677191,148.69015502929688,8644200
2025-05-07,148.95006652551942,152.03032852242876,148.7190413678083,151.41427612304688,7853100
2025-05-08,149.98964908717855,151.15436597342557,148.98855481578678,149.83563232421875,7606100
2025-05-09,149.60462037415962,150.22067279248463,148.0548614438321,148.44952392578125,6520400
2025-05-12,146.33182692414027,149.54684963370093,145.5232462891911,148.37249755859375,9023800
2025-05-13,146.02380248964167,146.02380248964167,142.53925758100854,142.8857879638672,10549600
2025-05-14,143.10718516565112,143.25158140043052,140.6525960528821,140.8836212158203,10216000
2025-05-15,142.46224982128726,144.05050551510183,141.8173211285569,144.0120086669922,7945800
2025-05-16,144.0697574363664,145.8312856192595,143.63659813942314,145.6676483154297,8051200
2025-05-19,146.2066852294377,146.9478780185707,145.39811928920884,146.78424072265625,12639900
2025-05-20,146.63023979706358,148.27624816110944,146.42809094625815,147.9104766845703,7351500
2025-05-21,147.45804526134245,148.65163840182188,147.27515219940543,147.4484100341797,7032200
2025-05-22,146.93824660207738,147.58318995096408,145.7061418932477,146.89974975585938,7535300
2025-05-23,147.27515984115055,147.7371954457021,146.514725935996,147.2174072265625,6727300
2025-05-27,148.07173598904868,149.54739430031267,147.49893216707943,148.7804412841797,6990700
2025-05-28,148.80956000481822,149.15906113252257,147.49892707248608,147.98434448242188,8459300
2025-05-29,147.32418530456823,149.54739054497975,147.13972431685121,149.10081481933594,6810600
2025-05-30,149.41148243505967,151.1687060152862,148.75132182581495,150.68328857421875,15529700
2025-06-02,149.97457049030925,151.00365310920873,147.85815752898998,150.86773681640625,6669300
2025-06-03,150.28525809293072,151.1201767695379,149.58625572117742,149.9163360595703,8209800
2025-06-04,150.4114160727149,150.4114160727149,148.66392542756526,148.7512969970703,6983900
2025-06-05,149.1979186077099,149.59596452079967,148.18825670601814,149.1785125732422,5295400
2025-06-06,149.50855576834988,151.47934918201344,149.50855576834988,150.50851440429688,5391500
2025-06-09,150.3338057857859,151.4405570940471,149.94546289724113,150.7027130126953,5319000
2025-06-10,150.89685974350843,152.84824735194303,150.49882869732974,151.88711547851562,6791600
2025-06-11,151.7414880500525,152.03274146402853,150.21727024471093,150.7318115234375,6016000
2025-06-12,151.68323930786653,152.11039418988705,150.64443892823047,152.0909881591797,7075500
2025-06-13,151.4211098589502,153.07152610979966,151.4211098589502,152.51815795898438,6587500
2025-06-16,151.8579920720398,151.9356606410736,149.94544614915642,150.6929931640625,7024000
2025-06-17,150.45029579748117,150.7512522666013,147.6640041867375,147.9358367919922,6407100
2025-06-18,148.12030149702744,148.1979552600932,146.3145478235386,146.33395385742188,8325200
2025-06-20,146.8485001277226,146.9844164382824,144.6932451932975,145.42137145996094,22605500
2025-06-23,145.3728023237102,147.01350062486947,145.3728023237102,146.90672302246094,7397900
2025-06-24,147.08149480585575,148.26591462899756,146.57665648441028,147.75137329101562,9544200
2025-06-25,146.9649995870065,148.60571302399958,146.3339479807507,147.8387451171875,7153700
2025-06-26,148.24649286087973,148.75133117918787,147.11061775501065,147.5766143798828,7156900
2025-06-27,147.57660771353423,148.85811689125123,146.6057728142086,147.96495056152344,10010800
2025-06-30,147.7222548595183,148.50862882709444,147.10092106172524,148.2950439453125,9039300
2025-07-01,148.53773775923037,153.1492034739777,148.35327676043812,151.37257385253906,10896700
2025-07-02,151.45024100569117,151.74149443191655,150.54737167953348,151.0230712890625,5544000
2025-07-03,150.89685966551806,151.72207524655835,150.36291232765473,151.45994567871094,3482500
2025-07-07,151.46967284237644,151.79005015309582,150.37262460995237,150.74154663085938,6270900
2025-07-08,149.97457701017015,152.18807948276114,149.71246224293358,151.24636840820312,6438200
2025-07-09,151.24636198385022,152.1201222788215,150.54737448714403,151.72207641601562,6147400
2025-07-10,151.54734881194418,154.59577010705152,151.27551619814605,153.09097290039062,6732900
2025-07-11,152.50843559207956,152.5958071690143,150.65413756372584,152.323974609375,7872000
2025-07-14,152.29485252152176,152.877359335388,150.98423441096818,152.24632263183594,10185600
2025-07-15,151.7997662737174,152.6055611283416,150.28526599322544,150.64447021484375,6873200
2025-07-16,155.62483084994489,161.2750820257859,155.13941342047767,159.9741668701172,22134800
2025-07-17,158.42083333055885,159.896506540005,157.5665086840501,158.22666931152344,11295700
2025-07-18,159.14896232362338,160.28485222326432,158.59559411890905,158.92567443847656,9792600
2025-07-21,158.99364768876623,160.11010198229897,158.03251573246365,159.56643676757812,8254000
2025-07-22,160.18776361914905,163.1585161378835,159.90622800720854,163.0323028564453,9288000
2025-07-23,163.68276493825223,164.1875884045282,161.7313773695686,164.16818237304688,10617600
2025-07-24,164.55652888281114,165.0322433553102,163.9546159364473,164.61477661132812,6636900
2025-07-25,164.79921759495198,164.92543086724078,162.55659143705802,163.39151000976562,6254900
2025-07-28,162.9643457562342,163.04201432533776,160.23630207669302,161.37217712402344,8014600
2025-07-29,161.80904196073075,163.85750407777874,161.5177885442579,163.20704650878906,7663400
2025-07-30,162.809020951837,163.6924843268324,161.9158545601304,162.38185119628906,6189200
2025-07-31,161.09062961083353,162.1973956301704,159.44021322550935,159.9353485107422,11036200
2025-08-01,160.6537783511633,162.73136474524486,159.98389980302778,162.4498291015625,8927800
2025-08-04,162.15854746259484,166.19722408485885,161.77992245511788,166.0515899658203,12679100
2025-08-05,165.56619712233535,166.55645298658033,164.70215455058468,165.7603759765625,7934400
2025-08-06,164.95455498052752,167.15833945166182,164.7312522963263,165.61471557617188,8957200
2025-08-07,166.17781206743317,166.61468482022772,164.96426841313416,166.52731323242188,9315900
2025-08-08,166.03219965367325,168.88645681739177,165.42056888608613,168.2748260498047,7686800
2025-08-11,168.34277035231864,169.5077841152882,168.00298701625698,168.7505340576172,7256800
2025-08-12,168.92527979892805,169.66310902141603,166.79914890711837,167.74085998535156,7916700
2025-08-13,167.9544544125519,169.4495337892654,167.66320095081733,169.33303833007812,5878700
2025-08-14,169.2262065080516,170.5950870900218,167.6825827779642,169.62425231933594,8241700
2025-08-15,170.449495579225,172.09991199561782,169.85728568003967,171.48828125,9477600
2025-08-18,171.35235838112257,172.39115882582487,170.9640303499574,171.10964965820312,9284000
2025-08-19,170.90576208507196,172.98334809108246,170.84751436372582,172.61444091796875,9274200
2025-08-20,173.2940346699762,175.34249696086658,172.80861720591466,173.62411499023438,9030000
2025-08-21,173.34257961657462,174.82795587353638,172.96395458663858,173.71148681640625,8859600
2025-08-22,174.7891309054327,175.87647620382361,172.2940926011577,174.06100463867188,9524000
2025-08-25,174.28429241400747,175.00270078812704,173.09015477301065,173.2066650390625,6229100
2025-08-26,172.85460628408944,173.2555738744088,171.89620868497286,172.600341796875,9145000
2025-08-27,173.06973272921007,173.77386573464747,172.27758682871757,172.89369201660156,5951100
2025-08-28,172.48295893045014,172.6003243855948,170.78131651709248,171.58323669433594,6424700
2025-08-29,172.0917849589202,173.50005107682512,171.5832411002324,173.2653350830078,6942300
2025-09-02,173.55873354113072,175.25060183119652,172.99151439109417,174.13572692871094,9049000
2025-09-03,173.754312735633,174.36064372340013,172.63943789740028,174.07704162597656,7111700
2025-09-04,174.07703708382647,174.957195909071,173.6369576712042,174.82028198242188,7854800
2025-09-05,174.07704256383926,175.5537581707923,172.66877646111618,174.49755859375,9733800
2025-09-08,173.45115898677528,175.49509384152117,172.8057011623818,174.20419311523438,8382500
2025-09-09,174.07703980883056,174.16505270823302,172.561197432737,173.05996704101562,6005700
2025-09-10,172.41451057887036,172.71767607189588,170.4879264017414,171.91574096679688,6891600
2025-09-11,171.87663224164177,174.9083170723718,171.75928170606494,174.56602478027344,5792500
2025-09-12,173.79344954468033,174.8594234144472,172.82526281785073,174.13572692871094,7220200
2025-09-15,173.84234671784634,175.04524952477567,173.03063727506105,173.4902801513672,4768100
2025-09-16,173.65652106316145,173.70540716928593,171.7788230370183,172.57098388671875,7959300
2025-09-17,172.81548641822724,174.57580419407594,172.69812095667075,173.294677734375,6714900
2025-09-18,172.70789746828765,173.11863924740493,170.03805352027734,170.32167053222656,8200900
2025-09-19,170.83998921597149,173.2555537932855,169.50996181681276,172.3069305419922,25621000
2025-09-22,172.2091158723778,172.7469973036919,170.2825318781694,170.3705596923828,7193900
2025-09-23,171.0355829083302,173.06974339129886,170.97690764134543,172.68833923339844,8350400
2025-09-24,172.25803221713883,173.05017815802412,171.86685382639274,172.79591369628906,6676800
2025-09-25,173.29467019297286,174.46822029996832,172.03310718551506,173.81298828125,8475000
2025-09-26,174.66380677519905,175.94493304972775,173.4120181311941,175.7493438720703,8634400
2025-09-29,175.8667353595665,177.8617693123808,175.83739772220903,177.61727905273438,8597100
2025-09-30,177.69551050190114,181.89097154345833,177.07940521994215,181.33352661132812,11569000
2025-10-01,181.90072970718464,182.44838543053112,179.85679498165965,181.9496307373047,13063800
2025-10-02,180.1306211004154,182.47772129847561,180.03281904112157,181.88116455078125,7728100
2025-10-03,182.93737906053053,185.59743412762745,182.79069088210622,184.48255920410156,8675100
2025-10-06,183.85664523656718,185.7343283333897,183.2405251076493,184.01312255859375,5806100
2025-10-07,179.71988044308327,185.05953865015417,178.90817109783274,184.72703552246094,8776800
2025-10-08,184.70746433960892,186.0277174802343,184.12069677238543,185.5093994140625,5751200
2025-10-09,185.81257482959435,187.86629873092122,185.54852120285247,186.8687744140625,7484800
2025-10-10,187.77827139842617,187.83696158868858,185.6658871464611,186.51670837402344,9598000
2025-10-13,185.6463385126197,187.08394237713156,185.10845697785325,186.6927490234375,7979500
2025-10-14,188.66821591723416,190.1155938776849,181.78337771502342,186.6438446044922,13613300
2025-10-15,187.2599678902216,189.30391771901375,185.12802007542956,186.95680236816406,9473000
2025-10-16,187.12304066781874,188.7953604231518,186.23309264058008,187.88584899902344,10611800
2025-10-17,188.2574758352493,189.33323880902185,187.45554072343714,188.96160888671875,7764400
2025-10-20,189.23542420173737,190.19382165505388,188.09121179958947,189.45057678222656,8034700
2025-10-21,188.75623930068377,189.28434657507717,187.5435772620767,187.65115356445312,6716000
2025-10-22,187.76848904299698,189.18652933512402,187.55333645550198,188.68777465820312,6343100
2025-10-23,188.31616232011413,189.72442850694094,187.31863795069512,188.2281494140625,8882500
2025-10-24,187.9640678233363,188.0716441111252,185.24533792012375,186.2037353515625,6903400
2025-10-27,185.8027915483585,186.59493746752628,185.35292298108493,186.10595703125,7126000
2025-10-28,185.0888771601165,185.3333673885486,182.5070609447738,182.8102264404297,8329500
2025-10-29,182.58529018458387,182.97648348338365,180.59025658944984,182.4875030517578,10551100
2025-10-30,182.95691510358742,185.20622801228868,182.79066355206362,184.8834991455078,7072500
2025-10-31,183.32856020199483,185.32359390824723,182.64397562159022,184.7074737548828,8791700
2025-11-03,184.83461711915595,184.86395475347013,181.43131723621426,182.15499877929688,7542600
2025-11-04,182.71243787931192,183.68062454846097,181.52909861701866,182.7417755126953,7209400
2025-11-05,182.52662069373764,183.69039654541731,181.31394381284895,181.90072631835938,5049400
2025-11-06,182.64397162146273,183.38723145305244,181.28460657250142,182.84934997558594,6767400
2025-11-07,183.60240349717566,184.1989603040272,181.6073547007375,182.45819091796875,6959200
2025-11-10,181.9007248187872,184.26738837250383,181.04011446379977,184.2576141357422,5323800
2025-11-11,185.2160176409071,189.64617940511584,184.88351451022683,189.55816650390625,7465600
2025-11-12,189.09853634186356,191.24027328305002,188.8149342225856,190.1058349609375,8803000
2025-11-13,189.92979610949115,191.68033958366678,189.18653626274676,190.94686889648438,8631600
2025-11-14,190.7023809412554,192.8343286012861,189.2843405802947,191.61187744140625,8824800
2025-11-17,192.6191743663224,195.86599660813332,191.5825233369659,195.18142700195312,13257000
2025-11-18,194.62400687307817,195.88558487842093,194.1545897867298,195.59219360351562,12468600
2025-11-19,195.59218321397532,198.99548302359867,194.9858522212118,198.04685974121094,14690800
2025-11-20,197.54808768840363,200.00276399995727,197.1275716942422,198.59451293945312,10612600
2025-11-21,199.4648944074351,202.37921345804227,198.51627122301807,199.4062042236328,13189100
2025-11-24,199.2204251313988,201.57729960220274,198.52606631385947,201.50885009765625,14803900
2025-11-25,201.93203375943375,204.4318344688182,201.93203375943375,203.39845275878906,10275300
2025-11-26,203.22131396059922,204.52041084092286,202.68001733661194,204.2743682861328,6729000
2025-11-28,203.723236152328,204.17596106247692,201.39075752943597,203.64450073242188,5638300
2025-12-01,203.23116445354526,204.41216579558863,202.0895233154297,202.0895233154297,8473700
2025-12-02,201.99109997809214,202.35523815148406,199.88497632238054,202.16824340820312,8393600
2025-12-03,202.6406353348706,203.74291615515872,201.7450518785209,202.0796661376953,8363300
2025-12-04,201.3513646031548,201.61709474481285,198.51696482203192,199.27476501464844,9049900
2025-12-05,199.7668717489871,200.2294329646455,197.63122412342938,198.73348999023438,7785300
2025-12-08,199.45193591844364,200.04242902685974,197.80837348995507,198.4283905029297,7785700
2025-12-09,199.70781308614636,202.28633417756814,196.74546622144234,196.794677734375,7509400
2025-12-10,197.41469808815052,203.5264016771889,197.01118469940698,203.2705078125,11599800
2025-12-11,204.60897767896304,207.89611754570484,204.54009357423172,206.68557739257812,9009000
2025-12-12,206.95130391403598,208.90980797527408,205.65220708750627,208.23072814941406,6922700
2025-12-15,207.02021685633432,211.7835972337083,205.70141731611412,210.7797393798828,8467000
2025-12-16,210.61242873186924,211.33086879327527,205.50458284724823,205.98683166503906,9949800
2025-12-17,206.0754116038892,208.17169907809213,205.16014046386886,207.0005340576172,8457600
2025-12-18,206.47891598813604,207.7189650641044,204.47120032162059,205.0124969482422,7499900
2025-12-19,204.27436010709684,205.92777381805197,202.76858093345197,203.1031951904297,24803900
2025-12-22,202.86701252411635,204.7861414522214,202.2469804791725,204.03817749023438,8187800
2025-12-23,201.77458850774815,203.26068017644639,200.06212686952762,202.52255249023438,7047300
2025-12-24,202.739053555574,204.648346074342,202.31586759380838,204.49087524414062,2376500
2025-12-26,204.2448234412372,204.74674479534215,203.43781175323053,204.34324645996094,2316700
2025-12-29,204.70740558532265,206.1541370088678,204.09722485496195,204.2743682861328,4348900
2025-12-30,204.22513661756275,204.40229504849634,203.25081780778308,203.6346435546875,3937400
2025-12-31,203.63466628756984,204.21532312025465,203.10320595268348,203.6740264892578,4083800
2026-01-02,203.54607900663632,204.10704818695953,200.4557702982002,204.06768798828125,6325500
2026-01-05,202.6111241066418,202.68002323226514,197.7296480872701,201.07582092285156,9477000
2026-01-06,201.3612227968269,203.43782245629845,200.88881030279188,201.54820251464844,8107900
2026-01-07,202.01076455260576,204.96327507524262,201.78440961736555,204.20547485351562,7545900
2026-01-08,203.6543250611801,205.67187690313673,201.72535994719092,202.49301147460938,6557800
2026-01-09,202.65048388309268,203.42797171200806,200.7805515444468,201.154541015625,6154300
2026-01-12,202.2961890410606,206.5773204309254,200.62310269270267,206.40017700195312,11794300
2026-01-13,206.58715762456725,210.99623564550944,205.55377597445334,210.2679443359375,11379600
2026-01-14,211.33085581905067,215.3954834155094,210.76003531994849,215.09039306640625,11858800
2026-01-15,214.7754540862871,216.27139696408693,212.49218707861442,216.09425354003906,8492100
2026-01-16,215.57262862976077,216.62569792580305,214.68688147872595,215.1986541748047,10021500
2026-01-20,213.6535174405211,215.26755606095267,211.1045200795966,214.75579833984375,14057100
2026-01-21,207.65991685181098,215.2183369488501,207.16783174078773,214.55894470214844,14762900
2026-01-22,215.30692327179185,218.65309601347732,214.6475310263463,215.03135681152344,13160000
2026-01-23,216.3206133966017,217.70829698551927,214.39163319315116,216.6552276611328,6950600
2026-01-26,216.7241195858665,218.51530148499805,216.51743724272882,217.98385620117188,6856700
2026-01-27,218.4857986661137,221.9303945910299,217.2063743191241,220.88717651367188,8154100
2026-01-28,222.81613770071385,224.95180034983713,222.5012110309432,224.11524963378906,9026500
2026-01-29,225.18797472711546,226.3591396349424,223.4853645338204,223.69203186035156,9645300
2026-01-30,224.6466859457881,224.88289220157367,221.7630744488117,223.65267944335938,11045500
2026-02-02,224.70574839064855,227.53031207318796,223.65267906312954,227.09727478027344,8187500
2026-02-03,227.83540162689715,231.47682836867276,226.83154381662808,229.4100799560547,9346600
2026-02-04,231.27998605513156,232.09684908454457,229.25259794183296,230.7583770751953,8641400
2026-02-05,231.2799897072634,235.78749088320203,231.27015341178193,234.02581787109375,10267500
2026-02-06,235.1773306195327,237.12598351858577,234.2128329577192,236.19102478027344,8274000
2026-02-09,236.4468956382332,236.92914445281934,233.28770262066075,234.8623809814453,9378500
2026-02-10,236.1811524926561,236.69292518436984,234.11440415212087,234.57696533203125,6723300
2026-02-11,235.55128310024597,237.4408880102699,233.64199058214248,237.04722595214844,6803900
2026-02-12,236.67323795430343,242.45032705605877,235.8858988159272,240.67881774902344,10254300
2026-02-13,240.7181753030812,241.0724771605951,238.7695225953774,239.59622192382812,13268500
2026-02-17,240.26548861974575,240.6197905114409,238.04125423739714,239.4781494140625,12703000
2026-02-18,239.38956433634297,241.1905976005163,238.97621465530662,241.1118621826172,8129700
2026-02-19,240.74770670245476,243.05067635662348,240.4032561468311,243.00146484375,7553900
2026-02-20,242.56843677564507,242.97195017239758,236.47642067464778,238.6514434814453,13565800
2026-02-23,239.77338707530683,242.90304105661139,238.75969298572113,241.94839477539062,9622700
2026-02-24,242.74983087068327,244.62968897361037,241.9484024234396,243.6699676513672,7246300
2026-02-25,242.26501930596683,244.62968992113937,241.13710142042595,242.5717315673828,7698200
2026-02-26,242.51237425588351,242.86855965236887,239.4551250760139,240.88975524902344,7172600
2026-02-27,241.44381655451372,246.3017849576054,239.93003240320007,245.79718017578125,16428600
2026-03-02,246.54912469567304,249.04242234613034,244.2537044562187,245.92579650878906,9042400
2026-03-03,243.84805926874753,245.25300850282142,241.7703087256774,244.13497924804688,6178700
2026-03-04,243.1455911306439,243.95690818284584,240.6028202250193,242.7003631591797,5768000
2026-03-05,240.05866070262033,240.42473468568537,233.42965388259424,237.0904541015625,9375400
2026-03-06,235.59644388499382,238.23814591204697,232.93494958702288,237.85227966308594,7179800
2026-03-09,238.3172853623119,241.5031614171852,237.49607978572496,240.01905822753906,7844000
2026-03-10,239.732151823879,242.40353469704283,238.26784082105456,241.12721252441406,7214100
2026-03-11,240.29608691960013,241.10740390076984,238.80209516039704,240.41482543945312,6933200
2026-03-12,238.9010440853151,241.80987365541034,237.75333399538243,239.47488403320312,7710200
2026-03-13,241.6218975517249,242.98726220669954,238.94061117286776,238.9604034423828,6415300
2026-03-16,241.3349607287423,242.4628785296478,239.1088059824489,240.61270141601562,7571500
2026-03-17,240.99857884994995,241.55264164150105,234.70598053704475,235.5865478515625,7281800
2026-03-18,235.349078713635,236.57594278395305,232.9250465260699,234.7653350830078,6811500
2026-03-19,235.81410287893596,236.72435103784144,233.80561773863002,235.0819549560547,7511500
2026-03-20,234.32011361954207,235.76463230802105,232.01480479225953,232.87557983398438,17156600
2026-03-23,234.88406082839504,235.78442039461373,231.7674501417346,232.925048828125,7313700
2026-03-24,231.65861261497415,233.49890116874656,229.77875461897233,232.77664184570312,9046200
2026-03-25,234.29043431536925,238.90105200048887,233.2317667584392,237.3872528076172,6456400
2026-03-26,237.45653008741147,239.0890376929306,236.3978624775069,236.70458984375,5171400
2026-03-27,238.63391169766768,240.10811126821832,236.59574564385582,237.90174865722656,7617600
2026-03-30,240.90953765922094,241.62190842303258,237.96110834902544,239.92013549804688,7241300
2026-03-31,240.43461907362286,242.73003938495026,240.0784336838334,241.84947204589844,7554200
2026-04-01,242.99717824988343,244.58021265880902,241.1568896154117,241.53285217285156,6314600
2026-04-02,242.5123641523277,244.59011472810894,239.30669571751412,240.46429443359375,6878700
2026-04-06,240.0784175573595,240.93920766482614,237.9512090454724,238.41622924804688,4442400
2026-04-07,238.22825540792763,238.22825540792763,233.50880278778567,235.8833770751953,6241100
2026-04-08,234.13213423473948,238.77243293320464,231.42116679227811,238.7427520751953,8771100
2026-04-09,238.7427511835681,241.61201149233705,237.9907958579282,238.7526397705078,6216500
2026-04-10,239.43532307826192,239.69256220529843,235.38867186110593,235.93284606933594,7354500
2026-04-13,235.19079033309842,235.8635765445355,232.68758901903882,235.43814086914062,7663600
2026-04-14,232.5193972079424,239.62331259842583,230.77805483364233,237.5554656982422,10318700
2026-04-15,237.3971547010872,237.8720635067345,234.24095942154312,236.14060974121094,6463500
2026-04-16,234.90386545418738,235.61623623667953,229.66003084303983,232.05438232421875,8668900
2026-04-17,231.87629665489436,233.0437839864675,229.58087633934963,231.6981964111328,8946300
2026-04-20,232.32152567058696,232.7667536363879,227.09748331847635,228.2451934814453,7810500
2026-04-21,226.91937872287346,227.25577181512992,222.31864987835766,223.76318359375,11681200
2026-04-22,223.7829810531976,225.06920692516337,221.40842182578342,223.70384216308594,9003400
2026-04-23,224.8416507297823,228.93777524810503,224.62398103726102,228.2056121826172,7097600
2026-04-24,226.6027733404394,227.55260604771448,224.61408045271432,225.0889892578125,6067500
2026-04-27,223.37733983631023,225.49465994910125,221.972390518204,222.95188903808594,7897800
2026-04-28,225.31655381218496,228.58158401963007,223.97096624596244,225.37591552734375,7179800
2026-04-29,223.12997454989514,226.2861697879244,222.47696551504524,224.94058227539062,7071100
2026-04-30,225.53421985117495,228.71020743451083,225.3957041523519,227.41409301757812,8157200
2026-05-01,226.63244949097316,227.33493164601464,224.61407578841013,224.7822723388672,6863600
2026-05-04,223.12007375353997,224.66355379145187,221.2105348477109,221.82395935058594,8215200
2026-05-05,223.00135999434525,224.12927789209027,222.51654748413543,223.15966796875,5556700
2026-05-06,222.86284542864004,223.94129020275372,220.58721735046336,222.23951721191406,7982300
2026-05-07,222.39781787364097,222.39781787364097,218.29180491973372,220.15187072753906,7269700
2026-05-08,220.5773139289545,221.00274959951292,218.578717393272,218.9744873046875,5550600
2026-05-11,218.97449324390374,220.91371302266228,218.034549114472,219.08331298828125,6223200
2026-05-12,220.63667479230432,225.23738865385062,219.30097587916978,221.88331604003906,8632500
2026-05-13,223.42680175059942,228.35402025227188,223.0508241008666,227.97804260253906,7464500
2026-05-14,228.55191184757024,229.30385209662222,226.73141539381513,228.35403442382812,6974400
2026-05-15,228.324343449484,229.6798195939985,224.0402302332647,224.307373046875,12167000
2026-05-18,224.30737192600984,227.26567474324526,223.46637404521803,226.4939422607422,10141600
2026-05-19,226.5137209227187,228.40348257147707,225.62324996765844,227.56248474121094,9677900
2026-05-20,229.2345877493695,229.54130000194294,226.74129009113187,226.88970947265625,7353800
2026-05-21,226.88970696918975,229.43246262946704,224.94058353722363,229.27415466308594,5239000
2026-05-22,230.53071103197314,233.0042165151488,230.25367962562382,231.85650634765625,5462300
2026-05-26,231.85650632452897,232.0953339431715,227.9557463234551,229.0503387451172,6619600
2026-05-27,228.85132348090337,231.74704572535882,227.89604337347495,230.15489196777344,5835500
2026-05-28,228.90107206919134,230.7320381891827,228.60254135347682,229.66729736328125,7193400
2026-05-29,230.09517449736785,230.36385365376995,223.48776262843438,224.22413635253906,13897700
2026-06-01,222.10459450044488,223.3385143974124,219.75617610550876,222.41307067871094,8041000
2026-06-02,221.48763589098954,224.39330345287865,220.08455216761314,221.79611206054688,5669000
2026-06-03,221.35827776443833,223.82610240207563,220.91048926891716,222.1444091796875,6507200
2026-06-04,225.97549994238426,227.5477475509985,224.79133771170055,227.05020141601562,7274800
2026-06-05,228.87122983792332,234.06561287765282,227.87613753428016,231.6276397705078,8034900
2026-06-08,231.62763678757383,233.7969306933057,229.42847614392605,231.0206298828125,7559800
2026-06-09,231.23954685180908,236.5433904796373,229.2792138627353,235.8368682861328,8354500
2026-06-10,237.67779864975017,239.7475772433621,235.886629497679,237.31956481933594,8350800
2026-06-11,238.822141602048,240.41429528628944,236.97126939727602,237.16033935546875,7399000
2026-06-12,238.82214080935248,239.72767840405794,236.35431627248195,239.6878662109375,6459400
2026-06-15,237.8270530309927,238.32459916704082,232.43365473829965,234.50344848632812,7732000
2026-06-16,235.20994955683125,235.20994955683125,229.88621514589735,234.02578735351562,7718100
2026-06-17,232.88144953454835,234.27457267967245,229.5677903566066,233.0506134033203,8548000
2026-06-18,230.64248139608736,231.60772209709037,226.48300306302522,227.2691192626953,18989800
2026-06-22,227.8263796240252,230.31411038031268,226.3834988221592,230.15489196777344,8518300
2026-06-23,234.48354214543076,238.62312963718077,233.19987979667957,237.9066619873047,11802000
2026-06-24,238.71267722908183,241.84721171654783,237.5782726810186,239.81723022460938,8139200
2026-06-25,240.0859235854152,246.97196048258556,239.70778365238823,243.67820739746094,10130400
2026-06-26,247.05156300573913,253.85799051268404,246.6535169859773,253.4102020263672,16316800
2026-06-29,251.94740453022743,257.3109358669097,250.7930938975173,257.2413024902344,8608400
2026-06-30,257.7288999793201,258.62447695588,251.92751017702224,252.7235870361328,8469500
2026-07-01,252.00712264580847,252.95245728529045,249.8477741968348,252.73353576660156,6516500
2026-07-02,254.52470472933535,261.8087875806335,252.753441667793,261.74908447265625,7998700
2026-07-06,258.9528582650781,260.0972082397536,254.67394351620698,258.0572509765625,6803700
2026-07-07,263.5899938466549,268.1076906797339,262.75408965465317,265.9284362792969,9089700
2026-07-08,267.28179179450893,267.28179179450893,261.8386358221884,262.1072998046875,6769400
2026-07-09,259.35088953644544,262.1570568783993,256.8631589924022,257.8283996582031,6426100
2026-07-10,258.91306402533775,260.01760188497747,254.26598487714244,255.7188262939453,6534700
2026-07-13,256.68405301110437,258.2562853735001,254.89286877547602,256.5049133300781,5272200
2026-07-14,254.27593479130442,255.13172996253974,250.9025724938729,252.60418701171875,8770600
2026-07-15,248.86261881363527,255.5695309055475,244.84245277781295,245.8076934814453,10547300
2026-07-16,247.67845384783817,252.30564190006208,245.09122311970796,248.7432098388672,11097600
2026-07-17,251.35035299448896,254.40529355359888,250.7134945486414,251.7981414794922,10167700
2026-07-20,250.7731932271148,252.93254159418385,247.40979173683036,247.59886169433594,8114700
2026-07-21,246.2355858738711,250.10649430212794,244.28521347459443,249.3800811767578,7793100
2026-07-22,251.51951735745217,255.03220704893891,249.97713648203677,254.3754425048828,9100200
2026-07-23,253.98735319581928,258.9230174724852,253.17137025663587,257.99755859375,8063300
2026-07-24,260.14696680341433,262.41577598127003,258.33589157019617,262.1072998046875,6351800
2026-07-27,261.26146783773044,267.48079463226605,260.0673753138636,264.6448059082031,9647900
2026-07-28,268.67490010822394,273.55084592551594,264.87364052953075,265.42095947265625,10491000
2026-07-29,267.1822622796963,268.0181361041443,263.49047862976664,264.2268371582031,6105600
2026-07-30,257.75875187348953,259.2414296518399,253.31068817063203,254.56451416015625,8216500
2026-07-31,254.75357596655473,257.2114550322676,252.04690865509698,255.09190368652344,6782100
2026-08-03,253.71867195954576,256.4850271972422,249.67859985775465,253.1614227294922,8136300
2026-08-04,253.16142648061836,254.2659795008061,249.21090897857138,253.67886352539062,7362400
2026-08-05,253.9972934738065,258.04732616634374,253.2211227437212,256.3258056640625,6472600
2026-08-06,260.42559336590404,260.8236242062839,254.02715726257253,255.7188262939453,6931800
2026-08-07,254.63416238175625,258.32596141364326,253.86793707628854,257.96771240234375,6532100
2026-08-10,257.78861210678537,260.71418593564044,257.28110530959395,260.5251159667969,8985100
2026-08-11,259.9479684253454,262.85362089025904,257.09202805973007,258.52496337890625,5945900
2026-08-12,254.7436088096904,260.1270613743755,254.00723509927005,259.5797424316406,4629300
2026-08-13,260.44550421552646,261.3311205223152,258.37569533996134,260.79376220703125,4852700
2026-08-14,259.37078114396394,260.42557646804266,257.8881034534354,259.072265625,4998100
2026-08-17,257.5995438259766,262.98299691726805,256.7437790079673,261.0823669433594,5515500
2026-08-18,266.3563600087168,270.3964321763198,265.02290964957547,269.7794494628906,7838200
2026-08-19,271.6601848020655,275.1131561312948,269.2321572777068,272.06817626953125,7728500
2026-08-20,272.05823633214175,272.05823633214175,266.0578308105469,266.0578308105469,6475900
2026-08-21,266.51555077860934,271.32186347512464,265.68963755179993,268.9137268066406,6186800
2026-08-24,268.4161893708204,272.635401405727,267.2519483767422,271.70001220703125,5436100
2026-08-25,271.0,273.79998779296875,270.17999267578125,273.1400146484375,4687000
2026-08-26,271.9700012207031,272.9100036621094,269.54998779296875,270.0,7214100
2026-08-27,268.45001220703125,268.45001220703125,263.8299865722656,265.7699890136719,7306200
2026-08-28,265.7799987792969,268.3800048828125,264.2699890136719,268.0400085449219,5765600
2026-08-31,267.1300048828125,267.7699890136719,265.1700134277344,265.8500061035156,7900100
2026-09-01,270.8299865722656,271.9100036621094,267.0199890136719,271.19000244140625,6033600
2026-09-02,274.739990234375,281.07000732421875,273.5299987792969,275.2099914550781,7910600
2026-09-03,277.32000732421875,278.8900146484375,273.1600036621094,278.42999267578125,5940300
2026-09-04,275.1300048828125,277.79998779296875,274.75,275.2300109863281,4320100
2026-09-08,271.2799987792969,271.989990234375,266.8800048828125,269.1199951171875,8084700
2026-09-09,268.510009765625,270.1000061035156,266.7300109863281,267.0799865722656,6124600
2026-09-10,270.2099914550781,271.2699890136719,265.7200012207031,266.3500061035156,4929500
2026-09-11,268.0299987792969,270.3999938964844,265.25,265.5799865722656,4701200
2026-09-14,271.0,271.54998779296875,266.19000244140625,266.32000732421875,4740800
2026-09-15,265.80999755859375,267.20001220703125,260.67999267578125,267.20001220703125,5283500
2026-09-16,266.80999755859375,268.6499938964844,266.29998779296875,267.2799987792969,4887300
2026-09-17,268.0,270.8699951171875,267.1099853515625,270.2200012207031,6568800
2026-09-18,269.45001220703125,272.1099853515625,267.20001220703125,269.989990234375,16428400
2026-09-21,271.739990234375,273.7300109863281,268.5,269.4700012207031,4485300
2026-09-22,267.510009765625,270.1000061035156,265.0400085449219,269.19000244140625,5680700
2026-09-23,269.4700012207031,272.1400146484375,266.5,269.1700134277344,6632700
2026-09-24,269.5199890136719,275.2300109863281,269.010009765625,270.67999267578125,6320600
2026-09-25,271.70001220703125,272.25,269.260009765625,271.2200012207031,4085700
2026-09-28,270.1700134277344,273.7799987792969,269.2699890136719,271.95001220703125,7185600
2026-09-29,269.1099853515625,271.8900146484375,265.5899963378906,267.57000732421875,5620500
2026-09-30,267.9100036621094,268.4800109863281,264.510009765625,264.739990234375,6341000
