date,open,high,low,close,volume
2018-01-02,85.26252379772062,85.57147421200618,84.61293497231672,85.51602172851562,13578800
2018-01-03,85.44471549744641,85.94378777426694,85.14368863832925,85.6031494140625,11901000
2018-01-04,86.28800815124671,87.61784217489802,86.16059584760555,86.82949829101562,12953700
2018-01-05,87.00467268221591,87.23560288759464,85.82613337120587,86.27206420898438,14155000
2018-01-08,86.12076832854065,86.54281087539455,85.76242584651894,86.39947509765625,12466500
2018-01-09,86.57466484563938,87.29930245287431,86.39151120954371,86.83744812011719,13292300
2018-01-10,87.17187212518039,88.15132794942382,87.10816600196203,87.7929916381836,15834500
2018-01-11,88.12748450559089,88.3345264737049,87.6337769878581,88.26285552978516,13676800
2018-01-12,88.90786063594079,89.86342857127254,88.26284650800673,89.7200927734375,18884200
2018-01-16,88.79637537848399,90.32528646152196,88.44599764369724,89.40156555175781,22703300
2018-01-17,89.09896112222852,90.22175906804839,88.63710071577701,89.97489929199219,14940300
2018-01-18,89.79174140981931,90.55619678329909,89.40154589990416,90.18989562988281,14572900
2018-01-19,90.7314120345592,91.04993064308648,89.82362063447975,89.9908447265625,18785500
2018-01-22,89.71214283150888,91.0897535075423,89.58473052082077,91.04197692871094,12475700
2018-01-23,90.51638094833534,91.28880112452835,90.26156248483005,90.9463882446289,12320800
2018-01-24,91.46399322982545,92.37178441825256,91.30473396269325,92.10900115966797,15904500
2018-01-25,92.40365979203136,92.50717773312029,91.63920418963225,92.1329116821289,13510000
2018-01-26,92.13288872800632,92.62660217285156,91.54362215376311,92.62660217285156,13883900
2018-01-29,92.38773108801935,93.44682309861541,92.38773108801935,92.53106689453125,11679900
2018-01-30,91.99751878609372,92.84956862653175,91.55955276224054,91.66307067871094,14279100
2018-01-31,92.0930776630954,92.89735093542174,91.70288820587537,92.10900115966797,13141400
2018-02-01,92.18863099808412,93.1601283256635,91.95770688283478,93.0645751953125,13800600
2018-02-02,92.76197732167137,93.10439022654303,90.85083566832607,91.00213623046875,16477300
2018-02-05,89.98285994858294,91.24898753965525,82.80015999575345,86.63836669921875,30097600
2018-02-06,85.0855916795954,89.56881398613697,84.89447927405227,89.27417755126953,33114800
2018-02-07,88.82821416553755,91.13750391783044,88.50968955562941,89.87934112548828,21878300
2018-02-08,90.07046598801698,90.07046598801698,85.87391627518852,85.90576934814453,27425800
2018-02-09,86.87727660533534,88.43008219142524,84.59187456006397,87.62580871582031,28188000
2018-02-12,88.5256498101636,89.76789569708012,87.64971132571951,88.97954559326172,18043300
2018-02-13,88.64507340544542,90.02268996120773,88.2309956052157,89.52897644042969,16358200
2018-02-14,89.68823110096388,91.79048521744444,89.60860145987868,91.59937286376953,15186900
2018-02-15,92.16474545591015,92.3638225838629,90.95435919111218,91.98159790039062,12130200
2018-02-16,91.21714552925434,92.42753183480441,91.17732767218246,91.32066345214844,13214300
2018-02-20,91.29678976936916,91.88605648109353,90.75529963349047,91.34456634521484,13461500
2018-02-21,91.57547556712781,93.5264289208086,91.31269230958993,91.72677612304688,14212500
2018-02-22,91.97364046920575,92.71420768742644,91.38437382444108,91.55956268310547,17070400
2018-02-23,91.8223455200223,93.47866891658062,91.8223455200223,93.41496276855469,12162500
2018-02-26,94.0758958323151,94.68109205856986,93.4229230350292,94.57756805419922,16511200
2018-02-27,94.6890536455316,95.02350178215175,93.44680816253194,93.45477294921875,17563300
2018-02-28,93.82108387611383,94.35460920770677,91.84623577251014,91.97364807128906,17735600
2018-03-01,91.95771419648666,92.8814289570045,89.70415953775245,90.32527923583984,18690000
2018-03-02,89.49712651706656,90.4288061568876,88.4858172292472,90.2376937866211,18353700
2018-03-05,89.22639097864925,92.31606650297424,89.09897867231676,91.62327575683594,13933000
2018-03-06,92.08509783881772,92.22843358596936,91.03397105148933,91.70287322998047,10674400
2018-03-07,90.58010378583008,91.65511918711887,90.0704667648435,91.36048889160156,13006500
2018-03-08,91.66309037092306,91.75864959728378,90.15010270131941,91.36845397949219,11173700
2018-03-09,92.80976356300378,94.02811466759508,92.10900815356938,93.99626159667969,15366600
2018-03-12,93.96443714056059,94.56166873255569,93.36720554856551,93.69369506835938,12339300
2018-03-13,94.12368421142881,94.33869095874691,92.23643651470962,92.57088470458984,13312300
2018-03-14,92.81772469935316,92.84161298432583,91.256960635832,91.5356674194336,12905100
2018-03-15,92.26824918540227,92.37176708207498,91.4400877859692,91.76657104492188,8748000
2018-03-16,91.84622945440476,92.84957997453346,91.84622945440476,91.92586517333984,19888900
2018-03-19,91.65512861853355,91.93383544379101,90.22177662777248,91.20123291015625,13214900
2018-03-20,91.4719796571203,91.93383407121436,91.13752539645165,91.28882598876953,9921200
2018-03-21,91.42419534269771,92.87347686139421,90.94641136159997,91.36845397949219,13633000
2018-03-22,90.14213357556444,90.46065823941838,87.2276471783796,87.55413055419922,22550400
2018-03-23,87.80894375389502,88.32654554190084,85.0139050342977,85.21298217773438,23081500
2018-03-26,86.9489357038696,88.51766457689419,86.5189283420746,87.8407974243164,20217500
2018-03-27,88.4459997451366,88.93971328539813,85.44391886778016,86.13670349121094,18039900
2018-03-28,86.2242852980853,86.93299939259305,84.9263046017586,86.0013198852539,19189300
2018-03-29,86.39948607560933,88.21506877408183,85.82614289180692,87.57006072998047,13274600
2018-04-02,87.56210113274922,88.17526221440836,84.47242566233038,85.88188934326172,18822500
2018-04-03,86.28800445417862,87.1957958149914,85.41206616791136,87.0604248046875,14050700
2018-04-04,85.28463151092919,88.5574596393836,85.22092537853977,88.38227081298828,15302600
2018-04-05,89.34272180870042,90.30314174766697,89.150640263372,89.54280853271484,16627000
2018-04-06,88.4783182219183,89.27866481422454,86.29336933821192,87.30980682373047,18906000
2018-04-09,88.04614924700984,90.42318011387597,87.95010543707946,88.35828399658203,15974300
2018-04-10,89.74288426729319,90.33514529428754,89.17463877341602,90.0470199584961,13951400
2018-04-11,89.36672417494461,89.48677130673234,88.45432323022848,88.53436279296875,14503300
2018-04-12,89.28669665830205,91.55167981141753,89.2386777991085,90.7353286743164,16435500
2018-04-13,92.05586738172993,92.15991635234765,87.27780309420666,88.27823638916016,39152800
2018-04-16,88.79045536125636,89.2146380899302,87.87005553340475,88.2061996459961,16580500
2018-04-17,89.13460464971705,89.5747916239695,88.03012241383108,88.2061996459961,15501400
2018-04-18,88.4623074948178,88.89449538556634,87.1497395775044,87.49388885498047,16081400
2018-04-19,87.6619801477066,89.53479475203287,87.63797072175493,89.41474151611328,17911000
2018-04-20,89.87893459553999,90.23108298250798,88.74243766939608,89.21464538574219,15584400
2018-04-23,89.29466147261017,89.59879095362919,88.54233378579121,88.78244018554688,11285800
2018-04-24,89.43877210700086,90.35917232530768,87.71001975545109,88.3663101196289,16453100
2018-04-25,88.25422456950476,88.46231641332434,86.91764709676002,88.0301284790039,13548200
2018-04-26,88.01415167880367,88.69444533887103,87.50992921177865,88.11819458007812,10299500
2018-04-27,87.67799085847739,88.16620287534789,87.34184057530533,87.55793762207031,9384000
2018-04-30,87.83807455064563,88.27826779951475,87.03772762991082,87.06173706054688,13744900
2018-05-01,86.79762111122541,87.21380492945848,86.06930858856119,87.06173706054688,10503400
2018-05-02,86.52548091059802,87.62995714159585,86.22135136743763,86.3734130859375,12162100
2018-05-03,86.10928266985572,86.2533452935811,84.18045065314537,85.82916259765625,15379100
2018-05-04,85.18090740409158,87.02970649812563,84.82075379824332,86.78160095214844,11967900
2018-05-07,87.04570831532116,87.78202580972811,86.72556841587793,87.53392028808594,9356700
2018-05-08,87.6619619234932,89.11058731225793,87.46187527394403,88.8304672241211,12543200
2018-05-09,89.1906423064373,90.95140268500147,88.86249721337923,90.76732635498047,11368100
2018-05-10,90.59124612136314,91.59167950955326,90.23909161474876,91.47162628173828,9159700
2018-05-11,91.63168045382835,91.82376803411586,90.97539648657931,91.1274642944336,10253000
2018-05-14,91.32757221434566,91.79977388700097,91.03144170538735,91.15950012207031,8710700
2018-05-15,91.16749718815535,91.16749718815535,90.09502941542168,90.46318817138672,11536200
2018-05-16,90.35114249298898,90.99142232393054,90.14305063200882,90.71129608154297,7571100
2018-05-17,90.59925467765645,90.76733287789148,89.79890788330908,90.40717315673828,8617200
2018-05-18,90.2390839000686,90.27910367463917,88.71041888264486,88.94252014160156,11806300
2018-05-21,89.67883954655949,90.07100767334524,89.57479057995103,89.75887298583984,9441900
2018-05-22,89.91895753689867,91.47163220996927,89.87093868512494,90.44718933105469,11507600
2018-05-23,90.0470162141207,90.25510197652511,88.93453469958179,90.031005859375,11453900
2018-05-24,89.75088008408416,89.75888526095495,88.13418240735096,89.02256774902344,14084800
2018-05-25,88.40631033171623,88.9025275657842,88.19821844566685,88.5663833618164,8283500
2018-05-29,87.3818659938397,87.39787024351796,84.00440143869591,84.7807388305664,30643800
2018-05-30,86.1493219952099,86.91765412743113,85.3569804379444,86.71756744384766,17490800
2018-05-31,86.39744060532892,86.58952824707788,85.17291089344846,85.6451187133789,19808200
2018-06-01,86.70955103873878,87.18976390208505,86.27736923158346,86.75757598876953,13594200
2018-06-04,87.22979542364843,87.44589247761587,86.65354475461719,86.797607421875,9415400
2018-06-05,86.62951945802529,86.68554347913127,85.693115345471,86.30937957763672,10415200
2018-06-06,86.96569148657561,88.63040829072679,86.8216288096031,88.32627868652344,15453600
2018-06-07,88.98255058275606,89.2386612946917,88.06215061274453,88.67842102050781,13444400
2018-06-08,88.53436832400881,88.95054598791609,88.08616994807592,88.9265365600586,10383200
2018-06-11,88.93450906453471,89.5667835591924,88.65438289268118,88.70240783691406,12642900
2018-06-12,88.95053538870123,89.26267012597859,87.6539714834376,88.1902084350586,15294100
2018-06-13,88.40629782113767,89.19863936298187,87.70199490684959,88.01412963867188,14979700
2018-06-14,88.26223644203446,88.32626564593822,86.26136961624964,86.46145629882812,20487300
2018-06-15,86.27738841536691,86.74158492370346,85.05285266895056,86.357421875,26028600
2018-06-18,85.84519489991575,86.75758971476816,85.38899749248955,86.58151245117188,9786800
2018-06-19,85.55708954925944,86.34142613506064,85.31698302355392,86.07731628417969,12707200
2018-06-20,86.58151159224353,86.94967036421929,85.98925670742696,86.06929016113281,8876900
2018-06-21,85.71715056000158,86.60553609496674,85.26095307768128,86.04529571533203,11048700
2018-06-22,86.56551166692084,86.73358375994471,84.44459145391431,84.63667297363281,19478900
2018-06-25,84.56465112588404,84.59665962647064,83.20405781680195,83.86834716796875,16907600
2018-06-26,83.80430132827405,84.20447467399562,82.52374784319713,83.92435455322266,17086800
2018-06-27,83.78027809935188,84.77270612348589,82.6197780304487,82.62777709960938,16276800
2018-06-28,82.9799287723869,84.40454462391307,82.84387132727699,83.98036193847656,14491300
2018-06-29,85.38099615702886,85.557073428548,83.35611974688177,83.39613342285156,18972400
2018-07-02,83.01196134072806,84.10843242023529,82.73984028542735,84.10043334960938,11130000
2018-07-03,84.36456166242074,84.66068607940508,82.85190054714774,82.92393493652344,8311700
2018-07-05,83.79297293369353,83.99414688727046,83.31015667297731,83.46305084228516,10723400
2018-07-06,82.98026887385885,84.09074734635487,82.23994375285045,83.73667907714844,12173700
2018-07-09,84.25972075054989,86.47263483793405,84.25972075054989,86.32778930664062,13900800
2018-07-10,86.92324595232883,87.22903431483863,85.72425081433744,85.79667663574219,14575900
2018-07-11,85.54724088020812,86.1507629584096,85.46677249765007,85.61161804199219,10186500
2018-07-12,86.44044221816215,86.5530991661957,85.27363548238178,85.98176574707031,12456800
2018-07-13,86.34387955104108,86.74622753377781,84.60573331873373,85.58746337890625,21289100
2018-07-16,86.14270813580691,89.13617205984093,86.08637966211296,88.98328399658203,24662600
2018-07-17,89.07177844114298,89.26490371060301,88.31536243835725,88.91888427734375,14821900
2018-07-18,88.8545362234148,90.22252318980179,88.677502110407,89.74774932861328,14244900
2018-07-19,89.36953236115963,89.39367225793707,88.29929138818721,88.42803955078125,16775300
2018-07-20,88.51657501063372,89.91674456905824,88.33954087831735,89.54658508300781,13578100
2018-07-23,89.36953337599789,91.92846683229617,89.26492510899342,91.21228790283203,18140000
2018-07-24,91.37322462804723,92.36299717655818,91.26861022874549,91.85604095458984,14000400
2018-07-25,91.6387758891157,92.95847680368321,91.23642789956847,92.68488311767578,13329100
2018-07-26,92.87801855350251,93.01481541141142,92.20207680429816,92.41934204101562,11897800
2018-07-27,92.68489081442425,93.58615259601625,92.38715106727084,93.36888122558594,12802700
2018-07-30,93.57005016856846,94.64029732510895,93.39301606576106,93.93216705322266,13411600
2018-07-31,94.21382356591313,94.21382356591313,92.39520860869224,92.49981689453125,15843800
2018-08-01,93.14355616318646,93.89997232037571,92.76534808459184,93.07113647460938,13531600
2018-08-02,92.19403277843902,93.54592248443299,92.00090743168106,93.4654541015625,11058100
2018-08-03,93.34473943815232,94.25404374148101,93.29645964096387,94.22185516357422,11016100
2018-08-06,93.98045863913423,94.57593203654726,93.48959352498412,94.24600982666016,9857400
2018-08-07,94.74489855237108,95.18748377648993,94.41497640839934,94.59201049804688,10562100
2018-08-08,94.41498157412394,95.17139162671774,94.3747443190597,94.78514099121094,8997100
2018-08-09,94.55986482464648,94.72885031252021,93.90805664073855,94.05290222167969,9694200
2018-08-10,92.94238152601466,93.3044922450542,92.28253109755087,93.1274642944336,12630600
2018-08-13,92.99067629655914,93.24817879452614,91.59050684757266,91.64683532714844,10336300
2018-08-14,91.95260394235115,92.57222326482896,91.45369638015869,92.25839233398438,10597600
2018-08-15,91.59049272605607,92.00088937931501,90.90650239685309,91.49392700195312,10152100
2018-08-16,92.0169867326845,92.78949415899025,91.97675561613282,92.3549575805664,10118600
2018-08-17,92.25034931032009,92.59636883724964,91.97675561613282,92.3549575805664,8505100
2018-08-20,92.21012977608757,92.58029541130139,91.82387905837366,92.2342758178711,8618700
2018-08-21,92.83778364415244,93.65857089744533,92.44347816720159,92.79754638671875,10976700
2018-08-22,92.78950100196171,92.86997551968642,92.3630130711332,92.51590728759766,8314700
2018-08-23,92.50786108512597,92.66075530568462,92.08137314287698,92.32278442382812,9265400
2018-08-24,92.52393532952595,92.71706062243192,92.09744135448433,92.28252410888672,8845700
2018-08-27,92.71708124678155,94.37475316992669,92.67684398794368,93.91607666015625,13768000
2018-08-28,94.14942885960718,94.17356875650707,93.32059298954826,93.45738983154297,8302600
2018-08-29,93.62638669282798,93.6424840522908,92.82973930104502,93.15161895751953,7221700
2018-08-30,93.01480561022389,93.37692248572093,92.52394670941155,92.69293212890625,8991800
2018-08-31,92.40325379611973,92.41129633671889,91.59050902349458,92.20207977294922,13065700
2018-09-04,92.0089433678194,92.7331710403552,91.43760990930326,92.66075134277344,10174200
2018-09-05,92.54003418213874,93.10331889098852,91.93651222008131,92.2101058959961,11462400
2018-09-06,92.13769843697709,92.29863519248325,91.33300238075896,91.8158187866211,9877600
2018-09-07,92.13768150761429,92.35494670156169,91.43759385717476,91.99283599853516,10955600
2018-09-10,92.41932890779724,92.51589463225132,91.46174489916824,91.5019760131836,8276900
2018-09-11,91.36518851296842,92.20207312574475,91.07549744934032,92.08136749267578,9333800
2018-09-12,91.93652619463646,92.44348250965973,90.80995046635202,90.99503326416016,10800800
2018-09-13,91.22839870252406,91.83996331575193,90.66510775116912,91.3490982055664,12470800
2018-09-14,91.5824463397084,92.12963984463474,91.11572734322009,91.33299255371094,10337900
2018-09-17,91.56637440643608,92.08137944432112,91.17207501728691,91.60660552978516,9561300
2018-09-18,92.0009083948318,92.2664595864941,91.38128894761977,91.97676849365234,7944200
2018-09-19,92.08941983894681,95.00241567125904,92.08941983894681,94.64835357666016,16052800
2018-09-20,95.35648943271273,95.95196283757998,95.0185185385457,95.46109771728516,15590000
2018-09-21,95.86344509408973,95.94391961632992,94.74491799560481,94.83343505859375,24788200
2018-09-24,94.76100261817606,95.32428736207711,93.69075546542082,93.92411804199219,12492500
2018-09-25,94.18160763313267,94.92997505585659,93.6022256104635,93.65855407714844,9308300
2018-09-26,93.94827169865337,94.04483744289725,92.26645976031213,92.55614471435547,14023600
2018-09-27,92.87801335297918,93.15161319282109,91.86410078594471,92.1537857055664,13283000
2018-09-28,91.45370308675272,91.92847078744153,90.54439266306757,90.80189514160156,15815100
2018-10-01,91.22838428782171,92.22620557115458,90.96283314439944,91.33299255371094,10146300
2018-10-02,91.22033947537831,91.8319101572386,90.77775421758271,91.7112045288086,13753100
2018-10-03,92.49177435237641,93.07115654329516,92.12161487247702,92.5722427368164,17142000
2018-10-04,92.82342717037115,94.65477094969813,92.54791138988992,93.4068603515625,16357400
2018-10-05,93.86066511792843,94.07945182342107,92.39396143040477,92.88016510009766,13777600
2018-10-08,92.5803336146612,93.82013928133365,91.85103434534327,93.4473876953125,14370900
2018-10-09,92.9206536688625,93.21237332151107,92.11032267424645,92.79910278320312,14069500
2018-10-10,92.94497996994471,93.14756275643748,90.3276138305664,90.3276138305664,23086400
2018-10-11,89.92246845382374,90.32763411780792,87.01337577160184,87.62112426757812,33705600
2018-10-12,89.43623857209151,89.80899010636756,85.57095607245033,86.66490173339844,32075700
2018-10-15,86.8675091619999,88.20455698613186,86.1544198742201,86.17062377929688,18903200
2018-10-16,86.83506035339146,88.14779242660727,86.4866178265542,88.01814270019531,19302800
2018-10-17,87.82366601191876,89.7846716067367,87.70212131545722,88.99864959716797,18794500
2018-10-18,88.34231532410556,89.00678674069351,87.3618151961122,87.58870697021484,17582500
2018-10-19,87.23213751635431,88.50435699929243,86.92420776508146,87.44282531738281,15234500
2018-10-22,87.63731447375356,87.79127318714913,85.98423819785508,86.18682098388672,16199100
2018-10-23,84.43650333540882,86.02475782945716,84.03133776051273,85.287353515625,21407500
2018-10-24,84.89029981368968,85.10908652150964,83.39118830242049,83.69911193847656,23168900
2018-10-25,84.42029570116091,85.81406620637084,84.04754413061292,84.97132110595703,17464700
2018-10-26,84.27445223941398,84.72823577312452,83.24533424479556,83.80445861816406,19174900
2018-10-29,84.64718243832067,86.40559936831697,84.03132909691874,84.96321105957031,18445200
2018-10-30,85.66009999044151,86.68922395136747,84.97131979069188,86.46232604980469,18019700
2018-10-31,87.58058576439407,89.52538161849183,87.34558900621676,88.34229278564453,20860000
2018-11-01,88.82849451017252,89.31469191784626,87.77506164159983,88.30988311767578,13065000
2018-11-02,89.05540693153812,89.79280516515345,87.10250562256854,87.82369995117188,19009200
2018-11-05,88.01006186544133,88.5610872644904,87.85609697704453,88.39901733398438,10276400
2018-11-06,88.05867821469181,88.86900930605513,87.3212801363657,88.81228637695312,10825000
2018-11-07,89.43625576051508,90.53830667466735,88.6097144837327,90.33572387695312,12679600
2018-11-08,89.95486038052898,91.51069466478019,89.94675533818321,91.06501007080078,11662500
2018-11-09,90.94346063684013,91.0488014525355,89.80899587829106,90.18174743652344,10432200
2018-11-12,90.28707137902533,90.70844692772971,88.00193838746523,88.28555297851562,13279700
2018-11-13,88.4071234445101,90.0439957595565,88.4071234445101,88.80418395996094,13746100
2018-11-14,89.32280080648871,89.71175627644462,85.87889359550613,86.97283935546875,18361400
2018-11-15,87.71023832489627,89.20125079417271,86.5514645809287,89.19314575195312,19100000
2018-11-16,88.6907392368533,89.7522772155317,87.96144616957619,89.1283187866211,13798600
2018-11-19,89.10400781890188,90.10881666092327,88.75556519546134,89.80899810791016,13987000
2018-11-20,88.95814341258118,89.5334777274075,87.49955120357143,87.88040161132812,18936200
2018-11-21,88.35041233561623,88.82040592914844,87.22405242919922,87.22405242919922,10619600
2018-11-23,86.49474079709339,87.02145725412728,85.94371539597627,86.42181396484375,6488400
2018-11-26,87.28887062449833,89.12022071589247,87.07007775650888,88.53678131103516,13948300
2018-11-27,88.13162107628357,89.16073895708944,88.0262740659392,88.90953826904297,9238200
2018-11-28,88.97437048620019,90.27089920256734,88.22076220382168,89.89814758300781,13977300
2018-11-29,89.35521213256631,89.78469283014479,88.8447057397502,89.18504333496094,11144300
2018-11-30,89.01489891445985,90.20608700624528,88.79611216686185,90.10074615478516,18652700
2018-12-03,91.06498391685308,91.4782544050936,90.54637263771498,90.9515380859375,16034500
2018-12-04,90.43295848683397,90.43295848683397,86.48664959538871,86.89181518554688,23555900
2018-12-06,85.09287915361715,85.37649383085237,83.36686977924685,85.23873901367188,27213900
2018-12-07,85.21443353615408,86.68923610014733,83.39118830242049,83.69911193847656,19248600
2018-12-10,83.35874858274761,83.86114982427846,80.44965720401784,82.13514709472656,23636400
2018-12-11,83.56945649326974,83.99893723303407,81.20329081462171,81.33294677734375,16860700
2018-12-12,82.37827495718268,83.38308394093445,81.081740056725,81.85965728759766,22621500
2018-12-13,82.28913939468381,82.62947702965403,81.57604395112334,81.9406967163086,17250900
2018-12-14,81.02498754374767,82.60513655853744,80.91964674902876,81.2680892944336,19879500
2018-12-17,80.84673558538084,81.48689793156537,79.76899986152,80.23088836669922,25113500
2018-12-18,80.5631335439009,81.75432150240356,79.50970660015523,79.85004425048828,20837200
2018-12-19,79.74468547249383,81.50310245266776,78.27798199674463,78.83711242675781,28767900
2018-12-20,78.28608140857011,79.63933274673651,77.54057834372414,78.15642547607422,31825200
2018-12-21,78.34280093918073,79.76088018215552,75.91991299223757,76.30886840820312,41313900
2018-12-24,75.2716659518259,76.34940794989099,74.6639175415039,74.6639175415039,17009300
2018-12-26,75.10958901232001,77.75936889648438,73.8292644353059,77.75936889648438,22542900
2018-12-27,76.83559311856128,78.7236660275743,75.80647536236373,78.63452911376953,20304700
2018-12-28,79.37193770498644,79.67176247137107,78.14834205755844,78.46437072753906,17963300
2018-12-31,79.08022283347685,80.06882793656833,78.41575146321915,79.10453796386719,13237200
2019-01-02,77.75127063189353,80.85484039070879,77.74317177175233,80.47398376464844,15670900
2019-01-03,80.58018108899887,80.78440904314425,78.9872055396819,79.33030700683594,16286400
2019-01-04,80.96414515628472,82.45092467973022,80.28610673114444,82.25486755371094,16935200
2019-01-07,82.04244461306386,82.89203355312574,81.4542671751332,82.31202697753906,15430700
2019-01-08,83.02275445673554,83.17796971271667,81.32358243525782,82.15682983398438,13578800
2019-01-09,82.35285960525655,82.90835976416811,81.6339796130056,82.01792907714844,14230300
2019-01-10,81.70751365149404,82.28752650105433,81.09482981530769,82.00977325439453,14376100
2019-01-11,81.60132642418566,81.83006075121926,80.83342726982175,81.61766815185547,15439900
2019-01-14,80.76806881581183,82.80217737478134,80.59651809228835,82.45907592773438,21258500
2019-01-15,80.78440636286945,83.7089520650106,80.54750119601577,83.06359100341797,26504900
2019-01-16,83.52924674429545,84.50953858959738,83.1616388604431,83.73347473144531,18533000
2019-01-17,83.41486441042503,84.55037131400978,83.25964917398574,84.0765609741211,14247600
2019-01-18,84.77094366007017,85.69405807999246,84.0030507254304,85.44081115722656,16428700
2019-01-22,84.20725501167556,84.62387546888192,83.43118519880896,84.09288787841797,17083700
2019-01-23,84.50135548377295,84.71374805654398,83.30049418465825,83.88050079345703,12146700
2019-01-24,83.43119535441417,84.21542989187292,83.2759863589812,83.92951202392578,11296800
2019-01-25,84.5585266368323,85.21205221730925,83.92950117610755,84.46049499511719,14369400
2019-01-28,84.05206070121658,85.15489046471632,83.80698465041979,84.86080169677734,12283100
2019-01-29,84.86078924464306,85.86559342641743,84.73825746976736,85.09769439697266,9743300
2019-01-30,85.07320775485054,85.97180962989746,84.77911896191979,85.29377746582031,12526300
2019-01-31,84.47684257132663,84.79543763829804,83.92134236153564,84.55036163330078,17520600
2019-02-01,84.95883336360463,85.65320719747166,84.56671292883836,84.86080169677734,13000800
2019-02-04,84.78727673863594,85.16305541992188,84.15008652982317,85.16305541992188,9871500
2019-02-05,85.38359630157831,85.40810888451415,84.37879854013647,84.7872543334961,12763000
2019-02-06,84.72192308626066,85.46531582514835,84.52586599692843,84.74642944335938,8745000
2019-02-07,84.3461602935983,84.55038828462396,82.86755163298649,83.63544464111328,13177500
2019-02-08,83.39036258385104,83.60275517599402,81.74019716770779,82.80218505859375,12892600
2019-02-11,83.1289511098446,83.33317907113768,82.32020389569325,82.41006469726562,10978500
2019-02-12,83.28415349627726,84.07655892025807,83.23514078388001,83.81514739990234,12852300
2019-02-13,84.06024506151108,84.83630895939977,84.06024506151108,84.2154541015625,10754100
2019-02-14,83.70894652949666,84.22359867911955,82.7940031420696,83.66809844970703,11518500
2019-02-15,84.87713851416616,86.34757603625552,84.68108142439608,86.22504425048828,14716900
2019-02-19,85.70222706529802,86.07800577668075,84.80361902444483,85.92279052734375,12764900
2019-02-20,85.94730366341363,86.42928494447193,85.67772122990019,86.33942413330078,10030300
2019-02-21,86.14335675821847,86.58448992903183,85.7430716751361,86.15969848632812,8400100
2019-02-22,86.34759272182626,86.66618789147053,85.59603520535997,85.7757568359375,10647300
2019-02-25,86.3884214156892,87.63012458875447,86.33940870291653,86.6743392944336,11230700
2019-02-26,85.36731114241577,86.15971684592091,84.90984237855486,86.0126724243164,15465400
2019-02-27,85.92279911972189,86.08617901664631,85.37546960922714,85.90646362304688,9968800
2019-02-28,85.78389298193756,85.94727281676953,85.10585482555662,85.25289916992188,15156900
2019-03-01,85.85741077637427,86.51911343256629,85.1221890653504,85.3100814819336,13813300
2019-03-04,85.71039400836088,86.52730589841208,84.3624881432678,85.11405181884766,12466300
2019-03-05,85.06502629011744,85.40813399414273,84.35431698955227,85.04869079589844,10856600
2019-03-06,84.84446206578636,85.42446870968463,84.59122139617315,84.73009490966797,9070800
2019-03-07,84.34615070858455,84.52587231747073,83.45571976052132,84.11741638183594,12705700
2019-03-08,83.31682437720583,84.32979939499845,83.31682437720583,84.15007781982422,10582400
2019-03-11,84.94249757849451,85.40813708738304,84.68108603372453,85.2447509765625,9763200
2019-03-12,85.44080625584503,85.60419236318302,84.75460330265369,84.99150848388672,10219100
2019-03-13,85.11404779606873,85.75940890661239,84.91798446429203,85.27742767333984,13022200
2019-03-14,85.36726402978637,86.48643518948973,85.33458681718105,86.053466796875,10926500
2019-03-15,86.11068264284091,87.24618963608073,85.96363825790483,87.04196166992188,24811700
2019-03-18,87.04195811555115,88.05492704122234,87.00111003097027,87.56478118896484,12935500
2019-03-19,88.38984914098084,88.55323523103102,87.04194973518365,87.24617767333984,12889300
2019-03-20,86.94392579335778,87.12364739208383,85.2937666489999,85.38362121582031,14920700
2019-03-21,84.54217913657718,84.54217913657718,83.55371685552427,84.03569793701172,19751000
2019-03-22,83.17796895673116,83.58642490451172,81.29906910392333,81.49513244628906,31115200
2019-03-25,81.35624381747964,82.15682013016601,80.13087610773319,80.81708526611328,21032300
2019-03-26,81.54411879918639,82.0179290412207,80.72720716776496,81.62580871582031,15987100
2019-03-27,81.59313035436294,82.05876972841837,80.93960479794781,81.34806060791016,12753200
2019-03-28,81.69118777272661,82.34471976792564,81.47878893940548,82.27119445800781,12454100
2019-03-29,82.94923985468954,83.31684773785936,82.17316976543478,82.69599914550781,14523400
2019-04-01,83.447542644213,85.51432852645986,83.42303628711798,85.48165130615234,17499300
2019-04-02,85.44896549081157,86.13517458316116,85.22840206659964,85.89009857177734,10295400
2019-04-03,86.43743180094421,86.88673576440287,85.60418454353433,86.06165313720703,11499200
2019-04-04,86.06167646894228,87.0330088604585,85.97935516167823,86.89306640625,11952100
2019-04-05,87.09059474612077,87.3457731106674,86.42382885259964,86.68724060058594,9933700
2019-04-08,86.52262399732828,86.96713256835938,86.3579939844571,86.96713256835938,8056300
2019-04-09,86.49792136347644,86.59669684910283,85.81469494681212,86.32505798339844,9092200
2019-04-10,86.53909641745047,87.02476569877358,85.99581227588841,86.71195983886719,10882300
2019-04-11,87.01652434706493,87.85615378020665,86.89304869157553,87.44457244873047,11183800
2019-04-12,90.08694223551896,92.0707613925338,89.62596677959368,91.54393768310547,25834100
2019-04-15,91.30521592146174,91.37107045246736,89.82352665523764,90.49851989746094,15163800
2019-04-16,90.46557647291601,91.69208706270507,90.4326492132947,91.453369140625,11583200
2019-04-17,91.9472510594718,94.38381764759606,91.37927319068841,94.08747863769531,17791900
2019-04-18,94.27682573319842,94.6225525698696,93.28903297692844,93.39604187011719,12501900
2019-04-22,92.87745892015657,93.78293673132768,92.73752275338806,93.51129150390625,7975900
2019-04-23,93.01737964569531,94.14511473945164,92.893903991889,93.62651824951172,9193100
2019-04-24,93.2313901442893,93.96400429544117,92.86096323670456,93.47010803222656,9245700
2019-04-25,93.02561203212541,93.96401694260808,92.60579732578341,93.5195083618164,9311800
2019-04-26,93.79939933325085,94.31799592094245,93.5112936068854,94.22744750976562,7889300
2019-04-29,94.33445944754604,96.44176057151876,94.21098376649452,95.5856704711914,14242200
2019-04-30,95.84082229494554,96.0795402038829,94.87772355491818,95.52802276611328,11389100
2019-05-01,95.2563715464181,96.31001860840801,94.75424188715229,94.79540252685547,10412900
2019-05-02,94.8036266574457,95.30575630096408,94.31796378138495,95.00119018554688,8613300
2019-05-03,95.4868886703034,96.04663964820074,95.21524342803689,95.5856704711914,8185400
2019-05-06,93.98871817082737,95.0505988168735,93.61006407909692,94.73779296875,9387000
2019-05-07,93.86525510014403,93.86525510014403,92.43295355577106,93.19026184082031,15017700
2019-05-08,92.73751074383838,93.56890053066846,92.57287443934268,92.69635009765625,9575800
2019-05-09,91.4862988214117,92.8033578399569,91.02532973497907,92.62226104736328,12205900
2019-05-10,91.98844630919656,92.88569077993725,90.99242003791073,92.61405181884766,13189000
2019-05-13,90.61374264875822,90.9183087985806,89.70826502348518,90.09514617919922,13783700
2019-05-14,90.1774924440522,91.96375431563992,90.13633178958888,90.81132507324219,10503600
2019-05-15,89.89759193570447,91.2887388189708,89.4036956034935,90.465576171875,10142000
2019-05-16,91.05827314709758,92.3341717462835,91.0335729871722,91.62625122070312,9672700
2019-05-17,90.54789964353225,91.98843441058844,90.40796348770274,91.18173217773438,9570100
2019-05-20,91.02530918974418,92.03779553037892,90.85244582134877,91.65914154052734,8518200
2019-05-21,91.73325928168653,92.12837388653045,91.55216247103581,91.97197723388672,7967900
2019-05-22,91.70033631741063,92.02136930398595,91.16527924637388,91.222900390625,7918900
2019-05-23,90.25154545983811,90.37502110382998,88.48997802756834,89.42838287353516,14558000
2019-05-24,90.15277067079934,90.5149642464983,89.88113176925775,90.30917358398438,8537300
2019-05-28,89.88936361470171,90.40796013093615,89.26376448943313,89.3296127319336,11665500
2019-05-29,88.44883329673954,89.23084166253786,88.12780033275108,89.08267211914062,9966400
2019-05-30,89.43661651064558,89.87289167778209,87.69974294621869,88.1277847290039,10367800
2019-05-31,86.89305421448502,87.74091080637835,86.30037605465157,87.22232055664062,10952800
2019-06-03,87.09062694930384,87.96317750960486,86.67904554837183,87.6339111328125,11680700
2019-06-04,88.77809298526215,90.46557897621184,88.18541485614355,90.33386993408203,12858600
2019-06-05,90.43265605758857,90.8606979045963,89.42839654394636,90.6549072265625,8340500
2019-06-06,90.67137359724208,91.26405175219885,89.66711408803567,90.85247039794922,8726700
2019-06-07,90.30093998648466,90.56435178267321,89.69180138534225,89.85643768310547,10618900
2019-06-10,91.1652737869926,91.54392789514354,90.72899853804117,90.82777404785156,11380600
2019-06-11,91.22287775795715,91.84024969900457,90.85245710542156,91.10763549804688,9847700
2019-06-12,91.1240907632804,91.2887270395954,89.63416857396247,89.94696807861328,9670500
2019-06-13,90.10338833566932,90.67960599347208,89.76589489458789,90.16924285888672,8406900
2019-06-14,90.19393619403054,90.79484772437716,89.42016125144985,90.39972686767578,9077400
2019-06-17,90.30096028507347,90.85248415626556,89.77413657427262,89.90584564208984,8128600
2019-06-18,89.73296543473217,91.70855712122585,89.70827155918883,91.13233947753906,11057300
2019-06-19,91.22288302121012,91.85671548728666,90.30093860850266,90.47380828857422,13126500
2019-06-20,91.27225488771865,91.44511825747838,89.74940553297026,90.70427703857422,13638000
2019-06-21,90.70430135604519,91.92257865436675,89.79881734754971,90.08692932128906,27089500
2019-06-24,89.9552192224802,90.35856718867988,89.34608058043102,89.44486236572266,13039600
2019-06-25,89.4613181497926,89.70826945991269,88.62992210463652,88.70401000976562,18660100
2019-06-26,89.14852235825906,89.97991215823303,89.03328008340657,89.29669189453125,10324600
2019-06-27,89.59302520751953,90.17747625082471,89.26376515187488,89.59302520751953,10906600
2019-06-28,91.40398899699065,92.54818467305068,91.2887467188431,92.02959442138672,21634700
2019-07-01,93.2067276853093,94.26860218298498,93.08325200783446,93.5771484375,12724500
2019-07-02,93.43720825036932,94.00518629396268,93.19849029224255,93.6759262084961,10174900
2019-07-03,93.95778279915595,94.39715308889488,93.06247784148313,93.5267105102539,6849400
2019-07-05,94.09870615328222,94.72873433080824,93.60959850724231,94.08212280273438,7929400
2019-07-08,93.64275184972915,94.07383038586161,93.26141703680867,93.56814575195312,6917200
2019-07-09,93.07905249887938,94.08213024675689,92.971286010572,93.96607208251953,8947300
2019-07-10,93.98263366270241,94.36396844610019,93.4603657199254,93.6924819946289,9242300
2019-07-11,93.98263206904066,94.8033306905955,93.77538449518481,94.5877914428711,11595200
2019-07-12,94.61267224864822,95.62404155045445,94.44687669822204,95.58259582519531,10783400
2019-07-15,95.78154840473252,95.80641710395822,94.11527598496917,94.42200469970703,12946600
2019-07-16,94.07382881345514,95.74838655739418,93.60958991117246,95.4333724975586,16945000
2019-07-17,94.86138566110624,95.28417259813256,94.28109482573345,94.49662780761719,13120900
2019-07-18,94.44687451055727,95.39192304042501,94.13186044216626,95.0603256225586,9397200
2019-07-19,95.24271682845344,95.433387423896,94.00752277006798,94.12358093261719,10402800
2019-07-22,93.60132321158044,94.87796305432055,93.48525871936282,94.72874450683594,9061100
2019-07-23,95.23441045184592,96.53592506640788,95.18467305405836,96.46131896972656,12752200
2019-07-24,95.81470657714966,96.89239024190202,95.76496285514655,96.85094451904297,10011000
2019-07-25,96.90067893278956,97.19082428264724,95.59916437083284,95.92247009277344,10138400
2019-07-26,95.97221876327411,96.58567623183507,95.77326283209773,96.34526824951172,12800400
2019-07-29,96.54423605823615,97.14111024989195,95.98881392282702,96.0385513305664,8500400
2019-07-30,95.49138413506675,96.22918491461031,95.13491809244623,95.8229751586914,7121100
2019-07-31,96.24578534931462,96.31210610005053,95.21783901168763,96.16288757324219,13648000
2019-08-01,95.60747699767225,96.82609405883214,93.3443301234188,93.62619018554688,15664500
2019-08-02,93.17852548885772,94.03238461881608,92.3495350598193,93.61788940429688,11025500
2019-08-05,91.84384300895863,92.00135320171637,89.75478375388853,90.83247375488281,15855300
2019-08-06,91.23039608103257,91.60343923128202,89.81281693081702,91.54541015625,10203500
2019-08-07,89.53097083640425,89.76308715625107,87.82325249064944,89.55583953857422,17320900
2019-08-08,90.40140342240451,91.25526250141442,90.12783507921843,91.07288360595703,10903300
2019-08-09,90.6500905811821,91.5619786718055,89.77136286245153,90.97339630126953,9980800
2019-08-12,89.89572050661359,89.95374958130736,88.8760595373431,89.26568603515625,9393700
2019-08-13,89.48951893527826,91.46252030672454,88.72684921885643,90.64181518554688,12124700
2019-08-14,88.12168232012202,88.62736697164839,86.58804501566293,86.8781967163086,19491800
2019-08-15,86.89478659753274,88.18800979292806,86.49686836257493,87.20980072021484,13365600
2019-08-16,88.17971518657357,89.5143902980262,87.76521996748133,89.2988510131836,11830600
2019-08-19,90.8821975732319,90.98167867874528,89.87912014357298,90.10295104980469,8265400
2019-08-20,89.40662474811879,89.89573243517752,88.90094003381708,88.95896911621094,8374000
2019-08-21,89.7050575040586,89.8874364184021,89.07502297942526,89.2076644897461,8189300
2019-08-22,89.83769275701711,90.5837790641719,89.47293495373617,90.12783813476562,9343400
2019-08-23,89.53096061218805,90.17757209354716,87.13517893141155,87.88955688476562,14762300
2019-08-26,88.38693732566466,88.69365965159992,87.88125279811959,88.59418487548828,8209500
2019-08-27,88.9921461730047,89.16623345281117,86.91137784345672,87.657470703125,14331800
2019-08-28,87.11031406735177,88.87606136916615,87.07715369188688,88.53617858886719,10585500
2019-08-29,89.64702433056033,91.09775757879352,89.54754320236269,90.5423355102539,10002200
2019-08-30,91.05630025653655,91.65317434178084,90.7495778638988,91.07288360595703,10170300
2019-09-03,90.34336658833102,90.3516519376349,88.96723964059426,89.99518585205078,9868800
2019-09-04,90.73298838574753,91.37131447673146,89.99518750373855,91.08116912841797,6929200
2019-09-05,92.22517690288956,94.27278408967337,92.1837248553026,93.15364837646484,13224700
2019-09-06,93.39409030729274,93.65936706412965,92.81379305348297,93.3526382446289,7836600
2019-09-09,94.2644934587953,96.21261954775431,94.17330401285005,95.66548919677734,13985100
2019-09-10,96.41159281827991,97.21570824998774,95.939068510095,96.88411712646484,14333100
2019-09-11,96.90068390388859,97.15766889484694,95.64890667349172,97.14938354492188,9919200
2019-09-12,96.61881151678747,98.21047120224902,96.09654363662204,97.7462387084961,12283500
2019-09-13,98.64987920707348,99.8104672862136,98.44263156168047,99.66954040527344,16257200
2019-09-16,98.56696955390848,99.37109133322981,98.13589096153012,98.78250885009766,11993900
2019-09-17,98.16903854569254,98.32654874061397,97.19082965163845,98.29338836669922,10735400
2019-09-18,98.0861362315012,99.54516099271903,97.61361199331117,99.2798843383789,10665600
2019-09-19,99.23016624922992,99.76071969495541,98.72448150803908,98.96488952636719,9382600
2019-09-20,99.2633121197615,99.76070511183272,98.54209449490148,98.56696319580078,21862800
2019-09-23,97.63849627197011,98.74934678750938,97.5555984901407,98.55038452148438,9135100
2019-09-24,98.44261442693579,98.86540132086294,97.02504153815133,97.26544952392578,11696500
2019-09-25,97.21571882143252,98.11932180796936,97.09137529893769,97.82088470458984,9389400
2019-09-26,97.72137941866491,97.86231258383309,96.95041814619235,97.01673889160156,9899200
2019-09-27,97.78770867543224,98.35142241108696,97.22399493977753,97.58875274658203,10207800
2019-09-30,98.11930296319937,98.4591857339007,97.1742544255687,97.56388092041016,9755000
2019-10-01,98.15247764550956,98.64987068655306,95.67379779161097,95.78985595703125,11250300
2019-10-02,95.17640193020534,95.25101436769167,93.61790199096728,93.8831787109375,12548700
2019-10-03,93.81631922764005,94.35112910206587,92.35396451527346,93.74947357177734,12735200
2019-10-04,93.87478522613154,96.047430966835,93.81629131005774,95.780029296875,9453100
2019-10-07,95.42072261329695,96.51539737457311,95.32044458063544,95.57113647460938,6771600
2019-10-08,94.47646567847805,94.47646567847805,93.30658704618162,93.4402847290039,10806300
2019-10-09,94.15055247316484,94.56001629357873,93.64917509906698,94.11712646484375,7273700
2019-10-10,94.54330627440085,96.43183442800792,94.42631842531861,95.43743133544922,10994100
2019-10-11,96.9582967236674,98.59613327291957,96.82459903360639,97.05021667480469,15076500
2019-10-14,96.80788002726983,97.6602274811868,96.64911442339161,97.30925750732422,8779000
2019-10-15,99.31475850616364,101.60438601681884,98.49584356912386,100.2423095703125,23379000
2019-10-16,100.24232993083231,100.79384964871875,99.75766224699773,100.00835418701172,11087700
2019-10-17,100.90246817414038,101.58768550838307,100.17546672943307,100.5682144165039,10818500
2019-10-18,100.27575426970189,101.12809537583563,100.15876639974944,100.74370574951172,10417400
2019-10-21,101.98880159887526,103.42608206384106,101.93865938617867,103.24224853515625,12714600
2019-10-22,103.15867035767988,104.53746312969731,102.88291690356455,104.2784194946289,12549100
2019-10-23,103.78539079385577,104.57924424609915,103.76032287832304,104.5541763305664,8828300
2019-10-24,104.69623165189334,105.00541748464073,103.67676058887974,104.47896575927734,8020500
2019-10-25,104.45391411007589,105.83270705140109,104.24500628185574,105.31461334228516,9055700
2019-10-28,105.76584170392894,106.30064516682992,105.62378592870591,105.71570587158203,9522200
2019-10-29,105.3396712651444,106.47613025284382,105.23939959734528,105.64885711669922,9797300
2019-10-30,105.33131316151922,105.50679494489641,104.38704584455061,105.06391143798828,8513700
2019-10-31,104.86334100924402,105.0638970559584,103.50126466261075,104.38703155517578,11589100
2019-11-01,105.45667069244728,106.95245152963196,105.30625679889347,106.79368591308594,11682600
2019-11-04,107.86327850706016,108.14739005931499,107.42874670608661,107.6460189819336,9159900
2019-11-05,108.12231705407763,108.88274448231078,107.66271735840265,107.87998962402344,13747600
2019-11-06,107.53736080692622,108.49833140468738,107.44544088230158,108.0470962524414,11231100
2019-11-07,108.99134952564222,109.70999272412871,108.56518228902446,108.63203430175781,13528900
2019-11-08,108.53177701850313,108.96629603268725,108.00532531776854,108.94959259033203,9293400
2019-11-11,108.29781307044534,108.71562868761416,108.08890526186093,108.5652084350586,8679000
2019-11-12,108.32287769313503,109.15014442950942,107.8047776731119,107.93013000488281,9099000
2019-11-13,107.0694446486827,107.6460322971041,106.47614080373145,107.36190795898438,8023300
2019-11-14,106.72682910714435,107.66273206933074,106.61819295949002,107.46218872070312,8483400
2019-11-15,107.9886040779473,108.23929595947266,107.29502873103861,108.23929595947266,10163600
2019-11-18,108.26438699383566,109.17522203220378,107.78808379286356,109.15015411376953,8749300
2019-11-19,109.4593263009867,109.67658580451199,108.78245437513192,109.11671447753906,8824500
2019-11-20,108.88273967875602,109.15013501216679,107.74628082264196,108.32286834716797,11782800
2019-11-21,108.6320400296321,109.2336954252383,108.12230456254125,108.57353973388672,7705500
2019-11-22,108.75737195118842,109.651503261276,108.71560060083979,109.29217529296875,8167900
2019-11-25,109.67660302571713,110.36182678020491,109.35905906625,109.87715911865234,10068500
2019-11-26,110.15290970211088,110.15290970211088,108.93288255310965,110.02755737304688,10490700
2019-11-27,110.54564619626551,110.66263405461618,110.01084273655955,110.35345458984375,6607900
2019-11-29,110.19466498376687,110.64591290140847,109.8437014648891,110.10274505615234,5712000
2019-12-02,110.5623779937934,110.92170609204418,109.76017906638315,109.8604507446289,8615600
2019-12-03,108.43985231971655,108.59862427015297,107.4538009831362,108.44820404052734,10361300
2019-12-04,108.94960280658171,110.69606900042069,108.62370714002458,110.58743286132812,10318200
2019-12-05,110.87153536599328,111.39798707311826,110.4537197890927,111.18907928466797,9587400
2019-12-06,112.55115706010885,113.4619919164245,112.51772467506449,112.84362030029297,10170600
2019-12-09,112.50104724451847,113.19462276128235,112.31720733642578,112.31720733642578,8498200
2019-12-10,111.34784847387151,112.61801136625138,111.03866903488715,112.39238739013672,7532900
2019-12-11,112.21691231597491,112.82693229466338,111.98293659152917,112.12499237060547,9011900
2019-12-12,112.38403954705807,115.70984800100751,112.15006384179848,115.33381652832031,13717400
2019-12-13,115.27530415642941,116.0106635820872,113.82966596800516,114.32268524169922,10592100
2019-12-16,115.6346273867807,116.01901052475,114.7488605245618,114.76556396484375,11372000
2019-12-17,115.09148254516086,115.8769779196872,114.6736669417507,115.46751403808594,11546800
2019-12-18,115.44245247957953,116.16946034004077,115.08313716120435,115.35053253173828,10381500
2019-12-19,115.11654011349175,115.50093604439272,114.56503325711269,114.77394104003906,9350400
2019-12-20,115.33382870853329,116.05247209364519,114.39791303793484,114.68203735351562,29992600
2019-12-23,114.98288080154556,115.2419244843034,114.38122519933,114.64862060546875,9738400
2019-12-24,114.75723294939445,115.00792485674951,114.53160895770289,114.96614074707031,3324300
2019-12-26,115.22519400661793,116.23631344219552,115.13327405792906,116.18616485595703,6770900
2019-12-27,116.40341075762633,116.79615838111177,115.87695910258878,116.26970672607422,7868200
2019-12-30,116.90480172628888,117.05522197516802,115.70985521073757,115.84355926513672,6963000
2019-12-31,115.74325783312173,116.55382101151204,115.55941797303,116.48696899414062,7201600
2020-01-02,116.81288491151854,117.90757254167191,116.37000137633925,117.89920806884766,10803700
2020-01-03,115.63691989521577,117.09183900332123,115.28370320708147,116.34335327148438,10386800
2020-01-06,114.84637786713469,116.28448624972941,114.79592017521502,116.25083923339844,10259000
2020-01-07,115.45190993789112,115.93968907365868,114.2240631759403,114.27452087402344,10531300
2020-01-08,114.12313797056154,115.70421432613709,114.039046082388,115.16597747802734,9695300
2020-01-09,116.09944122260897,116.25081426585714,115.25002748246963,115.58643341064453,9469000
2020-01-10,115.39302258418257,115.42665676495747,114.21562093585072,114.43428802490234,10190900
2020-01-13,114.53524982503487,115.38465118408203,114.17361486409897,115.38465118408203,12355200
2020-01-14,116.00699042344344,118.37859247316393,115.79674142320741,116.7302474975586,24906000
2020-01-15,115.93127109131107,116.56201791371738,114.5015680277952,114.98094177246094,16293400
2020-01-16,115.59487048313888,115.97331602773536,115.0818625303284,115.42667388916016,10783800
2020-01-17,115.67054096391335,116.30128772818327,115.48553371903054,116.22560119628906,14697700
2020-01-21,115.37623236726678,116.1163128836081,114.95573440708726,115.08187866210938,8474200
2020-01-22,115.4182645550219,115.55281412600017,114.69500767663318,114.94729614257812,7549100
2020-01-23,114.1315441143198,114.99776874994944,113.29895366389925,114.82955932617188,9345700
2020-01-24,114.68659175957201,114.73704945375246,111.28056907661808,111.97858428955078,15166400
2020-01-27,109.55651898285218,111.80197607571017,109.08556342020316,111.03666687011719,12860500
2020-01-28,111.71787353408547,113.50919860699318,111.41511454757398,113.0550537109375,13062800
2020-01-29,113.37463515465771,113.98855845985048,112.432724019833,112.88685607910156,9326000
2020-01-30,111.59172189526366,114.48474916708052,111.59172189526366,114.28290557861328,9048900
2020-01-31,113.10554971967575,113.39148526231168,110.5657383623937,111.31422424316406,12785200
2020-02-03,111.56652767625128,112.8953028394261,111.56652767625128,112.16362762451172,10021100
2020-02-04,113.99698744137694,114.8800356303094,113.60171837426032,113.7783203125,9157100
2020-02-05,114.85478672041101,115.83033196106707,114.38381835802012,115.71259307861328,10150700
2020-02-06,116.25923961339377,116.3012791285093,115.30891045240644,115.72940826416016,8992300
2020-02-07,114.98937287503692,115.7799111227942,114.62775077546871,115.35941314697266,6379800
2020-02-10,115.17438929753888,115.93129332916138,115.00619267914925,115.83878326416016,5960700
2020-02-11,116.27608839608054,116.74705687896821,115.87241395761299,116.05743408203125,6578600
2020-02-12,116.56203675454995,117.14231314559372,115.88923746871802,116.05743408203125,7958000
2020-02-13,115.84717126153042,116.34335570290457,114.71182180034648,115.95650482177734,7447500
2020-02-14,115.9228487661831,116.21720240578726,115.16595773945309,115.60327911376953,6627600
2020-02-18,115.50236800371833,115.81354519718566,113.57649313613626,114.07267761230469,8996400
2020-02-19,115.14074564422529,116.38541591711255,114.66137184700304,115.62852478027344,7071200
2020-02-20,115.3593999469041,116.36018706805648,114.82116311274379,115.62852478027344,7422800
2020-02-21,114.83797104595297,115.1491353638228,113.46714388115069,114.21562957763672,9772800
2020-02-24,110.54051609520089,112.02066443282048,110.00227916946825,111.14603424072266,13618400
2020-02-25,110.17044596426729,111.20486716913082,105.62065576485577,106.18412780761719,20797200
2020-02-26,106.74761273208529,108.44642167288517,106.25142180118853,106.50372314453125,24825600
2020-02-27,103.36680493538914,105.64590296153398,102.01280107827777,102.07167053222656,23005500
2020-02-28,98.83384173063014,99.64960883294437,94.74660729553437,97.64804077148438,45931400
2020-03-02,98.08531637526637,102.24824852385892,96.26035742862186,102.19778442382812,27355400
2020-03-03,101.735264260615,103.40043237290233,97.75735125230396,98.36286926269531,32547700
2020-03-04,99.51503936509202,101.07929214202095,96.46222035707476,100.79335021972656,25795900
2020-03-05,97.2779874837236,97.9171461200698,94.67931341231018,95.84829711914062,25025600
2020-03-06,89.3642091760374,92.77864982902386,88.32136983816046,90.89482116699219,38159400
2020-03-09,81.2149637625565,83.45201565972098,78.21260902750697,78.58264923095703,40352000
2020-03-10,83.25858034161809,85.17604965015222,79.54138061779042,84.68827056884766,31102700
2020-03-11,82.16528085762313,84.14162597066118,79.51614942170762,80.70195007324219,38127000
2020-03-12,75.3448260260816,81.5429686474818,72.59477202174287,74.04969787597656,49725200
2020-03-13,80.72717962354774,87.45514557167638,77.37160840347931,87.38787078857422,38543300
2020-03-16,71.65283694801472,79.03678518907707,71.10619483122811,74.31038665771484,38589700
2020-03-17,76.43811561867528,81.9466412423421,73.5871400764453,78.85177612304688,35239800
2020-03-18,73.73009507665574,76.35400409854968,67.58241826289995,70.55113220214844,41525600
2020-03-19,68.59162441021337,74.10015019074883,64.68099855924639,71.73695373535156,32175100
2020-03-20,72.57795094831674,75.2354947368344,69.36534676906474,70.22315979003906,30150800
2020-03-23,69.53353368871103,70.43339894696398,65.67335959204307,66.46389770507812,32536600
2020-03-24,71.40054839444535,75.77372421400952,69.71855670749157,74.3692626953125,34363200
2020-03-25,75.05046237551932,80.02075056579275,71.09778473575086,77.14454650878906,38111700
2020-03-26,79.12088516248753,82.89695444867942,78.6667466676584,82.51850891113281,29826300
2020-03-27,78.37238611475084,79.76002379427084,76.15215812797376,76.63993072509766,30041500
2020-03-30,76.23627321593112,79.12929450589814,75.10093012953521,78.63311004638672,21656900
2020-03-31,77.4136743010281,79.19658148278499,75.13456979102659,75.71485900878906,23379300
2020-04-01,71.56873857519153,72.79659162654521,70.01289768761337,70.94640350341797,28029600
2020-04-02,70.23157433060206,73.93195783335209,69.76902398664957,73.5955581665039,24018000
2020-04-03,73.07719204161137,74.3348023850633,70.33254581359178,71.42021179199219,21199400
2020-04-06,75.61790415303626,77.31737389049589,74.5217453944193,76.01728057861328,26820800
2020-04-07,80.25743792253704,80.29992724971603,76.79901803469839,77.01995086669922,22563800
2020-04-08,78.26057673317916,80.60584668480567,76.94349163331326,80.12999725341797,22903300
2020-04-09,82.35631553733995,88.70383709346046,82.33082452433764,87.31877136230469,42055900
2020-04-13,87.61618069013726,87.61618069013726,82.67922217117957,83.43548583984375,26911900
2020-04-14,85.8402389905145,86.67298226081888,79.5691961372754,81.14970397949219,46151300
2020-04-15,77.4533354949099,78.2010998543458,76.58660228812296,77.14743041992188,30118600
2020-04-16,76.67160000021329,76.96050681890382,73.96944215550499,74.20736694335938,32449600
2020-04-17,78.17561218115637,81.3196287735177,77.29188709158774,80.87776947021484,30191900
2020-04-20,78.57499196743716,80.4783964427186,76.86702290045416,77.92919158935547,23679400
2020-04-21,75.30349806491816,77.64876137526849,75.05707420230911,75.66888427734375,23035000
2020-04-22,77.06245329048592,78.06514064248063,75.77935189056065,75.9153060913086,16662400
2020-04-23,76.25520773579262,77.56380025331329,75.84733861625746,75.95780181884766,16638800
2020-04-24,77.01997895407764,77.41085627141602,75.19304742948034,77.07946014404297,15809200
2020-04-27,78.12463418446119,81.26015177393153,77.78473890435794,80.40192413330078,22870200
2020-04-28,83.1125897129755,83.57994662047616,80.75032712516733,80.97126007080078,20238900
2020-04-29,84.19175290345144,84.5061507325396,82.65372800715686,83.15507507324219,20462600
2020-04-30,81.23466002354914,82.28832954761835,80.34244221472716,81.37062072753906,19127600
2020-05-01,79.45021143036298,79.6541459867194,78.03964841507135,79.23777770996094,18547700
2020-05-04,78.1926004039082,78.74492936966685,77.15592930131574,78.29457092285156,15725900
2020-05-05,79.5776773316029,80.05352681690104,78.09064120708322,78.17561340332031,18064100
2020-05-06,78.3115557498705,78.8213952907655,76.41664445137299,76.70555114746094,20978000
2020-05-07,77.61478907897653,78.94887920605416,76.96899516925221,77.50432586669922,16771900
2020-05-08,78.85538729163098,79.94304673295638,78.26906824033834,78.7704086303711,20487800
2020-05-11,77.4193658347673,77.4193658347673,75.90683838710348,76.45066833496094,31907600
2020-05-12,76.60360606940445,77.14743591188332,73.84196751686271,73.95243072509766,27962900
2020-05-13,73.40009680740663,73.80797240345976,70.86789048832885,71.4032211303711,35451600
2020-05-14,70.2900807893816,74.8701519567196,70.01816584656434,74.36880493164062,35152500
2020-05-15,73.79948659696164,74.16487292184414,72.48240118063737,72.99224090576172,26099000
2020-05-18,75.36299172438211,77.45333883839399,74.67470203446585,76.8585205078125,30504400
2020-05-19,76.5186391170174,77.49582917775825,75.2780203156764,75.34600067138672,19597300
2020-05-20,77.07947746686749,78.5070328298274,76.79057061723944,77.60631561279297,20552400
2020-05-21,76.70557767445808,77.9716875264744,76.19573795724584,76.62060546875,14621400
2020-05-22,76.48465268196388,76.78205864904578,75.3884937036073,76.02579498291016,13557900
2020-05-26,78.93187674954923,82.84915527665154,78.69395200756729,81.42160034179688,41233900
2020-05-27,86.73246151374303,87.16582823055295,83.95383058552909,86.13764953613281,39402000
2020-05-28,87.47171546571698,87.48020814725417,84.46365304598235,84.85453033447266,24713900
2020-05-29,83.83487656940122,84.27673601365255,82.23737027049371,82.68772888183594,26526400
2020-06-01,83.06159345323657,84.55712881811026,82.74718917995598,83.78386688232422,15176800
2020-06-02,85.21144171878404,85.33040412381905,83.21456536802224,84.06430053710938,21195000
2020-06-03,86.31607744801146,89.15418905837475,85.87421164523576,88.60186004638672,25941100
2020-06-04,88.21948517516128,90.59024654223458,87.34425918491169,90.44579315185547,26784700
2020-06-05,97.66004634640228,98.37382065312272,93.07147593060435,94.51602935791016,42231000
2020-06-08,96.3684439802808,97.0312362053063,95.11933256405744,96.40242767333984,24881800
2020-06-09,94.02315884855759,94.85589533920972,92.62959426655992,93.9296875,17031100
2020-06-10,93.86171378571446,93.90420312277226,89.94443548201029,90.12287902832031,24913300
2020-06-11,84.99898198349686,86.31607368677093,82.03340896375205,82.60272979736328,36259200
2020-06-12,85.57678831959655,85.93367536879913,82.70468711707392,84.8630142211914,24856800
2020-06-15,81.9314386115513,86.18861233342876,81.46408830000041,86.03565979003906,22153600
2020-06-16,89.5365726682743,89.79998842426295,84.38717454033288,86.72394561767578,22193600
2020-06-17,87.12331904841014,87.13181821271667,84.30219941419045,84.53163146972656,15639800
2020-06-18,83.84335233941349,85.41536081991968,83.38449465354789,84.07278442382812,16591900
2020-06-19,85.42385177117934,85.48333295716662,82.19486291578536,83.1125717163086,40371200
2020-06-22,82.63673582249525,83.23154778021703,82.03342469881628,82.21186828613281,16216900
2020-06-23,84.09826364347926,84.94799853896481,83.14655822666884,83.21453857421875,15381400
2020-06-24,82.2118404152531,82.28831343405024,80.13848546615007,80.43589782714844,22919800
2020-06-25,80.17248493432064,83.45246210215028,80.09601190665377,83.24002838134766,25743600
2020-06-26,80.81829972555579,81.03923264996239,78.17562324715087,78.67696380615234,41896300
2020-06-29,79.3652324393543,80.29144026913433,78.32855493533337,79.02533721923828,18499700
2020-06-30,78.88091581793185,80.4359327040114,78.65998286289643,79.92608642578125,19137000
2020-07-01,80.6313501410405,81.32813255156005,79.05084259081949,79.24628448486328,18755700
2020-07-02,81.28835149086632,81.47711586663345,78.87733107307088,79.5036849975586,27845600
2020-07-06,81.02237568909156,81.68304451353553,80.20726386662818,81.51144409179688,18625300
2020-07-07,80.49898258747062,80.7392257864948,78.93739524767723,79.21195983886719,25757200
2020-07-08,79.18622868707358,80.08714077734153,78.76580304494853,80.05282592773438,18762200
2020-07-09,80.24158587259457,80.75640027601123,77.89062584513087,78.31963348388672,25600800
2020-07-10,78.93740528142418,83.09019606930114,78.82586565230977,82.60112762451172,28954200
2020-07-13,84.71183705390828,85.17515946563465,82.56679921906556,83.7851791381836,32079200
2020-07-14,84.40295634850862,85.75861536965522,82.91858719387714,84.26567077636719,42731700
2020-07-15,86.56514891734678,86.90835629037036,84.64319679300526,85.56985473632812,22508400
2020-07-16,84.75474276448205,86.84830200543881,84.55740292883317,85.81010437011719,16886900
2020-07-17,85.80151543273496,85.87015821615381,84.2056067219952,84.22277069091797,16137700
2020-07-20,83.59640287619497,84.42009650213137,83.45054189523577,83.48486328125,14458100
2020-07-21,83.83666592129441,85.84442492956325,83.77660511805465,85.29529571533203,17798100
2020-07-22,85.50121454449867,85.91305816770324,83.68221999462538,84.67752075195312,14271200
2020-07-23,84.51451084120893,85.24382256969744,84.05976375919154,84.92636108398438,12870200
2020-07-24,85.45830912608919,85.62991608677356,84.03400735615807,84.32572937011719,12744200
2020-07-27,83.66507535264469,83.76803300110639,82.51533142443593,83.14168548583984,11959100
2020-07-28,82.79846486264778,83.99110543905097,82.79846486264778,83.50203704833984,11754300
2020-07-29,83.28755676363052,85.55271695434408,83.22749594592743,85.5269775390625,12743500
2020-07-30,83.6907927901633,83.86239318996745,82.41235213705612,83.24462127685547,14834800
2020-07-31,82.78131532248177,83.16741957176106,81.7259536703751,82.91859436035156,14535000
2020-08-03,83.24463366081656,83.7165446496857,82.24075742573488,82.45526123046875,12962800
2020-08-04,82.29223864809283,82.3265534945228,81.53718110390777,81.98335266113281,13366200
2020-08-05,82.2579241482903,84.48876248293871,82.12922055191625,83.40766143798828,15260900
2020-08-06,83.72510864269124,84.17127358035897,82.83277222122057,83.43338012695312,10482100
2020-08-07,83.16741192941481,85.36392870258658,82.84994395517444,85.26954650878906,14743700
2020-08-10,85.8958999757906,87.55186953083906,85.82725719049186,86.35064697265625,14989900
2020-08-11,89.1134611037439,91.08689872445275,88.81315708654124,89.07913970947266,31518600
2020-08-12,91.08689124455915,91.31855245419571,87.26871990866593,88.32408142089844,19240800
2020-08-13,87.51754637724505,88.68444751929921,87.2086603957521,87.83501434326172,13598600
2020-08-14,87.08853446048613,88.64153972900817,87.01989167998654,87.86933135986328,12134400
2020-08-17,87.08852871436781,87.51753624498046,85.39823799637232,85.55268096923828,14988000
2020-08-18,85.72433259619564,85.72433259619564,84.18848405044731,84.3600845336914,13246500
2020-08-19,84.87484203602163,86.30772551169254,84.37719176608032,84.55738067626953,13533000
2020-08-20,83.45057018557651,84.11123908845056,83.05588393181397,83.54495239257812,13672600
2020-08-21,83.45913367088913,84.57455602324461,83.17599363657787,83.50203704833984,12228300
2020-08-24,84.47159936915277,85.98170805324621,83.5878447024947,85.8530044555664,17898300
2020-08-25,86.89119862559812,87.50039519363578,85.62992174839091,86.23052978515625,13648900
2020-08-26,85.75004727365462,86.03318733470255,84.98641421510409,85.0207290649414,12052400
2020-08-27,84.9435061775734,88.07526301759003,84.9435061775734,87.81785583496094,22163900
2020-08-28,88.4956829923547,88.59006518355349,87.35452125959557,88.17821502685547,13756700
2020-08-31,87.62051582497645,87.67199464294387,85.81867864247798,85.96454620361328,14219400
2020-09-01,85.41542785015953,86.54800781238085,84.97783820339707,85.9216537475586,11595600
2020-09-02,85.7586097294259,87.46606455342199,85.42398435200948,87.21723937988281,14475700
2020-09-03,88.65012096669412,90.08300463034531,86.35064020840574,86.94267272949219,23281200
2020-09-04,89.27649279542482,90.27178711949969,86.97701157563336,88.82173919677734,26325500
2020-09-08,88.35841067633203,88.86463651650978,85.35535739136299,85.73287963867188,22108600
2020-09-09,86.48792046998888,87.25155334796338,85.42397708478823,86.54798126220703,13434000
2020-09-10,87.00274619459843,87.87791885456531,85.49263754710171,85.6556625366211,15922800
2020-09-11,85.7757738962937,86.96841440751318,85.44972395621566,86.71958923339844,13784300
2020-09-14,87.09711318797645,88.77023998674576,86.9769915996615,87.92080688476562,19017400
2020-09-15,88.14388685847854,88.24684447248929,85.06360949866558,85.18373107910156,23683000
2020-09-16,85.31245193456539,86.77107516186784,84.7375833193692,85.54411315917969,19270600
2020-09-17,84.68608533199436,85.23521445661443,83.83665224018137,84.56596374511719,18290100
2020-09-18,83.99110937752566,85.36393242055033,83.60500514690945,84.38579559326172,20121600
2020-09-21,81.68306833819757,82.41238670864983,80.49900937211642,81.77745056152344,28378800
2020-09-22,81.47712629855616,82.07774089345457,80.3702858548639,80.88509368896484,19257000
2020-09-23,81.32266283385123,81.8117311351236,79.50367517458879,79.57231140136719,19952700
2020-09-24,79.21195644969957,80.91082928546795,78.40542013365301,79.5036849975586,18366500
2020-09-25,78.98029712189489,80.41318085034146,78.82585413315516,80.19867706298828,13293100
2020-09-28,81.56293751654941,83.16742858632072,80.95374740029725,82.50675964355469,20894100
2020-09-29,82.39517989649495,82.39517989649495,80.93655700620594,81.81172943115234,12848200
2020-09-30,81.81175514277037,83.39908209191942,81.73453691018432,82.60112762451172,16400600
2020-10-01,83.33044004167922,83.88814469454854,82.39520005329028,83.20173645019531,15778700
2020-10-02,81.72593718644389,84.5917044401279,81.58865163012733,83.99109649658203,15149600
2020-10-05,85.14286053833185,85.94821943306296,84.45873789812967,85.76636505126953,13871900
2020-10-06,86.65831200805233,87.3424345825821,84.4414131587567,84.883056640625,19220400
2020-10-07,85.69707802203796,86.90078545178042,85.44594391417286,86.36388397216797,16358500
2020-10-08,87.03934939426283,88.26037351850523,86.51110290011651,88.1391372680664,15659000
2020-10-09,88.32964790343176,88.4249058954074,86.69295201494796,87.6368637084961,13689100
2020-10-12,87.55025805866813,89.1956153921318,87.3337638465513,88.7106704711914,16058000
2020-10-13,89.1956406768616,89.38615669463158,86.82286528936496,87.2731704711914,21697300
2020-10-14,87.48965489009663,88.26903550824073,86.6842960191611,86.78821563720703,15204100
2020-10-15,85.81831155039954,88.139129962973,85.7663550493406,88.08717346191406,17171200
2020-10-16,87.81872284303157,88.61542002572669,87.22119665257043,87.90531921386719,13275000
2020-10-19,87.98327730914899,88.21709484000885,86.21668312649771,86.42452239990234,11725700
2020-10-20,86.86615059591321,88.13047622076049,86.70161945889457,86.9181137084961,11257100
2020-10-21,86.90943927553921,87.4550023256259,86.01748415578258,86.0521240234375,10730500
2020-10-22,86.00882952613819,89.40345754961332,86.00016790680083,89.09170532226562,14837200
2020-10-23,89.62862868446628,90.4513042760158,89.13502200816039,89.89707946777344,15087600
2020-10-26,88.89252404734857,88.93581892526988,86.81417830763537,87.67149353027344,12410700
2020-10-27,87.03935501277253,87.39440216715352,85.87028731843039,86.01750183105469,10391700
2020-10-28,84.43274693526182,85.12553109132853,83.19439971593614,83.60140991210938,16389500
2020-10-29,83.23771598150633,84.84843381448493,82.47565195315828,84.14698791503906,14208800
2020-10-30,84.78780836789743,85.22945186597667,83.33296679292587,84.90038299560547,15194500
2020-11-02,86.06945298153424,87.35975685381352,84.74450923663859,86.81419372558594,15011600
2020-11-03,89.21294496962408,90.70242642225817,88.92717758938427,89.5506820678711,17482600
2020-11-04,87.46367647166265,88.3902715917902,85.67110435676615,86.81419372558594,18886500
2020-11-05,87.51564991901516,91.01419844797984,87.46369340347258,90.36471557617188,17837400
2020-11-06,90.95355991392195,91.01417803742142,88.6673812463998,89.1609878540039,12552800
2020-11-09,97.99395968845323,102.96466577780255,95.56055984571117,101.23271179199219,47792400
2020-11-10,101.62239558472504,101.70899195990305,99.31890029196661,100.90363311767578,20539300
2020-11-11,101.22404725812753,101.28466538161064,98.68673447768357,99.39683532714844,14443400
2020-11-12,97.44838767497623,98.68673501013804,97.04137744073088,98.17581176757812,22063000
2020-11-13,99.32757389295408,99.46613340467302,98.34902211724342,98.7906723022461,11847900
2020-11-16,102.0034360905535,102.71353699738056,100.21952550662027,101.57910919189453,19858600
2020-11-17,99.92507952456823,100.83435796293307,99.22364031072553,100.548583984375,14553200
2020-11-18,101.61373700746567,102.71353148648197,99.76054677427615,99.80384826660156,12571200
2020-11-19,98.8772729220458,100.29747494349304,98.34036470149617,100.07231903076172,10202500
2020-11-20,99.0937600721293,100.15025319394739,98.79932442179397,99.21499633789062,12718900
2020-11-23,100.4966303041643,102.33249725751203,100.08095845032558,102.07270812988281,13209200
2020-11-24,103.9778568879945,106.94815822691189,103.66610464315512,106.79228210449219,20121600
2020-11-25,105.10362952134076,105.97826152317668,104.32424890995422,105.6751708984375,11715600
2020-11-27,105.64919299107761,105.95228361680714,104.8524957443371,104.9737319946289,5983600
2020-11-30,103.91724113113608,104.54074563502374,101.98610949308848,102.08136749267578,14411800
2020-12-01,104.21166248280552,105.28547865251527,103.59681964413353,103.69207763671875,12668900
2020-12-02,103.65744071490177,105.91764113621304,103.28507035335178,105.68383026123047,10811300
2020-12-03,105.5192818886888,105.55392175683973,104.22897818274306,104.99103546142578,12904400
2020-12-04,106.0648539897724,106.76629316702284,105.38073144355555,105.94361114501953,13583700
2020-12-07,104.9131133263112,105.79640694627558,104.0990928440977,105.54527282714844,9724300
2020-12-08,104.81784055352767,105.93495150242806,104.57536808837952,105.64917755126953,9592100
2020-12-09,106.66238215164402,106.77496338650859,104.2982687158078,104.8265151977539,13073900
2020-12-10,103.90858948291091,104.5927121788364,103.5362190688472,104.15106201171875,13668400
2020-12-11,102.99930758914107,103.93455773785435,102.50570095816896,103.53620910644531,9981600
2020-12-14,105.07766358320164,105.1469433404401,102.28056110523211,102.44509887695312,12112400
2020-12-15,103.30237326123704,104.6965964377389,102.72217039090808,104.19432830810547,12590200
2020-12-16,104.17702928171241,104.85249024271963,103.79599731114229,104.4974365234375,11169400
2020-12-17,105.00836891083263,105.17290004195084,103.5535273414088,103.63146209716797,11618000
2020-12-18,103.172493307004,103.81331440015563,102.4190909819356,103.12053680419922,28954800
2020-12-21,106.6623796079134,108.24711901595818,104.8611459618367,106.991455078125,28323600
2020-12-22,106.85291553055083,106.96549017685429,105.31147732527073,105.36343383789062,11788200
2020-12-23,106.32462873670082,109.56338006668048,105.95225845441513,108.3077163696289,14973200
2020-12-24,108.32507336251824,108.72342864659959,107.00879106424244,107.83146667480469,4164900
2020-12-28,108.95723685030154,109.67599941834922,108.06528150756132,108.54156494140625,8072600
2020-12-29,109.28631429074967,109.35559404878376,108.15188633218715,108.25580596923828,8389200
2020-12-30,108.67145830517119,108.98321057215367,108.16053501626583,108.55888366699219,7398000
2020-12-31,108.32505088380172,110.26484396183136,108.09124001998475,110.03968811035156,8580200
2021-01-04,110.41206654756964,110.72381879343084,108.05660807078733,109.00052642822266,16819900
2021-01-05,109.01796382384546,110.1605680372547,107.95386228598781,109.5936279296875,13731200
2021-01-06,113.28308262291291,115.80377886043698,111.53864913808526,114.73967742919922,24909100
2021-01-07,118.35064499143141,120.53117861332697,117.67903690938968,118.50763702392578,21940400
2021-01-08,118.59487543099225,118.92632083318186,116.98127506750556,118.63848876953125,12035100
2021-01-11,117.38247617800633,120.53988429827959,116.9725348320248,120.4090576171875,15937900
2021-01-12,121.62144004665808,123.55775488199887,121.08938933408388,122.30176544189453,18033500
2021-01-13,120.88007956806983,122.79894682530433,120.45270342199923,122.4151840209961,14816800
2021-01-14,122.53725715096215,124.50845451174091,122.10986782237286,123.13035583496094,18565600
2021-01-15,119.86830650296139,123.54904889344873,119.50197839462342,120.92369079589844,27881000
2021-01-19,121.9877797959003,122.72043593667526,120.20847012417228,120.40034484863281,19843800
2021-01-20,120.20848729768336,120.51375407882382,118.1326146266643,118.59488677978516,16028800
2021-01-21,118.35063657669477,118.76057793317796,117.15570849571017,117.60053253173828,13411700
2021-01-22,115.73401639267233,117.22549408844472,115.3066269681873,116.69344329833984,12933200
2021-01-25,115.25428729031597,116.15266609889841,113.44008167726872,115.2368392944336,14212800
2021-01-26,115.78636517106646,116.15269331690963,114.55654069714151,114.76587677001953,11307800
2021-01-27,113.03015842240211,113.25694247850578,111.07640180103795,111.52123260498047,17603900
2021-01-28,113.3005481490978,115.2804768669973,112.50684384001467,113.48371887207031,13761800
2021-01-29,114.42571194240543,114.88798411651211,111.80907096794904,112.22772979736328,14808100
2021-02-01,112.86443213775995,113.44882694929609,112.06199723974244,113.05632019042969,11080700
2021-02-02,115.07985821190114,117.21677875310328,114.45186338957492,116.53645324707031,12253600
2021-02-03,116.57133815330978,118.41170931594141,116.44922878602762,117.87094116210938,10600800
2021-02-04,118.15873656031015,120.94109911072299,118.15873656031015,120.58348846435547,12419500
2021-02-05,121.57784676628552,121.6650734452593,119.82470231386276,120.3480224609375,10051300
2021-02-08,120.53993599383217,122.37159016817513,120.52248799256378,122.2320327758789,10136400
2021-02-09,121.61273602427363,122.09245616670742,120.83646645158018,121.74357604980469,8614800
2021-02-10,122.10986568201628,122.86868701704324,121.27253503284373,121.81331634521484,10323200
2021-02-11,121.81336837660375,122.58963803623008,120.55737852082073,121.47320556640625,9201000
2021-02-12,121.28126008052593,123.5141239632671,121.23764675444205,123.20012664794922,8324600
2021-02-16,125.20623033400256,126.75005170577924,124.20317698589874,126.16565704345703,12130600
2021-02-17,125.55514340930345,126.8024157615632,124.83120453374012,126.55819702148438,10810100
2021-02-18,125.59874131494104,127.1599975906388,125.07540790256017,126.98555755615234,10587800
2021-02-19,127.22105721532382,129.82024962837912,127.22105721532382,129.10504150390625,11969800
2021-02-22,128.10202873652543,130.9977847642505,128.0322500397088,130.3174591064453,11488400
2021-02-23,132.14907687709675,132.84685041429984,130.47442837316328,131.3640899658203,16234400
2021-02-24,130.9279632181149,134.11153702853494,130.9279632181149,133.67543029785156,15061400
2021-02-25,134.55638652530632,135.1058720053697,131.346633777872,131.86123657226562,18127700
2021-02-26,131.09367972517066,131.59083445407373,127.78798340943239,128.3636474609375,19829200
2021-03-01,130.41342260367995,132.03574094710953,129.506312718683,131.2681884765625,14845500
2021-03-02,130.90179008670864,132.38455022098256,130.69245407723028,130.84072875976562,14221700
2021-03-03,131.9048676170949,135.17566883073292,131.54727013251954,133.3701934814453,14324100
2021-03-04,133.10850546085663,134.65232711359457,129.62836873422293,131.32046508789062,20093900
2021-03-05,133.6405433234997,133.87604467700362,129.06142279838141,131.625732421875,18465100
2021-03-08,132.98641734295057,135.594340968504,131.486208788248,133.3701934814453,17133300
2021-03-09,132.14037527997812,134.53896295007672,130.67506265525634,132.42820739746094,16238800
2021-03-10,132.49794448719862,136.20485154068749,132.14905113210608,135.3064727783203,14342200
2021-03-11,134.41683539572196,136.19614524365193,133.76267521048072,134.60000610351562,11771500
2021-03-12,136.81541393269143,137.48702207279578,135.254157580364,136.19613647460938,12849500
2021-03-15,136.37057156834047,136.8677262899118,134.28598205704517,135.5157928466797,12101100
2021-03-16,134.39936377830782,134.844201143807,132.7421635905019,133.8934783935547,12805600
2021-03-17,135.4896445658204,136.83286083528608,133.49228146738594,135.27159118652344,13952400
2021-03-18,137.46085553771454,141.02820562641497,137.03346612337486,137.50445556640625,21898500
2021-03-19,135.63794612966004,136.0130049369704,131.86998990980723,135.3152313232422,54418800
2021-03-22,133.27420688920736,134.29469494492548,131.36405746097088,131.6780548095703,19944800
2021-03-23,131.11987505714148,132.68113158060393,129.92494665691171,130.36105346679688,17076300
2021-03-24,130.8320193876385,133.60565181037424,130.70991003523355,131.37278747558594,13079800
2021-03-25,130.8320205907127,133.4224956631225,130.24763916247807,133.05616760253906,15608300
2021-03-26,134.58254836387076,135.58558858506797,133.056174708792,135.27159118652344,16754400
2021-03-29,132.68111821561928,134.0853825343547,131.7391260040835,133.1695556640625,17570300
2021-03-30,134.72208252699576,135.95189325972552,134.21619717704942,134.73951721191406,13184300
2021-03-31,133.69289600937344,134.74828029340267,132.68112506597603,132.77706909179688,16736700
2021-04-01,132.48919956261977,134.13768222469943,132.18393288233494,134.0679168701172,16561500
2021-04-05,135.4629273681381,135.93670418932095,133.883706997016,134.77859497070312,13508000
2021-04-06,134.0504076213853,135.35766498439006,133.2344778959358,133.83106994628906,13071600
2021-04-07,134.32237771706198,136.19112532911663,133.9275592504365,135.92791748046875,16903500
2021-04-08,135.1119762217852,136.43677064972445,133.62925174335638,136.0946044921875,12335500
2021-04-09,136.69997939868443,137.77911676630956,135.96300819090658,137.11233520507812,12122400
2021-04-12,136.49821474598244,137.96338871440565,136.48944605897694,136.8228302001953,12273400
2021-04-13,135.76997243733243,136.16477743416425,133.7345131128504,135.19091796875,16113600
2021-04-14,132.89230618237104,134.9628542854535,132.41852932679228,132.66419982910156,19939600
2021-04-15,132.6993085964531,133.53278917959676,131.00602797713154,133.5064697265625,17694100
2021-04-16,134.99794670260198,135.55945061002498,133.96267931188518,134.49786376953125,13773400
2021-04-19,134.60314558861444,135.00673280942917,133.55032740416715,133.92758178710938,11900200
2021-04-20,133.12915371390605,133.13792239842357,130.4181308198766,130.96209716796875,13716700
2021-04-21,129.66364080221095,132.13777594909584,128.78629019193536,132.07635498046875,12236700
2021-04-22,131.80438950732793,131.86581048111555,129.19865690489377,129.295166015625,15256100
2021-04-23,129.12845326849802,132.5939988050386,128.69856004774692,131.769287109375,14041900
2021-04-26,132.28689022635731,133.7608458373082,131.93595542662374,132.0938720703125,10799100
2021-04-27,132.04128201066953,132.98005369738482,131.69911576885852,132.6992950439453,12821200
2021-04-28,133.73456475780276,134.13815198223796,132.83089458087557,133.55909729003906,8943700
2021-04-29,134.70841500831395,136.2350099825177,134.4101189956228,136.1560516357422,12976900
2021-04-30,135.19970584376676,135.54187197401532,134.24338370619077,134.9452667236328,11705100
2021-05-03,135.85773316642363,136.41045488979879,134.3486892033772,134.55047607421875,11801100
2021-05-04,134.12060593220698,136.55087127742706,133.4801436280746,136.41049194335938,12977700
2021-05-05,136.86667982146287,138.86703791709974,135.66471390440475,138.20025634765625,10506700
2021-05-06,138.68282144787173,141.09553569668807,137.88442915621852,140.98147583007812,13542400
2021-05-07,137.93703675321285,141.6920955519647,137.76156934330305,141.4639892578125,14257800
2021-05-10,141.69209870719575,143.6485864765028,141.35870124982927,141.44644165039062,14014300
2021-05-11,141.3236162553383,142.47294323672426,138.65646331188296,139.0951385498047,15451700
2021-05-12,140.03390463121488,141.06040304223086,137.7703388836007,138.13882446289062,14381700
2021-05-13,138.77931296407323,142.52560381452486,138.34063765938876,141.69212341308594,15395000
2021-05-14,142.47293789932496,144.28027766988598,142.12200307705683,143.8942413330078,10584000
2021-05-17,143.33275399402677,144.63124243714424,143.0344580222188,144.4733123779297,9886800
2021-05-18,144.48208119816726,145.20151507034456,142.34135711557974,142.4378662109375,11098100
2021-05-19,141.253435974127,141.41135264433993,139.1828881783929,141.34994506835938,13278900
2021-05-20,141.1043243408203,142.0079945526582,139.95499698716108,141.1043243408203,10426000
2021-05-21,141.5517448892659,143.20116832798425,141.20080999849125,142.70985412597656,10249000
2021-05-24,143.32401688704803,144.0873077440605,142.2360971540763,143.48193359375,9440300
2021-05-25,143.75387692956693,145.37696723354674,141.74473689739398,141.99917602539062,12609100
2021-05-26,143.5082539036067,143.657401909352,141.5254328438321,141.98165893554688,13058300
2021-05-27,143.8416328929051,144.54351607330236,142.63089812871073,144.1925811767578,15707500
2021-05-28,144.48207706021694,144.71019676306028,143.23624092956538,144.09605407714844,10291300
2021-06-01,145.52613670635102,146.43858880823447,145.1839705149716,145.68406677246094,9445400
2021-06-02,146.7456740028099,146.90360409100737,145.22786103260006,145.69285583496094,10498600
2021-06-03,145.12258594737304,146.7369080607674,144.4645729067418,145.78936767578125,13354400
2021-06-04,145.8244582150433,146.2280320193317,144.78917748104757,146.0262451171875,8510800
2021-06-07,146.51755027819704,146.60529069316695,144.88567762583378,145.34190368652344,7267200
2021-06-08,144.31540391722018,145.42962953189502,143.14852602160676,144.76284790039062,10370700
2021-06-09,144.00832338759906,144.0785130403404,142.37645077645823,142.95550537109375,12377400
2021-06-10,144.20131863235963,144.97339130231123,140.6480466783574,140.7270050048828,12119400
2021-06-11,140.75333695968982,141.42890060595343,139.5513710358222,140.63050842285156,13683800
2021-06-14,140.50769339474135,140.66562346432084,137.44574836513888,138.244140625,19917900
2021-06-15,137.48083926200746,137.67385746909093,135.22605513352613,136.1472625732422,24485500
2021-06-16,135.75243418357306,138.2879765009441,134.33113070915846,137.1035614013672,25321200
2021-06-17,137.8318227063281,138.1476695451083,132.6993149229776,133.14675903320312,29722400
2021-06-18,130.98841197034406,131.33934676088225,129.46181751816428,129.7776641845703,43595700
2021-06-21,130.7954127508809,132.6553915070968,130.74277386341154,131.97982788085938,18664800
2021-06-22,132.1290162012494,132.4536316650738,130.42695376019716,131.78684997558594,14251200
2021-06-23,131.7780290477354,133.39235059093645,131.68151996703835,132.58518981933594,12733300
2021-06-24,133.2871300422294,134.33994830985975,132.67298716838758,133.8047637939453,13733200
2021-06-25,133.87493070772467,135.55067364011308,133.06776972683014,135.15586853027344,15484900
2021-06-28,134.84878461316265,135.53311701053644,133.46256905795974,135.40151977539062,14125800
2021-06-29,135.9893241932388,137.1386511783224,134.7698075633852,135.23480224609375,14528700
2021-06-30,134.89260734005273,136.93683512605642,134.85751921880038,136.4630584716797,12531000
2021-07-01,137.09482073369716,137.8668936627582,136.3578493308533,137.8142547607422,10479400
2021-07-02,137.61127537910568,137.9377749029148,136.8788764514139,137.68186950683594,11424000
2021-07-06,137.46126339014685,137.46126339014685,134.43461600070995,135.36996459960938,15083400
2021-07-07,134.13457453019439,136.13764056710934,133.72867517920366,135.52877807617188,12271800
2021-07-08,133.78162505773517,134.59343727062452,132.39624064812526,133.19041442871094,17834600
2021-07-09,135.0523070422969,137.78775890144348,134.63757494231,137.45245361328125,13694500
2021-07-12,136.1994188978054,140.44379108099128,135.8376290803964,139.42019653320312,19940400
2021-07-13,137.6995282734453,138.88194967688793,135.4493891484468,137.3465576171875,22671700
2021-07-14,137.61125931583214,138.78486130650447,134.96404042499427,136.8788604736328,14622800
2021-07-15,135.80231375178906,138.12304645113323,135.6258351982366,137.1788787841797,11539300
2021-07-16,137.62008906170453,137.90245206919187,133.26099989342407,134.0463409423828,14002700
2021-07-19,131.081474861304,132.20213477173385,128.5754438890818,129.68727111816406,22172900
2021-07-20,129.29020830059582,133.3492702522294,129.1225489059008,132.10508728027344,15385200
2021-07-21,134.16989652122658,135.58173869000836,133.56103394769963,134.8846435546875,12356700
2021-07-22,134.9022981436009,135.39644358575345,132.33449222335798,133.1815948486328,9913300
2021-07-23,133.66693847456457,134.86701190364101,132.58158220394085,132.92572021484375,9666100
2021-07-26,132.52861924612907,134.09048234271242,132.51096734809872,133.81692504882812,8208000
2021-07-27,132.71394282017397,134.55818278554364,132.1845069565364,133.64047241210938,11218700
2021-07-28,134.38167003186203,134.80523481497434,133.13748719177391,133.86105346679688,9217300
2021-07-29,135.13168452240927,135.7758372764231,134.04632866972437,135.00814819335938,9063500
2021-07-30,134.6375377505534,135.59935726378953,133.41981290276277,133.93161010742188,9805200
2021-08-02,134.1522569571761,136.28767903704824,133.3051542709142,133.3933868408203,10203200
2021-08-03,134.08163819631307,135.29054401563636,131.93739729261122,134.91110229492188,10394800
2021-08-04,133.46397363611462,135.3346709744882,133.1639586789139,133.4551544189453,10155000
2021-08-05,134.37285936753747,135.61705575127223,134.1346058449287,135.1405487060547,9151500
2021-08-06,136.94064733660412,139.26138040886985,136.87005321094915,138.97900390625,13328800
2021-08-09,138.99665411431266,139.90553159133748,137.56714664996719,138.82899475097656,9516900
2021-08-10,138.30835890899027,141.16734650942843,137.92891722426444,140.53201293945312,8667000
2021-08-11,141.1850235121308,142.50863310755705,140.37321124267044,142.2086181640625,9156500
2021-08-12,142.843968443915,143.2763390114076,141.6703661838764,142.76454162597656,8844200
2021-08-13,142.76452710451028,143.09102663193553,140.80559726222518,141.16737365722656,8980900
2021-08-16,140.24966214819074,140.32907548523525,138.34366127241137,140.24082946777344,8755800
2021-08-17,139.04075915149508,140.17905728862203,137.01122208541403,138.54660034179688,9347200
2021-08-18,137.92895827473794,139.42904663635017,137.07302289001214,137.28480529785156,8065500
2021-08-19,135.14937388850475,137.2671439635282,135.0170048435322,136.13766479492188,9517700
2021-08-20,136.1994386103348,136.6847513779588,135.14937279850864,136.5259246826172,6974100
2021-08-23,137.06417890748125,138.61720922433867,136.98476556806037,138.2730712890625,7934600
2021-08-24,138.53780239950194,139.90553498869335,138.4230852608647,139.12901306152344,7670900
2021-08-25,139.87022366767383,142.75569616047386,139.24372270833126,141.996826171875,11335000
2021-08-26,143.17927050417782,144.564655139812,142.19979877343872,142.729248046875,11027500
2021-08-27,142.72922708456065,143.97342326928566,142.29684312594244,143.87635803222656,8780200
2021-08-30,144.01754199136514,144.2646146848037,141.07912731820102,141.57327270507812,7937600
2021-08-31,141.57328363733515,142.39391511867103,140.61146390185988,141.14089965820312,12340800
2021-09-01,141.37913037084,141.85562382120756,140.2761225589744,140.93792724609375,8729900
2021-09-02,141.20268139737863,142.60570439655254,140.6820513681176,141.5909423828125,8813300
2021-09-03,141.52916097908056,141.97036417603067,140.43497220344116,140.73500061035156,7959700
2021-09-07,141.17620621969866,142.40275058960086,140.2673286956069,140.48793029785156,9285600
2021-09-08,140.20552705547388,140.81438951590906,139.45547636504924,139.86138916015625,7852700
2021-09-09,139.65844844234337,141.91740640909688,139.49078909154576,140.4702606201172,7904300
2021-09-10,141.67913534011845,141.82032356161577,138.73190190472423,138.85543823242188,8311600
2021-09-13,139.88792101195935,141.22918285035675,139.4820215050545,141.0615234375,10052800
2021-09-14,141.5821189023699,142.3674601414158,137.88483354778205,138.59959411621094,11685600
2021-09-15,138.29073397946934,140.02907568843747,138.07013237644753,139.5614013671875,11691500
2021-09-16,140.66440139099356,141.93506870652368,138.73192930399588,139.49961853027344,10880900
2021-09-17,138.87312149705937,140.311434752066,138.5378027613687,139.13783264160156,25581600
2021-09-20,135.79353194974257,136.38474267247824,132.79335531940697,134.972900390625,15819900
2021-09-21,135.4758504940612,136.37590877203897,134.63756712564353,134.9905242919922,8999900
2021-09-22,136.94945909495695,138.75839475605022,136.8612265410329,137.5759735107422,11236200
2021-09-23,139.42022638825827,142.693960413254,139.12903062880142,142.2262725830078,12336100
2021-09-24,142.45569624253298,144.352864681638,141.90860856444667,143.86753845214844,10102400
2021-09-27,145.5970168143672,147.71478621861456,145.25287894956577,147.34417724609375,13220900
2021-09-28,147.97957362765158,149.39142947325993,146.17947021573335,146.55007934570312,13387900
2021-09-29,146.66473695819764,147.27358591166222,145.63230987989525,146.435302734375,7777100
2021-09-30,147.2913165631512,147.35309149165803,143.6469727860443,144.44114685058594,13161200
2021-10-01,144.71465654441621,148.50900693938615,144.36169935326012,147.47659301757812,11285000
2021-10-04,147.33541618248955,150.39736785206077,146.24122726191567,147.31776428222656,14120000
2021-10-05,148.43628358822832,151.03730748793987,147.9569052119613,149.72348022460938,12292900
2021-10-06,149.1287059952723,150.11407982266005,147.36213099429037,150.04306030273438,8692600
2021-10-07,151.9782784060651,152.25347055621103,150.50465397141386,150.99290466308594,10195400
2021-10-08,150.93076488021697,152.1025529467074,150.2916028273725,151.10830688476562,8190100
2021-10-11,151.6232009399624,152.0581768558747,147.77048358011973,147.93026733398438,12154700
2021-10-12,147.14017219934644,147.9746344684042,146.27020694984586,146.79396057128906,13032600
2021-10-13,145.64881024883354,146.83835656223067,142.5684084276848,142.92349243164062,22753500
2021-10-14,143.58932491503447,145.59557583032512,142.0890695229709,145.1162109375,15176800
2021-10-15,146.78508351592356,148.40073321330047,145.71093214009215,147.9036102294922,14267400
2021-10-18,147.78820990650408,149.67906536542753,147.28221453665418,147.85035705566406,12672900
2021-10-19,148.60492144060018,149.71457591236566,147.87699515082716,149.64356994628906,8053900
2021-10-20,149.40390956297952,151.68535255263262,148.65822486527424,151.65872192382812,8185600
2021-10-21,151.58767356229862,152.0936825045063,149.74120689142813,150.46914672851562,8415200
2021-10-22,150.93964771015538,152.76835622047847,150.64669728681417,152.4931640625,8817900
2021-10-25,153.3187415300855,153.5406724193942,151.33910824462953,151.74746704101562,10159200
2021-10-26,151.80072350165185,153.12343643664448,151.39236471813922,152.1558074951172,8015100
2021-10-27,151.1971160983183,151.53444191342504,148.551689561808,148.98667907714844,9847000
2021-10-28,149.40388131307253,151.36574284052512,149.10205854663167,151.2325897216797,7212900
2021-10-29,151.96049543854247,152.9014936847907,150.3714764045973,150.81533813476562,8140100
2021-11-01,152.72398133578608,152.98142879759922,150.03417957412736,150.73548889160156,7435500
2021-11-02,150.73548797297835,152.41328523532852,149.95428677718738,151.33026123046875,7173800
2021-11-03,151.0284151361247,151.91613870516917,150.1584362856387,151.3834991455078,8402700
2021-11-04,150.91301764530465,151.09055966282864,147.79711256915726,149.39500427246094,9574200
2021-11-05,149.9365180294975,150.9929113329834,148.61381846932426,149.1819610595703,7975600
2021-11-08,150.0696493705776,151.72968785916075,149.7944572730675,150.07852172851562,6413700
2021-11-09,148.5605613254457,149.5548074994686,147.89476857414357,148.94227600097656,7990300
2021-11-10,148.64929005390914,149.98087523840923,148.32970906780574,148.80020141601562,6999200
2021-11-11,148.71145944627725,149.74120851503892,148.1610616100084,148.79135131835938,5815300
2021-11-12,148.8268449476939,148.90675036034077,147.11354503021204,148.12554931640625,8113400
2021-11-15,148.43629676330428,148.95116462708512,147.36214504717802,147.85926818847656,6492500
2021-11-16,148.30308783344725,148.3119737377473,146.58090205187457,146.79396057128906,9706100
2021-11-17,146.66082661144287,146.97152175403755,145.04516310583514,146.00390625,9909600
2021-11-18,145.93287825117406,146.34123705656822,144.30834248012798,144.7433319091797,8122500
2021-11-19,143.189817325069,143.90887126341005,141.5475232705074,142.85247802734375,12193600
2021-11-22,145.7287302269754,147.34438036587372,144.6900950922002,145.89739990234375,14549900
2021-11-23,146.91825317693468,149.6346851771418,146.80284477640728,149.38612365722656,12354400
2021-11-24,149.54592562787454,150.41589097481364,147.75272013898643,148.21434020996094,9629800
2021-11-26,143.93552767822112,144.38826191240608,140.98829188431475,143.7490997314453,13619300
2021-11-29,144.97413697643654,146.27909173433054,141.8759903237604,143.12767028808594,12104400
2021-11-30,141.29011232202862,142.59506729066257,140.51778346481132,140.99716186523438,18922600
2021-12-01,142.92349479520567,144.93863109222534,140.08278207982204,140.1626739501953,12253400
2021-12-02,141.8848614412083,144.92087445985865,140.97050723729842,143.10992431640625,12969900
2021-12-03,143.3673910535043,143.66034152756737,139.54130371342652,140.51779174804688,12681800
2021-12-06,142.93236757846455,144.35273071316283,141.55640687710985,142.1778106689453,11186500
2021-12-07,143.70472916955504,145.04518719467964,143.06556696729422,144.3172607421875,9851600
2021-12-08,144.39711965989687,144.93863158134326,142.18668308633636,142.6660614013672,11705700
2021-12-09,141.72508524679222,142.8613705148597,140.8373615345152,142.44415283203125,11189600
2021-12-10,143.20760802123158,143.54493384976266,141.26349075768516,141.8760223388672,10405400
2021-12-13,141.59192077449563,141.84935467039065,139.62117320734154,140.18931579589844,12069000
2021-12-14,139.77206048948094,142.8258314557786,139.63890738450274,141.26344299316406,12563600
2021-12-15,141.90263246789226,141.90263246789226,139.68332331791328,140.2070770263672,14014200
2021-12-16,142.38200674750365,143.65145870937027,140.88175149511085,142.39976501464844,19542800
2021-12-17,141.4321451882775,141.4854064425323,137.75695609763275,139.15956115722656,28082000
2021-12-20,137.1621844316911,137.3308541025031,134.7919637708849,136.65618896484375,15148000
2021-12-21,137.96112801307527,139.5323890332335,137.67704995901607,138.5647735595703,11291300
2021-12-22,138.26295796938717,139.42587377923533,137.81022378599536,139.10629272460938,7273000
2021-12-23,139.91413278524888,141.25459069474886,139.5590487237726,139.60342407226562,8055200
2021-12-27,139.90529681035437,140.43792304109087,138.78675598918255,140.4024200439453,6188100
2021-12-28,140.43789060459122,142.16894915945403,140.33136809216552,140.8284912109375,6342300
2021-12-29,141.01490899512024,141.70733236718596,140.39349159583065,140.75746154785156,6398900
2021-12-30,141.24570208556275,142.2488340849387,140.5887817472548,140.68643188476562,6948200
2021-12-31,140.6597938907987,141.40547842240093,140.2248180201573,140.57102966308594,5805900
2022-01-03,141.9115285769945,144.3793996811227,141.60081982576506,143.54493713378906,13120900
2022-01-04,145.86188767412355,149.65247189183447,145.79086814841963,148.98667907714844,20195800
2022-01-05,149.8708027295316,150.35304098319185,146.21823870608205,146.2628936767578,17539400
2022-01-06,149.0581041320163,149.4688970905359,146.3432404311652,147.8167724609375,14047500
2022-01-07,147.95070016683152,149.61176370068645,147.4059424050087,149.28134155273438,13913300
2022-01-10,150.9870836967746,151.20140571744204,147.82569762411396,149.42425537109375,12922500
2022-01-11,150.26373034449165,150.49593074021448,148.5222955104893,149.5760955810547,11854100
2022-01-12,150.44234896632423,151.45148043118525,149.299238964396,150.4244842529297,12568000
2022-01-13,150.3351434222937,151.64792023798148,149.93327602758498,150.23690795898438,13623400
2022-01-14,143.56585672693646,143.80698260414678,140.1187037440589,141.00282287597656,40158400
2022-01-18,139.11852392455683,139.11852392455683,134.4389640627138,135.0908966064453,32324800
2022-01-19,135.3588110951531,135.94821032516654,132.66181189960528,133.00115966796875,22380000
2022-01-20,133.05475566739287,134.50148394816767,131.5990882170737,131.86700439453125,14860800
2022-01-21,131.72410930711447,131.73303484956145,128.83957838998995,129.5629425048828,20705400
2022-01-24,127.06244040247945,129.92018165221654,124.6422961045713,129.44686889648438,28471400
2022-01-25,128.2858907805646,131.14364528059966,125.73178189423707,130.8578643798828,18915900
2022-01-26,132.81360533644312,134.4657434381481,130.34880693573797,132.0991668701172,20709100
2022-01-27,133.43872445171925,134.2960532760623,128.7145244442906,129.768310546875,17536800
2022-01-28,128.7681241211247,131.06324203268753,126.96416991849439,130.92929077148438,14117000
2022-01-31,130.063047992457,132.8761337453502,129.19679342056898,132.7064666748047,13985700
2022-02-01,132.78686627035202,135.26953033704814,132.43857925744965,134.98374938964844,14584900
2022-02-02,134.4032401062111,134.79618199179012,132.23314782010237,133.90313720703125,12441100
2022-02-03,133.95670669969624,135.43022502268056,132.42959424753613,132.79574584960938,12474900
2022-02-04,133.15299237672326,137.0823842598427,132.85828594147185,136.242919921875,16654400
2022-02-07,136.87698575835253,137.18954327472105,134.7158188915654,136.69837951660156,12572300
2022-02-08,138.42196525966506,141.52975782547924,138.2433589975901,139.27035522460938,20411400
2022-02-09,139.84187565059872,140.59202997831702,139.15424099691444,139.85081481933594,9131100
2022-02-10,139.90442312577747,142.02093526627363,138.6184362359828,139.27035522460938,16455600
2022-02-11,138.96672186428253,141.27077941494915,136.60908379819318,137.4574737548828,16830000
2022-02-14,136.3947419739245,137.24313189244884,134.24251414948705,136.180419921875,17026500
2022-02-15,137.98434485810958,139.26140598689534,137.39494565622124,138.17189025878906,9500000
2022-02-16,137.29674996179529,139.40433681057766,137.29674996179529,138.42198181152344,9076500
2022-02-17,136.63585149548837,137.28777037013128,134.55505552050664,135.2337646484375,11367500
2022-02-18,135.85890282723932,137.65391787767504,134.9658580729721,135.86782836914062,11733300
2022-02-22,134.49252164088315,136.85015882982296,134.32284098731742,135.62667846679688,11333500
2022-02-23,136.74304810322687,136.9038032915814,132.14387173452778,132.786865234375,11799000
2022-02-24,127.65185761416151,129.4826026344637,124.82983207445183,129.08966064453125,25655100
2022-02-25,129.71476157639572,134.07282470800104,129.41112960457934,132.1438446044922,18367700
2022-02-28,128.1965869841619,129.54507976037877,125.81215894350672,126.63375854492188,31315300
2022-03-01,125.06197667841734,125.45491853577062,119.29291541427519,121.85594940185547,36840400
2022-03-02,122.60612136668207,125.06199470229853,121.99885741000365,124.38328552246094,19405600
2022-03-03,124.88337523241029,125.9014457077426,122.40071190437568,123.49915313720703,16640800
2022-03-04,120.50745930978422,120.9361169691792,118.23911804080738,120.02520751953125,21016000
2022-03-07,118.03374030007176,118.4981274537443,115.15813469277981,115.39033508300781,27560100
2022-03-08,115.77433646293828,117.69437748374008,113.65781766709829,114.5776596069336,19207800
2022-03-09,118.6856558618079,120.7753911803248,118.27486285921907,119.16790771484375,17536200
2022-03-10,117.75686645507812,119.17680415838761,116.38158370900311,117.75686645507812,15604200
2022-03-11,118.3195202185928,119.73945829730503,114.68482104188722,115.10455322265625,20061800
2022-03-14,115.61359591403524,118.70352356124714,115.4081857807892,116.24765014648438,15786900
2022-03-15,117.70331343810263,119.26614191873468,117.10497502644601,118.31057739257812,15096600
2022-03-16,120.44494231139302,123.67777360587253,120.05200043706434,123.5973892211914,20354900
2022-03-17,122.22210602941672,125.19594670644601,121.38264177726782,125.16021728515625,17050500
2022-03-18,125.19596372519791,125.78537661556776,123.65099990054678,125.11559295654297,23656500
2022-03-21,125.33882625930892,125.70496422166993,123.89208461183765,124.71368408203125,12676100
2022-03-22,127.0535008129565,128.53594497980174,126.56232339617782,127.36605834960938,13548600
2022-03-23,125.90143913237107,126.44619694938301,124.3118206420964,124.82978820800781,12093200
2022-03-24,125.29417678877739,125.66032839395895,124.23145139298659,125.64246368408203,10017600
2022-03-25,125.99966941983426,127.86612951266908,125.74069246090657,126.74089813232422,8383500
2022-03-28,125.02626283896025,125.89251732162982,123.15086344566336,125.80320739746094,10818100
2022-03-29,128.0179821436087,128.2412433516535,125.24061217045993,126.08006286621094,11316500
2022-03-30,126.72302510519395,126.91949601015166,124.94587504686656,125.50848388671875,8771000
2022-03-31,124.87448166782717,125.33886887470908,121.68630453613557,121.73989868164062,17353900
2022-04-01,122.70433550626453,122.71327467434422,119.48938278389681,120.83787536621094,15721300
2022-04-04,119.775160488462,122.29355328695425,118.67671923414053,121.37371826171875,17416400
2022-04-05,120.61798453023613,121.81452582236135,119.66432895759385,119.96121978759766,12110300
2022-04-06,118.37785676926423,119.25952413706122,117.82006917115869,118.29689025878906,12914700
2022-04-07,117.81105162119827,118.68372719621222,115.813795534856,117.93700408935547,12994200
2022-04-08,118.4588108545156,120.46505863888925,118.29687785055057,120.09620666503906,13126900
2022-04-11,119.65536499023438,121.36472185612202,119.26851588825143,119.65536499023438,10466400
2022-04-12,118.88166208129542,121.07684557650222,117.58614305279367,118.34185791015625,12989900
2022-04-13,114.20341058432129,116.28163332387601,113.36672234851824,114.52729034423828,30838000
2022-04-14,113.80755300363244,115.42695176030934,112.47604659659865,113.46568298339844,18835200
2022-04-18,113.06079863429873,116.272606425239,112.94384475902342,115.57086944580078,11834400
2022-04-19,115.5618870075924,118.14393311626505,115.36395974552582,117.9639892578125,15015400
2022-04-20,119.22353251350066,120.11419150150813,118.1619213618425,118.37784576416016,13430200
2022-04-21,118.95361293991306,119.48441157374653,116.92037659646643,117.46016693115234,12174200
2022-04-22,117.20827762466395,117.42420202394086,113.9784857042953,114.08644104003906,14318800
2022-04-25,113.3667283500431,114.36535651867105,110.7576998632124,114.05046844482422,17149000
2022-04-26,112.13417857248098,113.72658852220916,110.54177548664798,110.67671966552734,17209500
2022-04-27,110.05593381835912,111.16251704700858,109.05730591120104,109.23723602294922,17215200
2022-04-28,110.48780138344301,111.24352317599842,108.98536322963464,110.9646224975586,13015600
2022-04-29,110.70369756555927,111.20750738942361,106.97008925655122,107.3839340209961,14874800
2022-05-02,107.85175460805671,108.59847762989591,106.35831542827223,108.36456298828125,18545000
2022-05-03,109.33621052814826,111.71132393191763,108.66146224607981,110.68570709228516,15720900
2022-05-04,110.47877591489146,114.61723021457962,110.42479139084634,114.34732818603516,17128500
2022-05-05,112.68297507234442,113.44768850045554,109.90301514966046,111.48641967773438,15055400
2022-05-06,111.3784552068824,111.81928883996807,109.02133201335472,111.30648040771484,14417900
2022-05-09,109.8580338031542,110.95562560295745,108.40957339376078,109.63311767578125,14312300
2022-05-10,110.75769040385855,111.36046393484135,105.76454998716217,106.96110534667969,16382400
2022-05-11,107.32997579146377,110.55976799750485,106.10643154291851,106.28636169433594,14630300
2022-05-12,105.26073643046848,106.44829318230772,103.79428590675552,106.1963882446289,16318800
2022-05-13,107.42892090335586,108.18463564562913,106.12440350696399,107.14102172851562,10443200
2022-05-16,106.64621492217657,107.47390449274835,105.46765679747341,106.3943099975586,10269000
2022-05-17,108.89538830205638,110.63174100418398,108.68846245378626,109.92100524902344,11160200
2022-05-18,109.12930286786727,109.73207641494254,107.53689291348013,108.04070281982422,12664900
2022-05-19,106.33134519432458,107.64485448806897,105.82752842704669,106.43930053710938,12765800
2022-05-20,107.47390314946973,107.66283184057187,103.4793912121837,105.56661224365234,13150100
2022-05-23,108.37357999351177,113.87053039147749,108.364581427024,112.09819030761719,24376700
2022-05-24,111.88225852866964,114.69820545840763,110.75767809706423,113.68158721923828,19324900
2022-05-25,113.60961254105274,115.03108385539763,112.61098456764918,114.4732894897461,12780400
2022-05-26,115.48989780892865,117.12729336770889,115.34596195901909,116.45254516601562,15990900
2022-05-27,117.10031005362546,118.09893798828125,116.18264861231768,118.09893798828125,11177800
2022-05-31,117.11831628240093,119.79032090596654,116.69548660324409,118.96263122558594,17015000
2022-06-01,119.53841107158583,119.53841107158583,115.75982312736578,116.87541198730469,10768000
2022-06-02,116.86638343669156,118.76467559964195,115.75980022595931,118.75568389892578,8374800
2022-06-03,118.04496925254918,118.54877910852959,116.94737761153944,117.1003189086914,8596000
2022-06-06,117.93701471465394,119.10658129736305,116.4705709306623,116.71347045898438,11323500
2022-06-07,115.90376696947148,117.24427187522622,115.7148314041518,117.01935577392578,6722200
2022-06-08,116.05670017004013,116.46154637856398,114.16740642377181,115.15703582763672,8422100
2022-06-09,114.59026723066327,115.24702532084513,112.70096633250233,112.73695373535156,13560100
2022-06-10,110.28985970425487,111.01859256347376,107.34796002425864,107.55488586425781,12945200
2022-06-13,105.13477649558172,106.11540734246348,103.51537791993975,104.35206604003906,16805600
2022-06-14,103.95622759852188,105.54863061899442,101.86000782996334,102.61572265625,13357900
2022-06-15,104.01919755503046,105.21574595775589,101.81501571695783,103.83026885986328,14083500
2022-06-16,102.43578325147227,102.79565036358842,100.64545312015963,102.0489273071289,16724900
2022-06-17,102.14791011034775,103.1285411394623,100.90637554756806,101.68907928466797,30919900
2022-06-21,104.24410965072114,105.28771671693652,103.49738660044214,104.20812225341797,11680500
2022-06-22,103.353442359593,104.54099907647512,102.91260873163154,103.62334442138672,9842700
2022-06-23,103.47040676802952,103.62334807194982,100.29459246666248,102.4897689819336,11851500
2022-06-24,101.86900556781907,105.99846197193934,101.50913842608239,105.54862976074219,14841100
2022-06-27,106.21436290359,106.61021738399344,104.03717698915855,104.70292663574219,11280500
2022-06-28,105.86350491119775,107.32096366353588,104.0011999373796,104.19912719726562,11590900
2022-06-29,104.36106264162848,105.09878712022906,103.2184919586827,103.7313003540039,9338400
2022-06-30,101.8150281771545,102.6337261536329,99.7997816515162,101.31121826171875,15172600
2022-07-01,101.34718853115355,102.93959138117171,100.00669059626647,102.60671997070312,10573600
2022-07-05,100.5373312954929,102.29812098653362,99.2031321696424,102.21643829345703,12514200
2022-07-06,101.40867040658897,102.55226983215822,100.55550299499022,101.55388641357422,10656200
2022-07-07,103.01515879940784,104.28583174661338,102.92439792988112,104.1224594116211,10347400
2022-07-08,104.52180845883026,104.96654153657856,103.11499084043402,103.79570770263672,8807800
2022-07-11,103.06053448780433,103.67771804588263,101.85339493787605,102.43427276611328,7939500
2022-07-12,102.18013881541624,104.53995584050604,101.88969990347611,102.53411102294922,11250900
2022-07-13,101.42683667560478,102.08940429311123,100.18339108435013,101.57205963134766,12979900
2022-07-14,98.01416097100527,98.23199537702668,96.26244910576173,98.02323913574219,26204800
2022-07-15,99.07607744194745,103.36004991253749,97.72371490368113,102.51596069335938,18863900
2022-07-18,104.16782283031158,105.13897854956785,101.00930066424485,101.4631118774414,13977900
2022-07-19,102.67932586933533,104.32212722206869,102.26182037087447,103.97722625732422,11862300
2022-07-20,103.55972743519882,104.140605290037,102.99700590841762,103.9590835571289,11667500
2022-07-21,103.86830985513377,104.85761494906674,102.8971541624047,104.6670150756836,11595900
2022-07-22,104.59443031576312,105.51113111422731,103.16946305855971,104.15877532958984,7645500
2022-07-25,105.13899260496939,105.70172107742037,104.16783675588512,104.5762710571289,9394000
2022-07-26,103.99538846118368,104.903010967723,102.58857080620362,102.94254302978516,10675100
2022-07-27,103.47804952091771,105.048232664598,102.83363833728244,104.59442138671875,9337400
2022-07-28,104.60350349433055,105.26607103183923,103.04239153164012,104.20414733886719,10384800
2022-07-29,104.91208028855732,105.73802007821718,104.18598645136994,104.70333099365234,12944500
2022-08-01,103.92277250369129,104.47642276270157,102.62487209849485,103.65956115722656,14740400
2022-08-02,103.39635431452609,103.83201616462607,101.89877579335833,102.04399871826172,14942900
2022-08-03,102.96975207684662,103.55970798490942,101.39049113840578,103.11497497558594,14394500
2022-08-04,102.42520185397181,102.8517855540431,100.76425095035351,101.98046875,18033900
2022-08-05,102.1347670335409,105.45666897459219,101.69911207627526,105.06639099121094,14174600
2022-08-08,105.51112056825411,105.91954794254511,103.63234218221672,103.78663635253906,10332500
2022-08-09,104.14968923011551,105.27513927070466,103.80479514861854,104.72148895263672,10233800
2022-08-10,107.06314461138093,108.34289560451963,106.64563911049727,107.45342254638672,12847300
2022-08-11,108.8239358511279,110.00384091075784,108.28843499148952,109.04176330566406,11684900
2022-08-12,109.52281045751785,110.95685573547384,108.40643860888144,110.84793853759766,9906700
2022-08-15,109.9493692135553,111.38341416613906,109.4592523212314,111.14743041992188,8456200
2022-08-16,110.99316257973668,112.76302378413506,110.61196277026787,112.2093734741211,9555000
2022-08-17,111.00223745622554,111.78279338084268,110.44858716261082,111.26544189453125,8149300
2022-08-18,110.9477703468881,111.15652656473851,109.41389305985257,110.4031982421875,9531800
2022-08-19,109.47743081896355,109.81324671950163,107.19929635562796,107.67125701904297,13464500
2022-08-22,105.96492255513769,106.33705108878003,104.83039447638889,105.8923110961914,8967600
2022-08-23,105.91047248431808,106.4550446032187,104.72148229223701,104.84854888916016,7607000
2022-08-24,104.63980981740474,105.65634961675113,103.87740323674224,105.10269927978516,9771300
2022-08-25,105.4294383676452,107.77109927585279,104.99377649832141,107.5986557006836,10758900
2022-08-26,108.42456892561285,108.905607680148,104.01352359500832,104.07705688476562,11276200
2022-08-29,103.46898760155018,104.24954367602204,102.97887051353682,103.82295989990234,8117300
2022-08-30,104.37658892922275,104.90301164833747,102.88808856280961,103.84109497070312,10745400
2022-08-31,103.90463200891637,104.40382025395047,102.86993593687029,103.22391510009766,10738300
2022-09-01,102.82455369187618,104.0407645161226,101.57203713673447,103.93185424804688,9979800
2022-09-02,105.16622513135546,106.6002634672433,102.73379647194963,103.20575714111328,10666600
2022-09-06,103.76848735316932,104.14968716060882,101.71725846017837,103.23298645019531,9751900
2022-09-07,102.67934012915696,105.38405846824777,102.34352420582832,105.1934585571289,10647900
2022-09-08,104.63073610193857,107.81649348502353,104.04078000512858,107.64404296875,11435000
2022-09-09,108.13414175725697,108.96008153820604,107.70755808354569,108.16136932373047,9299700
2022-09-12,109.4774220618449,110.32151121463062,108.72409376884706,109.44111633300781,8614600
2022-09-13,107.16298969054854,107.93446744065152,105.08453330758677,105.63818359375,12904600
2022-09-14,105.9195585649474,106.95424781322068,104.26768564887853,105.39314270019531,9345700
2022-09-15,105.39312880144128,108.35197321088188,105.06638414248548,106.9814682006836,10821400
2022-09-16,106.54580319895298,106.55488136271414,104.71240882197272,106.26444244384766,14844100
2022-09-19,105.28420681805444,107.76201921499737,104.8394737453862,107.24467468261719,8201300
2022-09-20,106.56395850778968,106.81809169379223,104.04984036495728,105.12991333007812,9619000
2022-09-21,105.77433138429497,105.82878652068666,102.03492403576533,102.09845733642578,12606300
2022-09-22,102.90622254978976,103.10590058054768,100.80961707604996,100.93668365478516,11684500
2022-09-23,99.88385449632825,100.14705891608078,97.26082614080553,99.05791473388672,18138600
2022-09-26,98.02322539420264,99.48449810451093,96.26243561106126,96.92500305175781,15753600
2022-09-27,97.79634577944556,98.1775456509714,94.98271679855553,96.07186126708984,12793600
2022-09-28,96.16260926812394,98.68580584898338,95.88124848511528,98.01416015625,12762600
2022-09-29,97.07021077701687,97.36972782434115,94.75577786264266,96.35319519042969,12713900
2022-09-30,96.26244659636295,97.67834250014899,94.75579674601661,94.8465576171875,15973400
2022-10-03,95.86308383758465,98.34996736436851,94.81023849180761,97.77816772460938,12248100
2022-10-04,100.3921238672329,102.5522628939969,99.71140700180528,102.35258483886719,16013600
2022-10-05,100.5027770678327,101.60166568533853,99.66029532864067,101.08885192871094,10943500
2022-10-06,100.23723824640652,100.905733779219,98.84531181739928,99.02845764160156,11521400
2022-10-07,98.46069135916748,98.63468477736758,96.40026946115013,97.05045318603516,11681100
2022-10-10,97.73725778403534,98.26838343772174,95.7134595164074,96.14385986328125,8931700
2022-10-11,95.57609206806305,95.73176668930427,93.26841597322337,93.36914825439453,12739700
2022-10-12,93.22264195688732,95.90576927707119,92.74645167540932,94.88013458251953,13181000
2022-10-13,93.38747537838252,100.64015835202872,93.18601079802045,100.15481567382812,22398700
2022-10-14,102.52658356155584,105.53021942862705,101.39106421861624,101.82146453857422,33387100
2022-10-17,105.68588755994007,107.15107474880033,104.68772420259666,106.09796905517578,22276300
2022-10-18,109.57780496566174,110.01735767004864,107.10529480386943,108.82688903808594,21539700
2022-10-19,108.04851008724987,108.81773780803796,105.92398669571581,106.6932144165039,17072000
2022-10-20,107.28845894082309,108.70785647438998,105.90568498102753,106.3452377319336,12207400
2022-10-21,106.64741864303946,112.07777438811135,106.52837457969841,111.93125915527344,20593300
2022-10-24,111.7847483080427,112.7279624850652,111.10710044077992,112.0686264038086,12624200
2022-10-25,111.58329123866088,112.88364471611654,110.70417873334303,112.3616714477539,11289100
2022-10-26,112.63639483662547,114.6510267463944,112.5265031557678,113.65287017822266,11667000
2022-10-27,114.6510221680063,115.56676517888995,113.74443854346963,114.10157775878906,10727600
2022-10-28,114.73342569339101,115.64000918376867,113.59790648417108,115.45686340332031,11859500
2022-10-31,115.10888577748291,116.69312415172827,115.00815349427032,115.27371978759766,13295200
2022-11-01,116.1802971443546,117.47149092150288,115.68579517016053,117.3524398803711,13386900
2022-11-02,116.89458657625418,119.37624908165756,115.96968425941513,116.27188110351562,16546100
2022-11-03,115.66748751829829,117.37992232993088,115.30119593470816,116.48249816894531,12474400
2022-11-04,118.57956620175044,119.80665846924897,117.63635202879402,119.6692886352539,14953200
2022-11-07,119.96233464708139,121.14363698512378,119.4861443680671,120.30115509033203,12011200
2022-11-08,120.182121952005,120.93302398097727,119.17479901580207,120.37442016601562,9884100
2022-11-09,120.2553700959593,120.35608840558159,118.33230432458333,118.8084945678711,9494000
2022-11-10,121.45498763906363,123.85422961190059,121.36340775804761,123.69855499267578,16351600
2022-11-11,123.79927688386003,124.69670095537147,122.50807612477733,123.90000915527344,10704700
2022-11-14,123.44214686010653,124.29378105790795,122.62713623046875,122.62713623046875,11085600
2022-11-15,123.33224475737065,124.2754727820005,120.51176897449375,121.73886108398438,14038300
2022-11-16,121.79381709534634,122.3066309316261,120.9055452813871,121.90370178222656,7893400
2022-11-17,120.87807117107586,121.69308184959206,120.21873511956515,121.37256622314453,8820200
2022-11-18,123.2315518191482,123.32311774240533,121.13449236079559,122.56304931640625,9468500
2022-11-21,122.47147980458445,123.22238183506421,121.56488916018174,121.83961486816406,7800500
2022-11-22,122.7095824273521,123.87258014343146,122.42570428579585,123.66194915771484,9185700
2022-11-23,123.57035286027893,124.99890959133656,123.49709174931083,124.9805908203125,7316200
2022-11-25,124.98060209821874,125.58499583839831,124.59599171077613,125.21870422363281,3220500
2022-11-28,124.60515411824149,125.19122906709268,122.88355284274715,123.03007507324219,9906900
2022-11-29,123.31394986800805,125.12711700928688,123.0850141288976,125.0538558959961,7925300
2022-11-30,124.62345411287608,126.537353515625,121.96780515989336,126.537353515625,14761200
2022-12-01,126.53735571880368,126.9769224009966,124.01906257456254,124.76082611083984,8858500
2022-12-02,123.15826637907823,123.9458058238679,122.10515367108043,123.77181243896484,8931900
2022-12-05,122.92934703814497,123.23154390906964,119.59604303130392,120.30115509033203,10154500
2022-12-06,122.15094932768046,123.72602829098362,118.92753028962653,120.50260925292969,13966700
2022-12-07,120.24620313901356,121.8670720542558,119.34877897086182,120.42019653320312,11739400
2022-12-08,121.18025282325134,121.77548008554751,120.35607587569476,121.68391418457031,8907300
2022-12-09,121.0612207394694,122.48977757119074,120.8780749357078,121.02459716796875,7957800
2022-12-12,121.24434915364465,123.3047705899854,120.51176604366965,122.90185546875,8841600
2022-12-13,125.35604942965468,125.53919522146862,121.86707109368093,122.7828140258789,10025400
2022-12-14,122.5080938050597,124.27548500890414,121.57403206016197,122.16927337646484,9966100
2022-12-15,120.09967960294495,120.95132779332344,118.17662783505968,119.1381607055664,12087800
2022-12-16,118.26818937580855,118.9549965474988,117.6088533731357,118.39639282226562,21133700
2022-12-19,118.72607400001165,120.26452950136444,118.21326015727045,119.10153198242188,9017200
2022-12-20,119.93486609876084,120.92387025075503,119.22974005117493,119.67845916748047,8549900
2022-12-21,121.0429019671545,121.77549915533008,120.66745796003842,121.02459716796875,8051700
2022-12-22,120.05392253524288,120.23706835533226,117.59057143161893,119.65099334716797,8648200
2022-12-23,119.57772505217594,120.36526460714066,118.7169243789436,120.21874237060547,5091900
2022-12-27,120.484301882885,121.07952918763898,119.550240198278,120.63997650146484,5411000
2022-12-28,120.74072784048434,122.16928477590163,119.97149305184182,121.29933166503906,8827700
2022-12-29,121.729704123271,122.04106734709401,121.16194796340132,121.99527740478516,6585200
2022-12-30,121.61981600038357,123.01174916305784,121.2809955885126,122.80113220214844,9292500
2023-01-03,123.8450976445849,125.21871224767116,122.60883891255513,123.73519897460938,11054800
2023-01-04,124.53188365034441,126.07947743440992,124.14727330402683,124.88902282714844,11687600
2023-01-05,125.14731068975593,125.19343885785885,123.33919066504112,124.86133575439453,8381300
2023-01-06,125.58093526621076,127.65657688976182,124.06802371254292,127.25067138671875,10029100
2023-01-09,127.85950171392554,128.1178026001078,126.27278822661013,126.72480773925781,8482300
2023-01-10,127.1122923760889,127.97023160427145,126.66949275179746,127.85953521728516,9048700
2023-01-11,128.13628231043944,128.92041929266887,127.3982875934552,128.80972290039062,8703700
2023-01-12,129.1510003099014,129.94435701771593,128.4314458628536,128.68052673339844,11001700
2023-01-13,125.09198197829284,132.37056322485412,124.35397340286053,131.92774963378906,20200000
2023-01-17,130.23033070426126,130.57165384016318,128.44066460814747,129.88900756835938,14292900
2023-01-18,128.15468438224798,129.82441997763814,125.83919663343917,125.98680114746094,13392600
2023-01-19,124.83366661032244,125.36870833720619,123.2377192040971,124.30783081054688,13303400
2023-01-20,124.68605353328735,124.99048254229974,123.20081665217,124.61225128173828,13092500
2023-01-23,124.64916190684953,127.26909291724391,124.37242102224981,126.63256072998047,10487100
2023-01-24,125.84841916224751,129.41851719919742,124.53846074578614,127.72110748291016,6945000
2023-01-25,127.35215773541735,128.3392333984375,126.61414895175888,128.3392333984375,8967000
2023-01-26,128.61596652180285,129.20637063279165,127.63811103263491,129.132568359375,7487600
2023-01-27,129.7137336540936,130.31335768367455,128.92037692534547,129.4462127685547,7489900
2023-01-30,128.44069199449729,129.23404886369812,128.14549696772326,128.34844970703125,6729300
2023-01-31,129.0403182144774,129.21559684362194,127.53662689744111,129.11412048339844,9188700
2023-02-01,127.49971585355509,129.96280818647722,127.41667951434165,128.77276611328125,8841800
2023-02-02,129.15102752468488,129.57538709442917,127.30601284576082,128.1731719970703,11822100
2023-02-03,127.47202559211956,131.3004385410896,127.42591149773286,130.15652465820312,11501200
2023-02-06,129.36318646266028,131.21743502591008,129.17868782973096,130.92222595214844,8406200
2023-02-07,130.42409169951745,133.1547055319819,130.23957897119715,132.51817321777344,10447900
2023-02-08,131.59567630543654,132.87796104130317,131.25435306842797,131.58645629882812,6958000
2023-02-09,132.02921863498875,132.232171333837,129.03107040131695,129.5384521484375,6443100
2023-02-10,128.9480585636298,130.33181939876073,127.8502727155443,130.11041259765625,6582900
2023-02-13,130.35026256892732,131.66944103130464,129.83366081928747,131.5218505859375,7134600
2023-02-14,131.45727512332502,132.66575729505092,130.62702427939897,132.10302734375,9249400
2023-02-15,130.63624687025177,132.73956218775996,130.35027188671188,132.6565399169922,6728300
2023-02-16,131.83550073283425,132.27830022529912,130.70080679865134,130.82997131347656,8165300
2023-02-17,130.05506958755439,131.76171364927728,129.21559867888436,131.21743774414062,7948800
2023-02-21,129.78757856910698,130.3872027957434,127.99791182009163,128.80972290039062,9996300
2023-02-22,128.15468154119174,128.6251550833223,126.78937500761096,127.82257843017578,11107500
2023-02-23,127.97942905263373,129.30784176770013,127.25065450618847,128.84658813476562,8068000
2023-02-24,128.33001587706252,130.40565770336198,128.16395721125812,130.00897216796875,9126900
2023-02-27,131.09750280475183,132.2045086636795,130.73772554869174,131.1436309814453,10014700
2023-02-28,131.8631779812996,132.61962654587361,130.90376263556865,132.2414093017578,11019800
2023-03-01,131.08824686861382,132.3428569185343,130.81149196065473,131.5033721923828,7139200
2023-03-02,131.217439116247,131.39270367337005,128.726658226856,130.1381072998047,11106800
2023-03-03,130.54399057368198,132.6011917925285,130.14731922895072,132.5273895263672,9513100
2023-03-06,132.3244524764281,132.87794842363948,131.60489789161204,131.75250244140625,9261300
2023-03-07,131.00524382514803,131.28199880341774,127.1307163584009,127.87794494628906,11747600
2023-03-08,127.30599673718818,127.85027262027845,126.28201315690055,127.12149810791016,10002500
2023-03-09,126.16208845622894,126.70637844043762,119.20638987379802,120.23959350585938,25888100
2023-03-10,118.96655091628814,124.77833580714312,117.91488608986784,123.29309844970703,37599700
2023-03-13,121.04217695019429,123.50526950628984,119.38166116059536,121.07907104492188,42901100
2023-03-14,124.79680077123248,125.02742762275773,121.11599115340506,124.18794250488281,29648100
2023-03-15,120.82997543082509,120.83920951063871,116.90932731300352,118.32075500488281,34280600
2023-03-16,118.09013838380625,121.72481890489128,116.25435107656224,120.61781311035156,24558500
2023-03-17,118.43148110430431,118.52372338026191,115.72852763693783,116.06063079833984,38396000
2023-03-20,117.14919726872469,119.43701841508131,116.24514407761322,117.2875747680664,22875500
2023-03-21,120.47020555487761,121.52186314469817,120.1012083247568,120.43331146240234,17807800
2023-03-22,120.44254244300132,120.53479879711034,117.23222120408215,117.32447052001953,17250200
2023-03-23,117.98867327821704,119.49235749309963,116.25435522322675,117.01081085205078,16677600
2023-03-24,115.89457646612907,115.94070464118424,113.56986142967864,115.23037719726562,22311100
2023-03-27,116.96469247134272,119.35398985556544,116.5034388565988,118.532958984375,18853900
2023-03-28,118.73591379966149,119.31708379259778,117.84107360696267,118.89273834228516,10820500
2023-03-29,120.01818907015445,120.12888542669916,117.86873862557152,119.13257598876953,14595300
2023-03-30,119.87981010605174,120.03663464387499,117.7580477285773,118.7728042602539,12134700
2023-03-31,119.61228240632168,120.23958052195135,118.86505385479836,120.21190643310547,13105200
2023-04-03,119.84292816489776,121.25436322479173,119.38167450934169,120.07355499267578,11775400
2023-04-04,120.38719287706124,120.47021514899892,117.53664892978881,118.46837615966797,11579900
2023-04-05,117.89191912291825,119.14706902554262,117.57580146323419,118.64501190185547,9614700
2023-04-06,118.0778721943855,119.082000683968,117.94770817833668,118.51485443115234,8760200
2023-04-10,117.65020018070031,119.22146797348508,117.35268138916051,118.90535736083984,9477300
2023-04-11,119.28653577512927,119.88157325192934,118.57992611140185,119.49108123779297,10516300
2023-04-12,120.10472488738162,121.26690877514532,119.06341266372614,119.47250366210938,11821000
2023-04-13,119.43531289368853,119.9745537010394,117.919820654687,119.9280776977539,12450200
2023-04-14,125.65534385472282,129.3464418274923,125.42290702614449,128.9838409423828,43931300
2023-04-17,130.11811113901308,130.22038389324814,127.98899640224877,130.0065460205078,16050500
2023-04-18,130.41564287639508,131.8195560320996,129.26275124856613,131.46624755859375,13760100
2023-04-19,131.30816626421534,131.55920192925032,130.53647454341413,131.2988739013672,9158100
2023-04-20,130.0809121691736,131.49411745979074,130.01582306650377,130.9176788330078,10586200
2023-04-21,129.922900477275,131.19664981366964,129.03033677439618,130.66668701171875,11842500
2023-04-24,130.5923012181402,131.18733887353952,130.20179489998168,130.84332275390625,7567500
2023-04-25,129.79268721934886,130.12739670771012,127.96108448954054,127.9982681274414,10629300
2023-04-26,127.95179321485382,128.128447436302,124.58611320390236,125.72969818115234,14416100
2023-04-27,126.4455996069345,128.22141988860258,126.12948901275256,127.42183685302734,9041100
2023-04-28,126.96624644240126,128.60261022124138,126.13877219035167,128.52822875976562,9887300
2023-05-01,132.26583373334603,133.29785370973943,130.9363020252192,131.28030395507812,20415800
2023-05-02,131.4662146588088,132.4052681693228,128.7048650486828,129.1604461669922,14113400
2023-05-03,128.71417044087195,128.92800826775053,126.22244122973464,126.42698669433594,12930900
2023-05-04,125.47867596517398,126.1852786601543,122.5499640622479,124.69767761230469,17089200
2023-05-05,126.85471709157082,128.19355540179592,126.36195218389314,127.1336441040039,11261400
2023-05-08,127.83093703549143,128.27721168217766,126.89188336179542,127.44044494628906,7484900
2023-05-09,126.38052389549456,127.3288699653478,125.7111189961569,126.82681274414062,7343600
2023-05-10,128.25861326097296,128.36088601235872,125.39499040898734,126.89188385009766,8133400
2023-05-11,125.51586622421974,127.19870630889098,125.4228858337718,126.49210357666016,7057300
2023-05-12,127.2079900985093,127.36604538453714,123.77722143236268,124.6790771484375,9988600
2023-05-15,124.83714889684532,126.13878918096603,124.54892956156252,125.72969818115234,7639500
2023-05-16,125.94356298258039,126.3898376699158,124.54894217119273,124.88365173339844,6477200
2023-05-17,126.3526073585183,128.8536289739523,125.94353060925548,128.7234649658203,12711500
2023-05-18,128.5561373131233,129.9135601537646,128.0819572058346,129.69972229003906,10999600
2023-05-19,129.9693374456531,130.6201717479733,128.42596808225812,129.40219116210938,13492200
2023-05-22,131.09434260740792,131.68938019077746,127.98899066253614,128.33299255371094,11402500
2023-05-23,127.8773974466778,129.26272559811,126.87328316079605,126.994140625,9514900
2023-05-24,125.88776040422024,126.77103155998755,125.59024868871114,125.83197784423828,8578000
2023-05-25,125.34851738110962,126.69664790918623,125.12537295819699,126.1387939453125,8472500
2023-05-26,126.5478882224952,127.93321661684016,126.10161355198235,127.319580078125,8579900
2023-05-30,127.18938788910047,128.0447533960952,126.46418638997858,127.80302429199219,7399900
2023-05-31,127.1243037131586,127.2265764509332,124.9579914943427,126.17597198486328,14219900
2023-06-01,126.92908212873873,128.5189417760317,125.93424589021166,127.91461181640625,12248100
2023-06-02,129.7554893233829,131.54060186472486,129.55094384800705,130.6015625,12922500
2023-06-05,130.26685791287542,130.26685791287542,128.42596275204582,129.31851196289062,8511900
2023-06-06,128.9372974591774,130.2575505843406,128.50032945388895,129.55093383789062,9329500
2023-06-07,129.74621069918032,131.34537684682581,129.076791651942,130.80612182617188,9281400
2023-06-08,130.78754019040267,130.99208571446027,129.68113872485935,130.84332275390625,7368100
2023-06-09,130.49001537148624,131.83814587263618,130.3598513407576,131.1036376953125,7249100
2023-06-12,131.15941893506186,131.39185569008666,129.94143842180847,131.09432983398438,7596600
2023-06-13,130.61087553751943,132.83297065646826,130.29476491165087,132.04269409179688,7701600
2023-06-14,132.9538552409123,133.52100162444762,130.81543375282095,131.54994201660156,9068700
2023-06-15,130.71313840646567,133.32572542805949,130.1924823122168,133.03750610351562,9343100
2023-06-16,133.00028723282662,133.85565261635008,132.48892363756508,133.19552612304688,13813500
2023-06-20,132.5912271694313,132.9538279509158,131.1315174934463,132.516845703125,8428600
2023-06-21,132.8608503119899,133.90217667494477,131.7358643045841,132.3216094970703,9926500
2023-06-22,132.31229907643169,132.58193366281853,129.18834845257769,129.7740936279297,10075200
2023-06-23,128.80716441468397,129.40220202550213,127.95179873580885,129.09539794921875,9919500
2023-06-26,129.11395792287587,130.1738689072679,128.0168633016688,129.41148376464844,8429700
2023-06-27,129.2348450460071,130.0158291939676,128.80715514394416,129.42079162597656,8154000
2023-06-28,129.3836156345039,129.43010582894865,128.26792190190724,128.85365295410156,7558600
2023-06-29,130.22970063811232,133.47450937436494,130.02515511363134,133.3536376953125,15423200
2023-06-30,134.4414279986358,135.74306818320116,133.5674635089359,135.222412109375,14212800
2023-07-03,135.91974956577747,137.11911724800308,135.74309532252184,136.31024169921875,8021600
2023-07-05,135.68301845141943,136.14171413854416,135.14006000089324,135.4021759033203,8934900
2023-07-06,133.88565490395533,134.23201930820707,132.4065640524601,134.0635223388672,9709500
2023-07-07,134.7187774160945,136.52550555928698,133.8668937548906,135.12130737304688,8981500
2023-07-10,135.2710974449543,136.6659395090326,135.2710974449543,135.87957763671875,9100100
2023-07-11,136.99358365726889,138.37906960740568,136.4038300805188,138.00460815429688,11260900
2023-07-12,138.03269855763006,140.29813690742736,137.61144189846328,138.68798828125,11323200
2023-07-13,139.20287398923173,139.83008093340652,138.3135511365733,139.3620147705078,11234900
2023-07-14,141.870843043834,143.12525681027427,138.93138839786866,140.20452880859375,27028400
2023-07-17,140.74748954065532,143.93033347784979,140.74748954065532,143.58396911621094,17262400
2023-07-18,143.58396870813758,144.5388133160355,143.05973693495963,143.84608459472656,13491700
2023-07-19,142.99422364567243,145.29711562742418,142.49807461798855,144.39842224121094,12510000
2023-07-20,144.66054822938762,146.58897881588481,144.54821690489194,146.1770782470703,9935900
2023-07-21,145.84939849751257,146.16768001485138,144.81029119211755,145.05368041992188,10636400
2023-07-24,145.07241030562304,148.64842793429298,144.84773343199822,147.9088897705078,14381400
2023-07-25,147.25359971580744,147.6467735305015,145.99918598070113,146.80426025390625,9944700
2023-07-26,146.70130707753685,148.14294461366953,146.29876273861433,147.68423461914062,8728600
2023-07-27,147.69359033815113,148.63907877636402,145.61537558273733,146.05535888671875,10778400
2023-07-28,147.23489895405842,147.53446817081576,146.44855118644014,146.88853454589844,9103800
2023-07-31,147.14124846387747,149.2007506770254,147.11316564135666,147.87144470214844,8892700
2023-08-01,147.37531422371853,147.90891653855547,146.17706591601933,147.1412811279297,6853900
2023-08-02,145.6247296556844,145.74643141841656,144.1081999906907,145.47494506835938,8299400
2023-08-03,145.10050403286803,146.897876304198,144.4920237619121,146.36428833007812,6084000
2023-08-04,146.4110794314577,147.7216731631504,145.75578970773367,146.05535888671875,6209400
2023-08-07,146.59832234097993,147.62805928952613,146.59832234097993,146.7480926513672,7251800
2023-08-08,144.46393710846394,146.01790580284208,142.84441801525406,145.92430114746094,8623400
2023-08-09,145.40006893140463,145.58729252584976,143.66821854323672,143.9677734375,6277800
2023-08-10,144.5201072567677,145.51240519701045,143.31248860553254,143.75247192382812,5995100
2023-08-11,143.25631104053193,144.65115317660656,142.88186387000218,144.5856170654297,5180700
2023-08-14,143.799260884411,145.02559172184132,143.15332741205629,144.8851776123047,5044300
2023-08-15,143.08782964934886,143.48100350640703,140.6351532778257,141.19683837890625,10300300
2023-08-16,140.98153496964974,141.31854318067522,140.12028065372675,140.59771728515625,6978200
2023-08-17,141.24364197541,141.599362526,138.9220236528226,139.13734436035156,9953900
2023-08-18,138.21992597052116,139.95177640901298,138.0233461901272,139.45562744140625,8517500
2023-08-21,140.09216992550452,140.5134408185697,138.56628424091537,139.9330291748047,8327000
2023-08-22,139.7271029659488,140.0828378134794,136.53490265589448,137.0310516357422,9673300
2023-08-23,137.00296480788273,138.16375969245578,136.16980765056223,137.9578094482422,7858000
2023-08-24,138.07949613762864,139.8675120243072,137.60207386958209,137.8267364501953,6534000
2023-08-25,137.87357059987212,139.12798451368934,136.53490820324166,137.65826416015625,6695500
2023-08-28,138.14505161734553,139.11862293308627,137.73315111613948,138.13568115234375,5094100
2023-08-29,138.27609058280225,139.34328069655484,137.77992738593437,139.25901794433594,6337000
2023-08-30,139.12795470612008,139.62410359982832,137.78929259629226,138.6973419189453,6277300
2023-08-31,138.79096610726893,138.87522886814105,136.63787329971225,136.98423767089844,10933900
2023-09-01,136.75956054270785,138.62246891114418,136.3944695270514,137.4429473876953,7903500
2023-09-05,137.76121698537963,138.74415864513009,135.74852419936798,135.9263916015625,7854700
2023-09-06,135.45833292470454,136.24468058187983,134.9060183286584,135.7017364501953,8629200
2023-09-07,134.92474171145767,135.9919318730385,134.2319987249338,134.54092407226562,8373700
2023-09-08,134.21327851187928,134.91537771193597,133.53926213708527,134.64390563964844,7107900
2023-09-11,135.50511458826145,135.78595706083672,134.51281689817148,135.233642578125,6854200
2023-09-12,135.27112644775508,137.91102656774117,134.84986974127222,136.9936065673828,8363200
2023-09-13,137.92972395420438,138.26673213964824,136.50681320165899,137.0591278076172,8325900
2023-09-14,138.39779297567569,140.3262231887897,138.09823807360453,139.71774291992188,10034900
2023-09-15,139.4088070236676,140.16707182842225,138.83776580409716,139.3058319091797,19863400
2023-09-18,138.6973598429271,139.61476546325227,138.31354218596897,139.59603881835938,6512400
2023-09-19,139.95175402826723,140.1577042404797,137.80801772654655,139.41815185546875,7943400
2023-09-20,140.09218487834835,140.65386993955852,138.67863032943688,138.8284149169922,7332000
2023-09-21,138.15442374210164,139.34331591065376,137.26510080327012,137.74252319335938,8052400
2023-09-22,137.88292580761203,138.0888760647545,135.9170564679509,136.4225616455078,7071700
2023-09-25,136.06685105771544,137.1621242596877,134.52222401576978,137.09658813476562,7044700
2023-09-26,135.36473393604743,136.52552882591283,135.0183552777935,135.67364501953125,7468400
2023-09-27,135.91707613789373,136.7595896504992,135.28049862798795,136.46939086914062,6717800
2023-09-28,136.93741122131527,139.36199008748372,136.68465153852856,138.1637420654297,8868100
2023-09-29,139.10929052137706,139.2590608602964,135.6081499471453,135.7579345703125,11917800
2023-10-02,135.58002056869492,136.31955867978297,133.520532702074,134.5877227783203,9170600
2023-10-03,134.0541240888714,134.41921506435102,133.25842031372002,133.59542846679688,9431100
2023-10-04,134.0447954716826,134.30691139083365,132.8652595512566,134.194580078125,8128700
2023-10-05,133.94939154112294,134.94902600061062,132.80832123107882,134.76040649414062,8576200
2023-10-06,134.7698235091785,137.57065291285397,134.04367882202118,136.8350830078125,10270600
2023-10-09,135.47710521963256,137.11798531189535,135.32621539355333,136.5238800048828,6964900
2023-10-10,137.13681890719138,138.4099281416334,137.00479393684975,137.3537139892578,11288800
2023-10-11,138.16476653612236,138.8437563954765,136.75964633550754,137.8252716064453,8698200
2023-10-12,137.96671807007812,138.58912775754237,136.86336329119763,137.50462341308594,10484400
2023-10-13,140.04138982618178,144.38880324418298,139.41898019566213,139.5698699951172,29427000
2023-10-16,140.93729128323395,141.00331097441395,138.36279673046786,139.42843627929688,12663500
2023-10-17,139.164392858932,140.80527293299247,138.428808562367,139.1266632080078,11482700
2023-10-18,138.24019813274663,139.07950296279404,137.0896884480104,137.59893798828125,9620300
2023-10-19,137.1934163017745,138.64570554852048,136.62760109586821,137.0142364501953,11143600
2023-10-20,136.33527520394097,136.87280042471613,134.02481610747344,134.8075408935547,13332900
2023-10-23,134.7981121972243,135.49595244442185,132.71398789413,132.96861267089844,10133400
2023-10-24,133.14777107218316,133.6570061539827,132.36504643247912,133.12890625,8881400
2023-10-25,132.5630851341918,133.13832548331752,131.56345105841095,132.4027557373047,8242600
2023-10-26,131.79925438901847,133.6004640945183,131.4880494878342,132.74229431152344,9109400
2023-10-27,131.03538725912878,131.17685187363318,127.48956252277439,127.9610824584961,17434700
2023-10-30,128.66833915982525,130.17719404826093,128.29111464548342,129.59251403808594,9855500
2023-10-31,129.86600415268222,131.3088537506683,129.63966944313077,131.13909912109375,9672500
2023-11-01,131.3182952427371,132.52538506399418,130.58272533258497,131.0259552001953,9432000
2023-11-02,132.1104404141124,133.42126514351625,131.29942562105097,133.36468505859375,10186200
2023-11-03,134.09081544854737,135.5808198813388,133.7701854083583,134.85467529296875,9538700
2023-11-06,135.01501448146942,135.9769191638664,134.65665473143704,135.87318420410156,7625100
2023-11-07,135.33563951339102,136.04291937904668,134.68495412429016,135.80715942382812,6297900
2023-11-08,135.90147545372747,136.58989052573705,135.43938073983261,136.4767303466797,7618200
2023-11-09,137.15570184261244,137.3537321294573,135.5148075176755,136.07119750976562,7992500
2023-11-10,136.68417450960825,138.13644929586334,135.87315980335984,138.08929443359375,7983300
2023-11-13,137.40088871139884,137.91956345188186,136.89165357778936,137.47633361816406,6676300
2023-11-14,138.32508855394224,140.74870805529184,138.17421310287918,139.98484802246094,9927700
2023-11-15,140.00369511859856,141.60685990157586,140.00369511859856,141.21078491210938,8365300
2023-11-16,141.54085989271647,142.89883969668293,141.54085989271647,142.82339477539062,8126200
2023-11-17,143.53063156096295,144.1530411822149,142.90822193971096,144.11532592773438,7812400
2023-11-20,143.41747800515745,144.99235256315117,143.26658820100812,144.5585479736328,7019000
2023-11-21,144.47366999047435,144.87918451834597,143.87956480214766,144.25677490234375,7083500
2023-11-22,144.6717431305955,145.11497299989654,144.19078361006055,144.59629821777344,5174500
2023-11-24,144.84148165087916,145.6430712490366,144.54914161073685,144.79432678222656,3496900
2023-11-27,144.69058425026378,144.78489398263042,144.01160885787445,144.46426391601562,6259100
2023-11-28,144.492561524212,145.10553164775902,144.02104161697716,144.79432678222656,6582700
2023-11-29,145.3884426243466,146.76528704849733,145.22812758688474,145.5299072265625,9126100
2023-11-30,146.08629666666795,147.2368063564752,145.5864867313831,147.1896514892578,9869800
2023-12-01,146.94449690797094,148.86829213988037,146.94449690797094,147.90638732910156,8916000
2023-12-04,147.13308553656773,149.04745533437793,147.0010605294652,148.99087524414062,9607500
2023-12-05,148.3024355246939,149.47181007082003,148.02896031089793,148.9720001220703,9135600
2023-12-06,149.79244482122945,150.15080456532945,147.11421512755064,147.40655517578125,9366000
2023-12-07,147.76489655598155,148.34957657978003,147.25564704716516,147.85919189453125,8130900
2023-12-08,148.30243749266455,149.73586205376884,148.038387493204,149.4906768798828,7369400
2023-12-11,149.4906786018212,150.22624852159782,149.14174407807883,150.0376434326172,8093900
2023-12-12,150.16021020801867,151.4993248802861,149.83015494063707,151.37673950195312,10223000
2023-12-13,151.376751172791,152.80073607591623,150.66947133004385,151.885986328125,12379100
2023-12-14,152.6121243164545,155.45066878084032,152.49896415125406,154.6490936279297,13643000
2023-12-15,153.79090619905173,155.8655905288681,153.14020654518885,155.8184356689453,20309300
2023-12-18,156.46916508532496,157.61024959807705,156.19568986918287,156.76150512695312,8469600
2023-12-19,156.5445970162341,158.87390632782794,156.12023201068527,158.85504150390625,10345700
2023-12-20,158.42125778345093,159.76037254396365,156.9689684644074,157.0632781982422,10734700
2023-12-21,157.3367577550905,158.5155575124074,156.24282812678547,157.95916748046875,7601700
2023-12-22,157.95919317463583,158.6476083157881,157.70456835653653,157.86488342285156,6576300
2023-12-26,157.92144185918576,159.15682162146308,157.65737749239696,158.7984619140625,4683600
2023-12-27,158.27979105184372,159.8169504768574,158.03460589267718,159.7509307861328,6428600
2023-12-28,159.70377036247393,160.93915000069595,159.37370072936653,160.5996551513672,6320100
2023-12-29,160.3167620438129,160.96746179209865,159.96784193110983,160.41107177734375,6435100
2024-01-02,159.4585806314303,162.36314465626333,159.28884039116926,162.2782745361328,9977400
2024-01-03,162.07082435870566,162.24056461960868,160.6656898438769,161.57101440429688,9852300
2024-01-04,161.91259668017605,164.4839997839759,161.81770540051127,162.64321899414062,11972500
2024-01-05,162.70014174249383,164.51245797473024,162.70014174249383,163.459228515625,10066000
2024-01-08,163.22198486328125,163.54459197721235,160.82138369945125,163.22198486328125,11229900
2024-01-09,162.8424721796584,163.00377577413855,161.40022316605578,161.93157958984375,9923600
2024-01-10,161.30534199467218,162.33010708122012,160.30904139844134,162.27317810058594,9670200
2024-01-11,161.6184608273202,161.6469253167498,160.01489369036094,161.58999633789062,11919500
2024-01-12,164.91099163359718,167.29261232317756,160.26159373589286,160.4039306640625,19436500
2024-01-16,156.43771030633505,159.49302439057672,155.8968705158976,159.3981475830078,17206400
2024-01-17,158.78137265631167,160.42290202843512,157.97485469273727,158.54415893554688,11107500
2024-01-18,158.57264041359542,158.96167443214202,156.78880288761584,158.8572998046875,9382300
2024-01-19,158.98065280488078,161.84619886256158,158.53468981159222,161.5994873046875,13115700
2024-01-22,161.7418034738899,163.1840524158629,161.03016233915122,161.40969848632812,12837500
2024-01-23,160.99219920582442,161.06810933054288,159.8251118048267,160.34698486328125,8360800
2024-01-24,160.69806067066273,162.26366540807356,160.22363323770475,161.77975463867188,9967100
2024-01-25,163.49718747582935,164.142416344373,162.1687963911467,164.094970703125,8873500
2024-01-26,163.7818586219111,164.20884046709205,162.99430725137032,163.46873474121094,7443000
2024-01-29,163.4307461013977,164.00005026001583,162.53882032668415,163.8956756591797,6971200
2024-01-30,163.99059082342822,167.71958355620103,163.99059082342822,167.25465393066406,10822100
2024-01-31,167.18821111627943,169.1808119667958,165.42334062759713,165.44232177734375,11521800
2024-02-01,164.7591499982318,165.89777288401743,162.6621744802231,164.84454345703125,9354800
2024-02-02,164.4365557087008,166.82767409091414,164.39859340512308,165.7934112548828,8607600
2024-02-05,164.96794390248368,166.13503159067318,164.07601781553032,165.57521057128906,7820200
2024-02-06,165.6795413976579,166.87509326368186,164.87300900590824,166.1444854736328,6764800
2024-02-07,166.70430734707855,166.87509426680478,165.0627925456374,166.4575958251953,7225500
2024-02-08,166.04961611663302,166.34375883435635,164.69276048884402,165.85984802246094,6060300
2024-02-09,166.04961395288615,166.14450523792445,164.78763514943896,166.05909729003906,6296700
2024-02-12,165.8408864538302,167.76706106997665,164.81612125023253,166.79922485351562,8539300
2024-02-13,166.35324093999716,167.21668785869483,163.79132123629455,165.34744262695312,8397600
2024-02-14,166.11602396443158,167.09334329239704,165.49925963075256,167.02691650390625,7056700
2024-02-15,167.14076082984667,170.99312333219834,167.14076082984667,170.67050170898438,8723400
2024-02-16,170.42382695213206,170.77489862748652,169.04799026069725,169.8734893798828,8152600
2024-02-20,170.02529871425853,171.23034839812226,169.28519310769673,170.5376739501953,9668000
2024-02-21,170.7464483434242,171.73326561657646,169.38959269081207,171.64785766601562,7024000
2024-02-22,172.52081000181218,174.0389691999663,171.970472406029,173.70687866210938,9296500
2024-02-23,174.40903255823818,175.72794040887263,173.8207471003428,174.579833984375,7105800
2024-02-26,174.3520779572995,175.02577126846347,173.14702824890108,173.98202514648438,7145400
2024-02-27,173.93458948194154,174.15282205509578,172.91932226723353,174.0674285888672,5717100
2024-02-28,174.0484663009059,175.7279437106466,173.60251776947524,174.94989013671875,6131600
2024-02-29,176.16439390725577,176.89500171310078,174.4469689552258,176.54393005371094,9643000
2024-03-01,176.20234267897524,176.90450047991027,175.63303845622815,175.8133087158203,6311800
2024-03-04,175.263016858248,177.99570946655217,174.8455183335183,177.1322479248047,7063600
2024-03-05,176.82860632723535,179.61824215364595,176.82860632723535,178.90660095214844,6617800
2024-03-06,179.5708085749355,180.34887662379856,178.03366810951513,179.83648681640625,7572900
2024-03-07,180.19703992745502,180.75686085108097,177.08479697238374,178.26136779785156,7618300
2024-03-08,178.80222458380084,180.71891558839314,178.3088159683026,178.59347534179688,6172200
2024-03-11,177.70152818428755,178.80220324195417,176.69574439925185,178.6598663330078,5762600
2024-03-12,179.28611974419184,180.43424047505954,178.2993170776544,180.13059997558594,5708400
2024-03-13,180.62402184480607,181.92394844272968,180.1306132360268,181.59185791015625,7795500
2024-03-14,181.25974046676782,181.82905916695464,177.53074786350967,178.3562469482422,10310900
2024-03-15,176.94244522461395,181.17434415077483,176.94244522461395,180.56707763671875,17214200
2024-03-18,180.88020701359716,182.84432904958828,180.17804920335632,182.80638122558594,9013800
2024-03-19,182.85383525818784,184.01142492310007,182.54071140188407,183.8785858154297,8478700
2024-03-20,184.25813215855158,186.50691359955096,183.70779458867116,186.28868103027344,9367000
2024-03-21,186.4689435734579,189.23009995235682,186.28865885050274,188.8790283203125,11203800
2024-03-22,188.83158992418737,190.22640764871292,186.48791739268526,186.56382751464844,8108800
2024-03-25,186.54488715000187,186.86749435505874,184.41944687042397,184.85592651367188,8620000
2024-03-26,184.63765120490154,186.6017875814552,184.1347593214929,185.71934509277344,5961500
2024-03-27,186.45000563256713,189.3914618944576,186.33614766678855,189.3155517578125,8725800
2024-03-28,189.2870482189171,190.45413556252706,188.38562458119483,190.0556182861328,8628300
2024-04-01,189.76149830319193,190.66290757030683,188.41412607095276,188.76519775390625,7309000
2024-04-02,188.24332231873962,189.56223004560812,187.9491796173942,188.6892852783203,7014700
2024-04-03,188.8600718225351,189.353480421599,187.5886097387711,188.15792846679688,9353400
2024-04-04,190.06668194049317,190.57250726060758,186.63088813761217,186.726318359375,9243800
2024-04-05,187.21305775446814,189.0836531185968,186.21094581369908,188.4442138671875,6532300
2024-04-08,188.60648563767035,189.90445619693176,188.60648563767035,189.42726135253906,8001000
2024-04-09,189.03597982912675,189.80903317635733,186.02010480291608,188.15792846679688,7351500
2024-04-10,186.63090309212447,188.0815794697576,185.32337934002095,186.55455017089844,7681400
2024-04-11,187.0603664982784,187.60437557468177,184.4262563759214,186.516357421875,10137700
2024-04-12,179.73068483719993,180.31284860479283,174.2142986804954,174.45289611816406,31532300
2024-04-15,176.08490791538944,178.90990796764004,173.8898085897857,174.54833984375,14766600
2024-04-16,174.55785940954902,174.8060100362722,171.45609307815093,172.55364990234375,16451800
2024-04-17,173.09765717367875,174.0997692825039,171.02663324895016,171.8665008544922,9017100
2024-04-18,172.83995591100177,174.99687108359075,171.76149104329275,172.9831085205078,9557700
2024-04-19,174.08065863681227,177.40194495717884,173.1358222453055,177.32559204101562,13402300
2024-04-22,177.50692442058224,181.45809672584136,177.49737120450726,180.77093505859375,11529700
2024-04-23,182.4124756254026,183.4622953712603,181.8302974292818,183.37640380859375,9144400
2024-04-24,181.83984793750034,184.4166969253009,181.49626710160496,184.27354431152344,6964900
2024-04-25,183.48141172959566,185.0943325814848,182.46020780549338,184.55032348632812,9802300
2024-04-26,184.74122414056745,185.9819191199223,184.25447606565834,184.6648712158203,6413700
2024-04-29,184.65529150697463,185.39971421292185,183.653179537329,184.46441650390625,5387800
2024-04-30,184.01587936793962,186.0964565277787,182.8992451443853,182.99468994140625,8153700
2024-05-01,183.50049513128624,185.5906107156563,182.08798801756038,183.10919189453125,7445300
2024-05-02,184.2640125734771,184.67439312359332,180.87592647957385,182.91831970214844,6501700
2024-05-03,183.2428314886118,183.7486568896736,179.86429819068653,181.82078552246094,8922800
2024-05-06,182.98510858949157,183.43367285342538,181.16223557444755,183.2427978515625,7911100
2024-05-07,182.95650428655827,184.13039955093174,182.90878188854626,183.0042266845703,7688800
2024-05-08,182.28841256959262,187.6807079539802,182.28841256959262,186.726318359375,9227600
2024-05-09,186.26824403253585,188.57786545857692,186.2014443233279,188.49197387695312,7977300
2024-05-10,189.48452041598773,190.24803507157247,189.22684568795714,189.70404052734375,7529800
2024-05-13,189.7326620428204,190.734774070511,189.00731660118564,189.6658477783203,7049200
2024-05-14,189.9235483988948,192.385875547787,189.121864553999,192.31906127929688,8596200
2024-05-15,192.79626357615743,193.44525616341704,190.65843990714103,192.89170837402344,8370000
2024-05-16,192.99666261404684,195.15357782872618,192.77715708757773,193.23526000976562,8497900
2024-05-17,194.51414986383685,195.69759825802052,193.55976022547813,195.44944763183594,9260500
2024-05-20,195.06771712380632,196.48976306989658,186.4877481736679,186.6595458984375,17373300
2024-05-21,188.0147793513531,190.78250378063117,187.6330292793257,190.4198455810547,14420800
2024-05-22,189.92354585608186,191.77506416081215,188.6732977083887,189.2650146484375,9425300
2024-05-23,188.78782176676148,189.25547795628643,187.12719303061385,187.93841552734375,8069400
2024-05-24,188.73055741751145,191.6032650842563,188.54922104999036,191.55555725097656,7356200
2024-05-28,190.74432244521444,191.26923968293062,189.59905773927144,190.40074157714844,6910200
2024-05-29,188.9691437571096,189.91399471851386,187.90977070201868,189.07412719726562,6120000
2024-05-30,189.50359554891975,190.7347662809771,189.35088971872463,190.2384796142578,6829100
2024-05-31,190.20986585230213,194.02742456659686,189.3031985702233,193.3879852294922,14417900
2024-06-03,193.0825555190675,193.18753895642425,190.1048646599734,192.6149139404297,6444300
2024-06-04,191.0306378288864,192.7676194373073,189.2363806080914,190.0762481689453,6848300
2024-06-05,190.6488832103386,190.70615882571187,187.9384199292547,188.26290893554688,8351600
2024-06-06,188.2628911546147,188.9882365858564,186.4209261786032,187.92886352539062,7640300
2024-06-07,188.42514935958465,191.75597461770602,188.024307437637,190.83021545410156,6964500
2024-06-10,190.15261775965763,191.67963261173603,189.38910305220256,190.5057373046875,6070800
2024-06-11,188.8832644889089,188.9118950141953,184.7698473106833,185.49517822265625,9235300
2024-06-12,187.0603890501278,187.74755082799157,182.5842988392324,182.7942657470703,12751300
2024-06-13,183.54823918155475,185.70515472071864,182.17391564540972,184.82711791992188,8587800
2024-06-14,182.71790538052034,185.97237775666235,182.68927485451107,184.94163513183594,6874000
2024-06-17,184.6553142600554,186.65953844630556,183.85363041068777,186.08689880371094,8725400
2024-06-18,185.72425613061853,188.93100635869416,185.2756917711234,188.01478576660156,9023000
2024-06-20,187.4325744032568,190.35300427166862,187.1653464782276,189.60858154296875,8731100
2024-06-21,187.73799820567726,188.17700929825324,185.36156268713378,187.34669494628906,20972100
2024-06-24,188.78781706567207,190.14304864072443,188.1102085595612,189.80902099609375,9785900
2024-06-25,189.05504227358247,190.94474426582192,188.72101463378038,189.0359649658203,6862500
2024-06-26,188.44424751166255,188.91190371760356,187.3276132855566,188.42515563964844,7758600
2024-06-27,188.43471002085207,190.74433141255324,187.91933141310852,190.08580017089844,7913500
2024-06-28,190.88747429822308,193.35935463256504,190.20986578187188,193.03485107421875,15307600
2024-07-01,193.58841832722447,197.64457486806845,193.41663515800704,196.07937622070312,10205800
2024-07-02,195.92661354592389,199.3337910423614,195.4303414924302,199.30516052246094,7802900
2024-07-03,199.99237611377828,200.78452135813035,198.1790268412077,199.17160034179688,5560900
2024-07-05,198.64377422771068,199.0084419463454,196.27336816071954,196.532470703125,8093100
2024-07-08,196.7723624234459,198.55736401431693,195.74551462114852,196.89712524414062,8707000
2024-07-09,197.33857869799746,201.30203861673223,197.16582905485706,199.2579345703125,9058900
2024-07-10,197.82804290048543,199.58425558028438,197.2906255075793,199.42111206054688,8328500
2024-07-11,197.89521368869632,199.70900458588088,197.09867916383936,199.085205078125,10658100
2024-07-12,195.77430721941593,199.08519330986306,193.9509249213505,196.67640686035156,15443400
2024-07-15,198.83568835973134,203.07746338803915,198.3846385255346,201.5803680419922,10719700
2024-07-16,201.5323790339862,205.12158000845062,199.6897990400412,205.00640869140625,11557000
2024-07-17,205.17914727979345,208.78753107622654,204.670519141144,208.12535095214844,11572500
2024-07-18,206.93537311360464,207.90464262796732,200.80303124118646,201.51318359375,12415100
2024-07-19,202.68398424570762,203.78762269683403,200.49591964655664,201.3212432861328,8095900
2024-07-22,201.97383607849395,203.61487723988253,201.25407758649305,201.80108642578125,7663200
2024-07-23,202.5112707886033,202.95271450120742,200.90861016610094,201.84909057617188,5557300
2024-07-24,201.10054238495405,203.4805398970385,199.6802229423339,200.1792449951172,7119000
2024-07-25,200.23681430218042,201.71472666285024,199.66101627259542,200.25601196289062,6403800
2024-07-26,200.8030338162583,204.56496989068702,200.20802348732903,203.68206787109375,8027800
2024-07-29,204.0755227146991,204.99682004630137,202.0602076823259,202.34811401367188,6533600
2024-07-30,204.63213201184072,207.08890530291896,204.37302950002504,206.5131072998047,8850700
2024-07-31,206.11965617262393,207.66473846208044,204.09473484474648,204.21949768066406,9071600
2024-08-01,204.6033650548551,205.20796693510616,198.05836812142135,199.5746612548828,10918600
2024-08-02,195.6591542348571,196.41729340747878,188.95099978059565,191.1102752685547,18041700
2024-08-05,186.22554214958782,188.2600550784406,183.20254728490596,187.041259765625,13927000
2024-08-06,187.5210898263343,194.4307836748442,186.17754637997143,192.26190185546875,10605800
2024-08-07,195.30407255531497,197.4537566355557,192.12754058739833,192.31947326660156,9204400
2024-08-08,194.30600938741946,196.64762609323657,193.65342072084405,195.83189392089844,7761200
2024-08-09,195.26570304351597,198.14473732678184,194.71867950080318,197.5017547607422,5540200
2024-08-12,198.08713740933766,198.78769824177664,195.44802293711754,197.87600708007812,6936000
2024-08-13,199.35391161147854,199.6993962854889,197.11786006073427,199.55545043945312,6387800
2024-08-14,199.36353061795853,202.26174789086065,198.76852024775556,201.76272583007812,6999800
2024-08-15,204.41144308904532,205.26555604485006,202.58806048697608,203.01991271972656,7001000
2024-08-16,203.15426596466205,205.45748762244867,203.05829229411836,205.3423309326172,7931200
2024-08-19,205.37113433676603,206.83944080797195,205.19839929004874,206.76266479492188,6090800
2024-08-20,206.33075850164272,207.29043644816198,205.06397658334606,205.8701171875,5640000
2024-08-21,205.78375651861572,206.33078003410972,204.25787193885594,205.94691467285156,5202300
2024-08-22,205.92770721801395,208.05819355178016,205.6973792260983,207.89505004882812,5247100
2024-08-23,208.82594575716917,210.3518303146011,207.770294063869,209.50730895996094,7214000
2024-08-26,210.17908959536388,210.82207214735465,209.25780684522277,210.3326416015625,5105200
2024-08-27,210.6589278507846,211.5322384088343,210.3518384830516,211.30191040039062,5185200
2024-08-28,210.40942013221067,213.25007370690733,210.35184179007584,212.36715698242188,6506400
2024-08-29,213.19246805291826,213.98900257334432,210.1119097835547,213.25006103515625,6416100
2024-08-30,213.5283638010213,216.38820025870874,212.981340289583,215.73562622070312,8574100
2024-09-03,213.336424500989,215.06384784728323,210.39981213405102,211.4170684814453,8956100
2024-09-04,212.12721670145393,213.11569850429112,208.4516628819831,210.48617553710938,7389500
2024-09-05,211.27311444323652,211.8969139547451,207.31924560820755,208.854736328125,8067900
2024-09-06,208.82594829731795,209.91998068208017,202.57843485706223,203.89320373535156,7777000
2024-09-09,206.51312105129102,209.35375986693387,205.54383685302398,208.0677947998047,8935100
2024-09-10,209.78563367537953,209.82401435534237,192.52101978319223,197.27142333984375,28406900
2024-09-11,196.97391086092546,199.3251190484655,193.6918138354718,198.8740692138672,13658700
2024-09-12,199.27715101962826,200.3615919553569,196.62844474311245,198.26950073242188,9054400
2024-09-13,198.5190120847975,199.4690986741892,194.833851700199,196.08143615722656,10226700
2024-09-16,197.5305381683303,199.81457665233654,197.30021016072058,199.4786834716797,8634900
2024-09-17,199.35392255393126,201.46521139164926,199.28675270326914,200.81263732910156,7573300
2024-09-18,200.58230673818105,202.81835838288768,198.36545275492742,199.1619873046875,8259900
2024-09-19,201.32123983612308,203.3653585622174,198.9796232875222,201.99301147460938,11635200
2024-09-20,201.46518498073377,202.89511039766174,201.05253049119437,202.5784149169922,20885000
2024-09-23,202.49207645675105,203.25982185543435,201.52280686007273,202.91433715820312,7223500
2024-09-24,202.63601263414566,204.3634360377964,201.88746493315114,203.0582733154297,7323200
2024-09-25,203.1446478984502,203.68207992104146,200.19844382266885,201.71473693847656,8976500
2024-09-26,202.61681440246963,203.16382323049552,200.58228714937277,201.3212432861328,7807500
2024-09-27,202.1561834046356,203.87401538274102,200.88941594295318,202.01223754882812,7032500
2024-09-30,197.9911588584064,202.45367018723,196.98349406521893,202.35769653320312,8663800
2024-10-01,200.47672835038065,200.6590695133516,197.87600917065313,198.6917266845703,8540100
2024-10-02,198.73014693766058,200.52474033695253,197.39619493599187,198.93167114257812,5810900
2024-10-03,197.85681157736644,198.16391556637382,196.10059907948147,196.9547119140625,7251300
2024-10-04,202.09148689963916,204.37985684800876,199.78380164736595,203.9453582763672,10211700
2024-10-07,203.76190602752735,205.98269458084312,202.46806055788844,203.66534423828125,6718900
2024-10-08,203.32741862551052,204.0515878849043,201.20319174460775,203.49156188964844,6021800
2024-10-09,202.47769976692018,206.8613454534999,202.1687285781039,206.069580078125,7024000
2024-10-10,207.4117504068459,207.4117504068459,204.18678651006365,205.5095977783203,7927100
2024-10-11,208.2421134569088,216.89352881613823,207.74968365741609,214.6341094970703,18320700
2024-10-14,215.51278305488955,215.99556259342347,211.34157550325287,213.85202026367188,9048900
2024-10-15,215.95691583331498,217.68525985149523,214.18029092153253,214.73065185546875,9235800
2024-10-16,214.67274209136121,215.97623794909032,213.42716268516796,215.9376220703125,6382500
2024-10-17,216.54590691604216,218.0714918044211,215.61896385393163,216.69073486328125,6470200
2024-10-18,217.25074963533817,218.13906204363374,215.4161936428324,217.60800170898438,7000500
2024-10-21,217.46318311378727,217.92664727427885,215.22307932710135,215.31964111328125,5870000
2024-10-22,215.33897121583806,217.52112924082374,213.48509971320877,216.4010772705078,9586800
2024-10-23,215.9569048592029,217.05764140440024,214.8658185989315,215.71551513671875,6180500
2024-10-24,214.18995560232,217.3087070595921,214.02581233964898,217.23146057128906,6002200
2024-10-25,217.25076784703845,217.84940969268465,213.2726696126605,214.65341186523438,6369700
2024-10-28,215.65762021512975,217.86874396216535,215.2713877542694,217.7335662841797,6843000
2024-10-29,217.45353704067085,218.9404913371286,215.1361867268046,215.22308349609375,6580000
2024-10-30,214.87548602178538,218.5156474524891,213.94855766414204,216.68109130859375,7110900
2024-10-31,216.96109290971893,217.91700157327347,214.18029315501,214.27684020996094,7829900
2024-11-01,215.86034529447858,218.36113930912322,215.02996405127206,215.26170349121094,6923500
2024-11-04,214.98169019005127,216.0534611932713,211.6215492339804,212.21054077148438,8229600
2024-11-05,212.45194122469928,214.3154777176928,212.42297563395553,213.86166381835938,5600700
2024-11-06,226.90638517270114,239.4586532886378,226.68431070827114,238.551025390625,23987800
2024-11-07,236.07916456872846,236.14676076756385,227.11877864228583,228.23883056640625,16451100
2024-11-08,231.09689618425554,231.09689618425554,227.65950837276299,228.81817626953125,9502100
2024-11-11,231.734167897953,233.76184776036473,230.76860886504485,231.04861450195312,9017100
2024-11-12,232.26521962387952,233.14388184693877,230.53686076900374,231.30931091308594,6861000
2024-11-13,232.29419152794952,235.68329839480197,232.0334864664189,232.85421752929688,11472600
2024-11-14,234.0707942453307,235.87638473135124,232.74798322472824,233.53973388671875,10172200
2024-11-15,233.1438739185833,237.93303812916133,233.1438739185833,236.86126708984375,11518800
2024-11-18,239.22689914149407,239.39104240803502,234.32185751806605,236.59092712402344,9051400
2024-11-19,233.90666165823853,236.70677679200912,233.2307733224933,234.7177276611328,6792700
2024-11-20,235.9826082126915,236.1853820806055,230.42099380614764,232.48728942871094,9015300
2024-11-21,234.85289619986844,237.0350688275059,233.77147490470944,236.3302001953125,8783500
2024-11-22,235.21983634263424,240.56902689654652,234.65981033615955,239.9897003173828,7997300
2024-11-25,240.99386567944467,245.55130530795057,240.4821205914916,241.6697540283203,10295400
2024-11-26,241.86287360225722,242.35530337685785,239.78691296046713,241.36077880859375,6212100
2024-11-27,240.76213237626226,242.53875732525523,240.20210641192003,241.1869659423828,5472300
2024-11-29,241.25456243074825,243.09878358106323,240.8586797210085,241.119384765625,5494800
2024-12-02,240.9552533116239,241.63114167034325,236.59092247162565,237.76890563964844,8899700
2024-12-03,239.68069795223073,240.4627983571973,236.20469451535047,236.38815307617188,6657700
2024-12-04,236.2722736572103,236.89989581875426,233.8873418565162,235.0170440673828,7346300
2024-12-05,236.93850911465168,238.66685314495626,236.19502460109126,237.02540588378906,6572500
2024-12-06,237.2378514526948,239.20760013056864,236.40747009501496,238.84068298339844,5519700
2024-12-09,238.61858077940386,239.33308495141208,235.36463719813491,235.4129180908203,7076500
2024-12-10,235.49017580217017,239.42000786865495,233.87769409575165,234.4956512451172,9108300
2024-12-11,235.59637673776825,235.85708177176627,233.8390524294808,235.14256286621094,7884400
2024-12-12,234.63082916006218,235.692949917877,232.73832710066324,233.21145629882812,6113800
2024-12-13,233.7328537003409,234.36046110198654,230.90375841719614,231.67620849609375,10392700
2024-12-16,232.32313781366128,232.38106899290696,229.33956421642742,231.32861328125,9032000
2024-12-17,230.43065565931622,230.78792251755053,228.4802370347638,230.15065002441406,8083600
2024-12-18,230.7685845656322,230.8361807627836,221.62474030815744,222.43580627441406,11322400
2024-12-19,224.27039218428922,228.21952494296886,224.27039218428922,224.93663024902344,11790800
2024-12-20,223.93242666437249,230.97135955828864,223.61379044750802,229.41680908203125,32348400
2024-12-23,227.93950685968346,230.40167037895355,226.79048935961865,230.17959594726562,8611500
2024-12-24,231.18380004411736,234.13842316129805,230.83621292437365,233.96461486816406,3729100
2024-12-26,233.11489415476902,234.88186883103566,232.4969370056862,234.76600646972656,4451800
2024-12-27,234.36049582992294,235.0074186310496,231.7727898921543,232.86387634277344,5730200
2024-12-30,230.54650008911693,232.5451993283752,228.94366879713553,231.0775604248047,5723800
2024-12-31,231.78244913333967,233.1245756017034,230.7975747930278,231.45416259765625,4871000
2025-01-02,232.62244325967816,234.90116280245906,231.20307052950375,231.734130859375,9220900
2025-01-03,235.49019093770127,236.446099680159,231.98520694861776,234.9011993408203,9491100
2025-01-06,236.52196656413992,238.45335769508264,233.49386894399746,233.75592041015625,9917800
2025-01-07,235.00793797890452,238.03603585964578,233.8044559653357,236.00759887695312,8753400
2025-01-08,235.59998364793563,237.05580229045634,233.41625568415455,235.9687957763672,8675300
2025-01-10,235.9299526770056,236.62874677173156,231.70808773150114,232.80479431152344,10256800
2025-01-13,232.61069705427852,237.3372500960213,231.96043318189513,237.01698303222656,10005300
2025-01-14,235.5126164062056,240.4235751387901,235.05645875545392,240.18093872070312,12407400
2025-01-15,243.0246450469622,246.19833373301464,236.50257655181815,244.91722106933594,18448500
2025-01-16,246.51863391142942,249.46910144518222,244.89782419787434,246.7806854248047,15292300
2025-01-17,246.65449800073918,252.94363035716344,244.71340648745428,251.52664184570312,17678100
2025-01-21,252.4098466101375,256.46672083789156,251.85662841034198,255.28265380859375,13712100
2025-01-22,255.15646645827997,255.62233907134996,252.5845261978736,255.09823608398438,9021900
2025-01-23,256.89377150881944,258.999839319307,256.03968646138014,258.1166687011719,10749700
2025-01-24,255.92321545084891,259.2327800677332,255.26325143834285,257.0393371582031,7666300
2025-01-27,256.3890825417096,258.13605303558734,254.535336614133,258.01959228515625,7522300
2025-01-28,258.0195637615963,259.45595234973075,257.02958825496063,259.2715759277344,7375400
2025-01-29,259.3395063870375,262.7073011271936,257.78662735417487,258.7280578613281,7684900
2025-01-30,260.7177106689235,261.75620173432395,258.76690422515134,260.3294982910156,8753500
2025-01-31,261.3000250446993,262.8431891272981,259.09686738707205,259.4268493652344,7193800
2025-02-03,254.11799568005065,260.2712821624786,253.99184960482245,258.9513244628906,8381400
2025-02-04,261.8920349639185,261.8920349639185,258.97068307584,260.0480041503906,5626000
2025-02-05,260.9894115303653,262.668466021139,260.42647851599486,262.4646301269531,5704400
2025-02-06,264.42522935273706,268.8218008796745,263.20233210063896,268.744140625,7264400
2025-02-07,269.10318646976515,270.3454837389774,266.61859193134063,267.6764831542969,6857900
2025-02-10,268.01620681498275,268.0453220031556,261.64942897239877,263.0567321777344,8627400
2025-02-11,262.29968817500816,268.0841322055861,261.7173548361182,266.8903503417969,7196400
2025-02-12,266.0071803987953,268.3073988294126,265.2016404153094,267.33685302734375,6683900
2025-02-13,267.38535874167565,268.81206220355733,265.74513402635904,268.18121337890625,8398700
2025-02-14,269.20026178200214,271.0054922240324,268.30737630553097,268.4432373046875,5688600
2025-02-18,268.6082414686908,271.72368491952835,267.89001749911944,271.70428466796875,7919800
2025-02-19,270.18053227508295,271.9954480996811,269.0546956439582,271.02490234375,7007200
2025-02-20,270.47167738640707,270.52990776080935,257.9128132494212,258.94158935546875,13846700
2025-02-21,260.41687498668233,261.2709600914064,255.09827295553427,256.45703125,12835600
2025-02-24,257.6701845201146,259.13571809669986,250.9928249477685,253.64242553710938,10372800
2025-02-25,254.50621867157093,255.2535282245515,245.88776780849437,249.81846618652344,9608400
2025-02-26,249.5855472014318,253.22509374318383,249.36231101747035,251.16754150390625,5943600
2025-02-27,252.51656693419218,255.87467629942992,250.2648938568394,251.4198455810547,8204400
2025-02-28,253.05042685493686,257.0102408394051,250.2940802308907,256.8549499511719,10467100
2025-03-03,256.22406802064074,258.47574118143245,250.2261026277376,252.94361877441406,9058300
2025-03-04,247.76091803763094,249.6534940988536,238.70572440707394,242.8790740966797,13465600
2025-03-05,243.84961678618464,245.59660207726964,240.5303521377995,244.12136840820312,7861400
2025-03-06,240.80211481791196,242.0152970466892,236.66759511360632,239.27835083007812,9983200
2025-03-07,238.00692097749285,239.4530394207747,232.36805275623323,235.14381408691406,20498700
2025-03-10,229.25262520540508,230.5143228718976,221.96381691976234,225.38014221191406,18887200
2025-03-11,224.92399432932947,226.44775837890697,220.0130348377413,222.390869140625,18143000
2025-03-12,227.10769746005099,227.4182791975453,220.56621400526214,221.18736267089844,16054000
2025-03-13,222.54614892341084,222.74025511632564,217.62547474110963,218.5572052001953,16467900
2025-03-14,221.40089366257604,226.27303751626079,220.87680546916633,225.59365844726562,11962100
2025-03-17,224.37076354224342,228.72851937201781,223.67198421387434,227.03976440429688,9586000
2025-03-18,227.4182692780825,229.21376988809178,226.64182977756553,228.0491180419922,10344900
2025-03-19,228.79646520042016,235.19235827185224,227.9714953720013,232.06719970703125,10120600
2025-03-20,229.5923043813926,234.6391394103261,229.24290731273203,231.9701385498047,8328500
2025-03-21,230.8054781658387,235.16323383404452,229.53406562636874,234.51296997070312,19326900
2025-03-24,238.2495608050386,241.36501910335522,237.21108457850144,240.75357055664062,9422700
2025-03-25,241.96676910521467,244.40284852183765,240.32654434675553,243.73316955566406,9287700
2025-03-26,245.1598570425021,247.16887900045046,242.42291097853027,243.63609313964844,12779300
2025-03-27,242.18028645376282,243.25759285817858,239.89949795497841,240.8118133544922,8022500
2025-03-28,239.6665652294854,242.16086005777964,234.00828183952703,235.69703674316406,11978400
2025-03-31,232.35834612382078,238.61836283353372,230.36872450664094,238.07485961914062,13603000
2025-04-01,235.4737785376105,238.45336076216196,233.78503860127952,236.483154296875,8054700
2025-04-02,234.4838551459041,239.9674326166383,234.34797933558323,238.57955932617188,7758800
2025-04-03,227.36976405138714,228.2141341410838,220.60505877931982,221.95411682128906,17188500
2025-04-04,210.25535885692955,212.58925038559218,204.02513159690807,205.34344482421875,27170700
2025-04-07,200.9393169780438,216.83712407913987,197.41406528016333,209.40577697753906,22914400
2025-04-08,218.27262514065112,222.49120061794363,208.2437205687665,211.7787322998047,19485700
2025-04-09,207.5113154920403,231.9048767833682,206.04652973562588,228.83859252929688,24022400
2025-04-10,224.60047349209523,224.9422627815506,214.93289385418547,221.7783203125,18896400
2025-04-11,220.9971025358475,232.97905393688654,219.71785872027854,230.65492248535156,20284500
2025-04-14,231.53378705459363,234.1508635519738,228.14524845049638,229.20965576171875,13017800
2025-04-15,230.55727455130136,233.04739831448416,227.35427768752865,227.65699768066406,10912900
2025-04-16,226.55352634462056,228.09643576900157,222.5790672431111,224.21963500976562,9322300
2025-04-17,225.38170933973876,228.83859723978307,225.13757837531108,226.5144805908203,9557900
2025-04-21,225.21569525952322,226.36798622449223,221.02639969234494,223.61419677734375,8716200
2025-04-22,226.53399818903708,230.44986835764868,225.9383180454656,230.0592498779297,10701400
2025-04-23,234.5805730456871,240.99632733668028,234.36573659509583,235.22508239746094,14126800
2025-04-24,234.1118287364866,239.7073061190241,232.00253368423319,238.89678955078125,9055200
2025-04-25,238.9065648044329,239.85379417404548,236.07465147090528,237.8323974609375,8588600
2025-04-28,238.81867021795682,241.04514340247584,235.18600030625285,237.5101318359375,7394300
2025-04-29,236.50431250866183,239.49247309158469,236.01605058594708,238.87725830078125,7216800
2025-04-30,235.5473233123009,239.4631785682675,232.83257331348125,238.87725830078125,12991700
2025-05-01,237.1390391998316,242.6173383874093,236.48477003311547,241.09396362304688,8689600
2025-05-02,245.36137644120922,247.66597331622904,243.60364543700763,246.58203125,7165000
2025-05-05,245.28326687904956,249.1698427426024,244.7071213522389,246.63087463378906,5450700
2025-05-06,244.13095242759528,246.71873456309945,243.1544286178849,243.3985595703125,6369900
2025-05-07,243.98448584012095,246.5234388677099,242.98842735746476,243.5352783203125,8724100
2025-05-08,245.66411138304096,249.87292678022158,245.64457673393773,247.51950073242188,8320100
2025-05-09,248.52531868880288,249.51160240858812,246.41602360630893,247.13865661621094,5087600
2025-05-12,256.7281215958606,257.41170023099767,252.62673918846934,253.9450225830078,9603900
2025-05-13,254.90201286940857,257.4800500721763,254.27705311794927,256.8355407714844,8589000
2025-05-14,256.82577133737385,260.38033243913924,256.13244775146745,259.40380859375,8643100
2025-05-15,260.70254552918584,263.1926691597646,258.54443639594166,261.2103271484375,9214600
2025-05-16,261.2201279945288,262.1575825394603,258.495618128322,261.2787170410156,8932900
2025-05-19,259.31587533133506,262.02086524830315,255.78086405036862,258.66162109375,12145000
2025-05-20,256.35705189258454,260.3998752754938,256.14221543550514,259.44287109375,8436300
2025-05-21,258.1441113383442,259.41358054893016,254.60909941854277,254.9118194580078,7464000
2025-05-22,253.3493714264354,256.14221556877544,252.7927456326475,254.55050659179688,6514100
2025-05-23,250.78108627971244,255.8394726451303,249.9901043492613,254.5895233154297,6671800
2025-05-27,255.8883093139594,259.0717566921421,255.83946524243134,259.06201171875,7506600
2025-05-28,259.9897008471859,260.45844302460614,256.7281147573034,257.30426025390625,5535400
2025-05-29,258.58353340559717,259.17922851944735,256.3668347386543,258.16363525390625,5081200
2025-05-30,257.265230909512,259.10107079095377,256.56213251620557,257.80230712890625,10977700
2025-06-02,256.84526410102234,258.8080863604011,255.75156227727646,258.44677734375,6011200
2025-06-03,257.5386631607241,260.32173248111746,256.7086118716836,260.0190124511719,6998400
2025-06-04,259.67722274650265,260.8490334291481,257.9780510648975,258.0171203613281,5915700
2025-06-05,258.5249103385397,258.5249103385397,254.1989169051607,255.80043029785156,8173800
2025-06-06,258.12454195712064,260.39008449229345,258.056207934954,259.49169921875,7738100
2025-06-09,259.75531775168025,261.61070691825,257.1675357719009,260.4779357910156,8285000
2025-06-10,259.63816546492893,262.58725675736963,259.6088709415357,262.2943115234375,7538100
2025-06-11,262.37241483499554,263.2903496169879,259.5502764699578,261.8548583984375,7434100
2025-06-12,260.5951413369258,261.9915930968164,258.91554891738133,261.9427490234375,6618000
2025-06-13,258.8569035237761,260.75136199008546,256.5425469956405,258.72998046875,7098300
2025-06-16,260.731864186611,265.3508326588525,260.5853915714537,264.0129699707031,8566000
2025-06-17,261.87440467845437,264.2375756229939,261.51306583381086,263.19268798828125,6739300
2025-06-18,263.66144669321045,271.20021221292876,263.3880211997966,267.5284729003906,9586400
2025-06-20,269.1006625666469,270.79002961674195,267.3819711943445,268.5440368652344,13969700
2025-06-23,268.60264103465835,272.0106996489925,265.7218838292262,271.7372741699219,8094600
2025-06-24,273.6317365805569,276.0730461780452,272.94818777394573,274.6571044921875,9267900
2025-06-25,274.8914587952529,277.60619385702887,274.3153133103271,277.391357421875,6826900
2025-06-26,278.0163428990485,282.61576173740934,277.79173169250225,281.97125244140625,8942100
2025-06-27,279.10028187976,281.9224501380631,278.34836923641,280.3697509765625,17868600
2025-06-30,283.5825215764878,285.77970025058426,282.13728534359143,283.1040344238281,12689200
2025-07-01,284.0610273166312,284.2953834962509,279.86195702454677,283.59228515625,9338300
2025-07-02,285.1840583153917,285.945745792629,282.8989958836799,285.1449890136719,8158700
2025-07-03,286.66586822419856,290.8360888827844,285.74351114178125,290.443603515625,6541600
2025-07-07,289.70765491378785,290.4828336535378,284.63469143869315,286.4892272949219,8825700
2025-07-08,283.83990288185674,284.26185381377417,275.04810559551106,277.47174072265625,15440900
2025-07-09,281.7891623646238,281.8088060970764,277.1774068900867,277.8446350097656,11273800
2025-07-10,277.68760468940775,282.89792448782646,277.68760468940775,282.7801818847656,8410900
2025-07-11,280.16028588065166,281.9853860406829,278.3253938002881,281.4751281738281,7384700
2025-07-14,281.6812326297011,283.8693527089549,279.90521169280953,283.2806396484375,9079900
2025-07-15,282.5937831680985,286.46964738040805,280.121098345475,281.1709899902344,12526100
2025-07-16,282.9862680414337,285.2725470105113,277.6974624718264,280.4547119140625,9979800
2025-07-17,278.11937245969557,284.85058472552134,278.11937245969557,284.4580993652344,8509500
2025-07-18,284.08524890116877,287.0093204502985,282.8194857660448,285.8023986816406,12217000
2025-07-21,285.5374312562634,288.65773001934355,285.125302200427,285.50799560546875,7898100
2025-07-22,286.028104802118,288.1181262767324,283.75164751884756,285.95941162109375,6717500
2025-07-23,287.34290279554006,291.41499440772435,287.0583381931105,291.1893310546875,7083500
2025-07-24,291.83697024730424,293.9662191525474,290.6398703754944,290.9832763671875,7001200
2025-07-25,291.13049296035166,293.2891775825394,290.40436354527543,293.0144348144531,5918500
2025-07-28,292.0724293571669,293.8091927274499,291.2482011503524,292.6807861328125,5840400
2025-07-29,294.36850837533046,295.63430134586406,290.63985258046154,291.4640808105469,7635700
2025-07-30,291.83695632333047,294.9670472888904,291.79769880383014,294.0054626464844,8061700
2025-07-31,293.5246633224064,295.33011989507037,289.9529777509294,290.6790771484375,14749700
2025-08-01,284.9487133421405,286.32242707449086,278.9043429750852,283.93804931640625,12007100
2025-08-04,284.81135364584816,288.79513839592664,284.81135364584816,288.73626708984375,6649500
2025-08-05,289.1581672885365,290.23752439689997,281.8480045472989,285.9004821777344,7182300
2025-08-06,286.81300825463615,287.7844445938785,284.7131953506969,285.880859375,6330200
2025-08-07,287.44105083933385,287.95127882891904,281.03363056399576,281.5536804199219,8057100
2025-08-08,283.55541003235584,285.7631740586469,279.36554536006525,283.33953857421875,6634100
2025-08-11,283.9674810703858,285.8514526951056,283.3591242790355,284.1244812011719,5510100
2025-08-12,286.02808831162713,289.2170807199043,284.88985973561466,287.3527526855469,8570900
2025-08-13,288.43210834423235,289.0208214451698,281.7695589346143,285.0762939453125,8420400
2025-08-14,285.1253385944976,288.67741059714604,284.20301143696577,288.6381530761719,6322400
2025-08-15,289.30536719380285,289.95298150728627,284.3796115875491,285.0370178222656,7340500
2025-08-18,284.5562169634104,286.4205448097455,282.9960675051489,286.0574951171875,5386900
2025-08-19,285.3706494849781,286.9897003409671,284.0950645111781,285.203857421875,6031500
2025-08-20,285.35100110061984,287.8236856501562,281.8774445149503,286.754150390625,7374200
2025-08-21,286.45980522859077,287.2742115786807,284.0361700203976,285.9986267089844,6624000
2025-08-22,287.6961645212777,291.5818204071259,284.6837862966605,290.6790771484375,8552800
2025-08-25,290.67910031440016,291.76827944217837,288.61854456863614,289.3642578125,5856300
2025-08-26,288.63811176318757,293.13212406826625,287.9904975110241,292.96533203125,6714700
2025-08-27,291.6701254801894,295.41842494390727,291.46407591230917,293.6620178222656,6056500
2025-08-28,294.38811877937053,295.5852185641284,293.0929201153854,295.4184265136719,6410500
2025-08-29,296.37022814205386,297.2631495608047,294.10359298088383,295.7618713378906,6796400
2025-09-02,294.62364321253557,294.8198709218748,288.9717581566039,294.07415771484375,7221900
2025-09-03,294.9278255320024,294.9278255320024,290.8164761661132,293.8877258300781,6316900
2025-09-04,294.36852159403367,298.7153562428407,292.68080753910596,298.1168212890625,6605800
2025-09-05,297.9499798501053,299.4218223620716,288.78531073562726,288.85400390625,9837700
2025-09-08,289.3544334283243,290.89493913151904,285.9691837491296,287.4115905761719,8188500
2025-09-09,287.1074615709347,293.3873179050423,286.82289692490065,292.2589111328125,7848200
2025-09-10,291.13046319713106,295.8796048140829,289.8548483762926,294.89837646484375,7787300
2025-09-11,295.5852436958139,299.9909797241969,295.1437088676121,299.82415771484375,7942500
2025-09-12,299.27465392414524,301.7767742987404,297.9990690164523,301.1488037109375,6846700
2025-09-15,301.4039041511534,304.1317175736464,301.4039041511534,303.1014099121094,7122000
2025-09-16,304.1807788708881,305.06387836899023,301.3646583866889,303.385986328125,10525600
2025-09-17,304.563492987762,307.03617773944126,302.973877849489,305.89794921875,8657800
2025-09-18,305.9372178866198,307.556238792954,303.7981171700278,307.3501892089844,8050700
2025-09-19,307.7132209495945,309.8719053836384,303.31730709863126,308.8710632324219,23568600
2025-09-22,303.9845245259009,307.8113389670314,303.74903930910966,306.5749816894531,7520200
2025-09-23,305.9666409066948,310.37234675445063,304.74989735202223,306.8693542480469,8584400
2025-09-24,308.15476983779797,310.63727651453155,305.81947137817144,307.53662109375,7310500
2025-09-25,308.22347685107957,309.7247551863121,305.947019653492,307.5660705566406,7083200
2025-09-26,308.988785738579,311.8441636854759,307.8113297451866,310.12701416015625,7258100
2025-09-29,311.10828573544467,312.0404647281687,307.7721150397051,309.7640075683594,6462400
2025-09-30,310.31346452838187,311.45169300349573,304.28870810842403,309.50885009765625,11823300
2025-10-01,308.07628613361976,308.68464295873514,301.6394301376976,304.8774719238281,9235200
2025-10-02,304.1808160870063,304.73030161726365,300.39328868596704,301.77679443359375,7600000
2025-10-03,302.718779227698,305.80964265751953,302.4243927447969,304.2102355957031,6029900
2025-10-06,305.83713416223014,307.38515966997034,300.857851711314,304.85113525390625,7214500
2025-10-07,305.01875022701944,305.66951307877287,300.43386159315816,303.3819885253906,8454200
2025-10-08,303.8946917756213,304.4567183318842,299.2999336047902,299.7732238769531,6489900
2025-10-09,300.77893750215213,303.7270945284432,299.1422058887319,301.2522277832031,7060300
2025-10-10,301.3804193716138,306.1230715472904,296.5983188157025,296.6772155761719,8597400
2025-10-13,301.3212684867699,305.1272097801061,301.17337467050265,303.6580810546875,10788700
2025-10-14,301.5578902761218,302.70165257420854,290.0907186231138,297.85052490234375,16178800
2025-10-15,302.1002149225357,307.7499693151439,301.1635039391426,301.4100036621094,11354800
2025-10-16,301.0747260223031,304.35808863852304,292.9106575300408,294.3600769042969,10549400
2025-10-17,294.97143359875633,295.3559575215809,290.08088749555986,293.3938293457031,10153500
2025-10-20,294.32064593592156,299.43798218705626,293.9854099500461,298.1265869140625,6894900
2025-10-21,297.436411288458,299.7929328501146,292.8416531202475,292.9303894042969,7372700
2025-10-22,293.6008552074487,293.8868032880077,286.4721030595595,289.9920959472656,8054100
2025-10-23,290.25837425327126,292.22050252499105,288.41456104050746,290.4161376953125,5438800
2025-10-24,291.9345495322769,298.3632818043669,291.31339548312707,296.2335205078125,7228300
2025-10-27,297.92941246883,300.2662249001909,296.7955198233114,299.89154052734375,5642200
2025-10-28,300.59159530101573,303.6580673748709,298.915415308335,301.0845947265625,6336000
2025-10-29,299.2605157595805,303.93414060421026,298.7675163425421,301.2325134277344,7520300
2025-10-30,301.50862332627236,308.233113206998,300.8282816526182,305.1075134277344,7514600
2025-10-31,304.22008283002725,308.4894444595929,302.9481359332913,306.7639465332031,7721300
2025-11-03,306.6456604912348,307.9471862719047,301.9227172950412,305.0187683105469,7770000
2025-11-04,302.415720333495,307.84858401169095,300.82827651560933,304.920166015625,7085200
2025-11-05,305.27510663609064,308.7162632770978,301.35085025066564,307.3161315917969,6865200
2025-11-06,306.63579903674446,310.4319009529449,305.9160390722913,309.03179931640625,7206100
2025-11-07,307.5232049313688,310.0276204199649,303.3327096940284,309.8106994628906,7302300
2025-11-10,310.5896337890794,315.08578608051664,309.8106862822301,312.45318603515625,5794100
2025-11-11,313.0546102409576,314.58289630207906,310.86569176259013,311.200927734375,5030200
2025-11-12,311.83200002815875,317.7381233989844,311.782682032414,315.92388916015625,10578300
2025-11-13,314.7604311532612,316.14082355780937,304.7722577523736,305.1469421386719,8973300
2025-11-14,303.20448907001065,303.3326737235763,297.012418045434,299.35906982421875,10327000
2025-11-17,299.74363974118836,301.31137424610444,293.5022804823602,296.1644592285156,8344000
2025-11-18,295.3066623130797,298.70837045931603,292.8613742767781,295.2179260253906,8077300
2025-11-19,295.5432899586994,300.1873662746028,295.0798692888629,299.02386474609375,5546600
2025-11-20,302.05090502503106,305.58079800315744,293.98544109490615,294.2023620605469,7501600
2025-11-21,297.07161725529045,297.45614117965755,288.7103357437745,293.8473815917969,11766800
2025-11-24,294.0642973394352,295.6221924256846,290.386540762355,293.8276672363281,10940200
2025-11-25,295.84892096661844,300.2366275598507,291.4217960873232,298.75762939453125,8877200
2025-11-26,300.7296512123902,304.21022597199055,298.95486530692773,303.33270263671875,7910900
2025-11-28,304.7722465716023,309.3275563846455,303.9242719247256,308.6965026855469,4322400
2025-12-01,308.5683618849884,309.6430970545817,304.2201032083801,304.59478759765625,7727300
2025-12-02,304.4172805196406,306.1329390093465,302.7903884074122,303.5693359375,7249000
2025-12-03,302.89885953876745,307.98658713845214,302.50443592551073,307.75982666015625,8535300
2025-12-04,308.87405237571005,314.0308078212495,308.61768301012796,311.6742858886719,9627800
2025-12-05,311.2207252653726,314.02095869272745,310.27414460153136,310.6291198730469,6518900
2025-12-08,310.64879808375287,312.0390600856641,308.96274846028484,310.79669189453125,7417200
2025-12-09,310.5403783790639,314.336450228146,295.8193913272319,296.30255126953125,18049200
2025-12-10,296.292632599085,306.8329619363725,294.2811866679717,305.76806640625,18874100
2025-12-11,304.9102649889192,313.5476242674454,304.9102649889192,312.9363098144531,9721900
2025-12-12,315.2041261224818,315.7858618718594,312.16726270211575,314.06036376953125,8982900
2025-12-15,315.1153648797306,318.3593094805321,313.9321843288561,315.5393371582031,10864100
2025-12-16,314.62240273148194,315.0463750601788,309.99806522837446,311.1319580078125,8331300
2025-12-17,313.9716244610726,314.8984658400699,310.2544194174254,310.5699462890625,8718700
2025-12-18,311.57564186364317,313.2518519730792,307.84856735129125,308.6176452636719,11444900
2025-12-19,309.39657764946713,314.099781180705,308.8049723403709,312.7686767578125,24494400
2025-12-22,313.064515200958,318.7044300194866,313.064515200958,318.5663757324219,8354600
2025-12-23,319.07908304324746,323.1907116116738,318.56637445826755,321.3666076660156,6668300
2025-12-24,321.6722493328215,325.36974495293686,320.9426198260136,324.5612487792969,4289300
2025-12-26,324.50208933838474,326.22758744424,321.96809498869885,323.31890869140625,4158300
2025-12-29,322.4216288798564,323.1808371734579,319.0002116144308,319.2171325683594,8635300
2025-12-30,320.2623075229155,320.39049219725354,317.97478280166575,318.89178466796875,7904300
2025-12-31,319.79886991908165,320.3313177342217,317.5310845539587,317.70855712890625,5048500
2026-01-02,317.9846252281575,321.1694123071354,316.2492576445291,320.92291259765625,8054000
2026-01-05,320.942628937084,332.5281155423397,320.63697169770103,329.3630676269531,10752600
2026-01-06,329.44229029813283,332.6612412306879,327.49110960074296,331.41326904296875,7660800
2026-01-07,327.9764659913386,328.9767963949314,321.4989374679619,323.8660888671875,9815200
2026-01-08,323.27183137637843,328.2339475379842,322.53888044956136,326.63934326171875,11737100
2026-01-09,326.1936353875406,328.7291759216584,325.0348299492433,326.0450744628906,6738100
2026-01-12,318.80490292970194,322.9053354478686,318.1611187929736,321.38995361328125,12805100
2026-01-13,321.20175473899405,323.7372950994605,307.60294504088824,307.9297790527344,19371200
2026-01-14,305.2556057077196,308.78159262538577,303.19546018048277,304.9287414550781,25951500
2026-01-15,305.5230197927318,309.95031666446005,304.8098971346673,306.30548095703125,14751400
2026-01-16,307.38506061636195,314.17950872864606,307.0383983149945,309.48480224609375,14652500
2026-01-20,303.2845981841295,308.1774060521912,298.9761500928895,299.8477478027344,12900600
2026-01-21,300.53118494697816,302.4823658305288,298.2729680555718,299.15447998046875,10270100
2026-01-22,301.9474777854751,305.2555953909441,300.0062112868251,300.729248046875,10535800
2026-01-23,299.11481126550876,299.4812715954647,293.6772702297321,294.8757019042969,11107900
2026-01-26,294.96484861763906,298.8969221500132,294.60830241167326,298.16400146484375,11752700
2026-01-27,298.45122352878457,299.08512378237486,295.3016109870806,297.44097900390625,11527400
2026-01-28,297.4013222225187,299.03558292254246,295.2025300603667,297.89654541015625,9556700
2026-01-29,299.51100066931883,303.898671192008,299.3327275624257,303.49261474609375,11580000
2026-01-30,302.333781642444,304.98817089860455,299.66947824936375,302.9676818847656,11953200
2026-02-02,301.5513314360023,306.34508884518107,298.49085539325506,305.1961975097656,9839400
2026-02-03,306.77099053389486,313.22869052113475,306.14700443281885,311.8420715332031,12688000
2026-02-04,311.4062598905275,316.25944126204155,311.4062598905275,314.2389221191406,9848800
2026-02-05,311.99062599899656,312.9909865673853,302.6210112179966,307.1968688964844,9388000
2026-02-06,311.7034102684662,321.15227836348157,311.7034102684662,319.3199462890625,17797400
2026-02-09,318.27007812796035,323.2817350541263,317.05181803840316,319.0228271484375,11477500
2026-02-10,319.4684837021083,323.01429884581904,312.1094739861534,315.2392883300781,9902200
2026-02-11,320.15191444315514,322.1724337503843,305.78055639607567,307.8505859375,8703500
2026-02-12,309.29660600764385,310.62380057979817,297.15372325834437,299.74871826171875,13443400
2026-02-13,295.6680481198895,301.38294318623025,293.6871553220786,299.6595458984375,9114500
2026-02-17,299.8675549474044,305.29518175186814,299.61002921690664,304.19580078125,8896800
2026-02-18,305.51309749540866,309.2966101142475,304.2849535938903,305.8300476074219,7209600
2026-02-19,304.2354576365961,306.226234501648,302.2050242231491,305.1070251464844,6737700
2026-02-20,305.4536802835111,308.0288471084009,302.75966472033866,307.82086181640625,7792700
2026-02-23,305.84987743753925,308.028871901531,292.2807780649544,294.82623291015625,12955400
2026-02-24,293.98432184665864,296.886322684036,288.5962907533433,294.459716796875,13554100
2026-02-25,295.78692074637365,300.75895068108485,294.1724883145502,300.4023742675781,8095500
2026-02-26,301.67017313360896,306.05787397622345,300.73918125790124,303.20538330078125,7007800
2026-02-27,297.13393894248406,300.0557680991628,291.636973162459,297.4310607910156,18620800
2026-03-02,291.9935267958635,297.11414843979566,290.4088063693875,294.7172546386719,8508900
2026-03-03,289.4975898716125,299.5011046657454,286.73423592223537,297.3914489746094,10278200
2026-03-04,297.12402886142485,298.12438947518206,292.99388398032096,296.52978515625,8055700
2026-03-05,295.1332451958745,298.3620800816865,289.63624924146006,290.74554443359375,12732500
2026-03-06,283.6044306839189,287.21955415339994,280.99955170429564,286.7144470214844,13496500
2026-03-09,282.7724816341387,288.31898819476027,277.77073879547015,287.1502685546875,12241100
2026-03-10,286.52626625452876,289.9532025593205,284.43640849634494,285.97161865234375,8344900
2026-03-11,286.05084727233185,287.7049062038017,282.1385715612803,284.7731628417969,10205000
2026-03-12,280.1279843639117,281.16797137675815,276.43363807803536,280.18743896484375,13760500
2026-03-13,281.9504072447318,284.4463214441296,280.2468381234208,280.7321472167969,9091200
2026-03-16,283.6044205599556,286.506421278288,281.89093739443587,283.4261474609375,8149000
2026-03-17,286.23902796907333,288.97266988082987,283.2181783456238,284.1492004394531,8961200
2026-03-18,284.08971801136914,286.6450865635814,282.3960631878955,284.99102783203125,10057000
2026-03-19,284.13928904174674,286.7441681021885,281.900870340191,285.2188720703125,9846700
2026-03-20,285.3277943529036,287.9326733008621,282.5446423017302,283.82232666015625,22436500
2026-03-23,291.4982779446762,292.9245231806114,285.2188513876401,287.14031982421875,11470800
2026-03-24,283.4360748065673,292.6571288676103,282.64369950840546,289.6065368652344,11092300
2026-03-25,291.3398308899875,294.7965097163498,289.6461758443202,292.59771728515625,12188200
2026-03-26,289.78478993876473,292.1717693530369,287.95248830787267,288.87359619140625,8669200
2026-03-27,286.3777093696089,287.3384134369941,279.05829538327214,280.13787841796875,9873300
2026-03-30,282.01972478590784,284.50575515603197,279.6327451103039,281.0589904785156,11734400
2026-03-31,285.71408872506316,292.25104134220237,282.22772810140145,291.3497314453125,12956900
2026-04-01,292.567989087923,295.8661624411999,290.1116710297465,292.5580749511719,11267200
2026-04-02,289.1212191631598,292.7957669317203,285.9616926535428,291.7855224609375,6669300
2026-04-06,292.7412191857173,295.4987855589938,291.88509063240025,294.125,7142600
2026-04-07,291.8253790066561,296.8427544058445,291.38734983011653,296.0662536621094,7849100
2026-04-08,306.5888366699219,309.8640903908154,303.96066179364243,306.5888366699219,10590200
2026-04-09,305.5734164156603,309.8640846884941,304.73715687535,308.938232421875,6586600
2026-04-10,308.6097380099313,308.9581744354404,305.344449093958,308.4803161621094,6069700
2026-04-13,306.0910825316173,312.33295236293975,304.0900871089203,312.2732238769531,8318200
2026-04-14,308.4305432499699,312.91036189245165,307.4847916064935,309.7247009277344,11455500
2026-04-15,312.54203541599225,312.8307129741003,302.8954898881459,304.5579833984375,9885800
2026-04-16,303.98059076810495,308.5599670410156,303.8312695552229,308.5599670410156,8208600
2026-04-17,311.068653468178,313.4877482505245,308.69932229637936,308.8984375,11082400
2026-04-20,309.45594165814435,315.70777661938337,308.9780833700189,315.5683898925781,10772000
2026-04-21,316.0661368489313,318.8038038717339,311.3474041387296,311.5962829589844,7084300
2026-04-22,313.43799038623484,313.73663281642627,310.5410372905177,311.6161804199219,5545900
2026-04-23,312.11395497732667,313.57736372602733,307.5047445243564,310.29217529296875,6969700
2026-04-24,309.7545850384977,309.7545850384977,306.5092257615542,306.8974609375,5215300
2026-04-27,305.50372444273444,311.1781431330245,305.50372444273444,310.232421875,7925300
2026-04-28,313.78643555890045,314.03531438457196,309.7745101043047,310.0532531738281,7398600
2026-04-29,309.1771855961317,310.65052875636707,305.91189671624613,307.86309814453125,8031800
2026-04-30,305.6928786901284,312.6913497643884,305.1951210592971,311.82525634765625,8865400
2026-05-01,312.54203812020876,314.6624601726697,310.43152018106696,311.06866455078125,6135400
2026-05-04,309.22694520939064,309.2568094519629,305.13539207341324,306.270263671875,7338200
2026-05-05,306.32999740556414,309.5753869306937,305.42407485773,308.0124206542969,6316800
2026-05-06,310.0532528884956,314.84167905955115,309.95369528217543,313.4877624511719,8629500
2026-05-07,313.23887676443206,314.8814709002291,304.76706239082745,304.8964538574219,8359600
2026-05-08,306.86759124184925,307.60426284206056,299.1523476664256,300.74517822265625,9464300
2026-05-11,300.74515961007836,301.83026757429667,297.5395993270601,298.6545715332031,9512000
2026-05-12,298.67447538308426,304.6873960201211,294.2245209852311,303.5126953125,9498200
2026-05-13,300.91440289675086,301.6411400127173,298.72428743531935,298.9034729003906,7709500
2026-05-14,300.8945046380796,302.38777761395096,297.4699295162906,298.56500244140625,7364300
2026-05-15,298.86362628854243,299.44104214981957,295.1205095874812,296.4743957519531,8699300
2026-05-18,296.6635495230975,299.908939014877,295.8870488301784,299.3813171386719,7546300
2026-05-19,299.7396822358739,300.436555061437,293.935841710235,294.3738708496094,8066900
2026-05-20,295.3694126574367,301.57145376364997,292.35300240137923,300.625732421875,9327000
2026-05-21,299.8790926087445,302.6167597554335,298.8636475324957,301.6411437988281,7874400
2026-05-22,303.31359328873907,306.07119010408854,302.4773640852478,305.0059814453125,5973900
2026-05-26,307.1065011172144,308.54004556072954,304.0701916446211,305.3643493652344,7725400
2026-05-27,303.63215366632585,304.52811132231307,294.42363753054383,297.93780517578125,11779200
2026-05-28,296.23549066837876,299.7197941661088,294.4236455581874,295.3992614746094,9757700
2026-05-29,295.070728717322,298.53513289689414,293.87612858626386,297.9676818847656,13969000
2026-06-01,296.3549462063085,298.20659004481905,293.94578586060317,295.2499084472656,7930000
2026-06-02,295.17027051801705,300.7152977310929,293.9457758280521,299.6102600097656,8296200
2026-06-03,298.5749714904202,300.60580089187994,295.23002417973413,299.50079345703125,7003900
2026-06-04,304.36883009196185,311.5066879726736,303.0746723882986,309.4957580566406,10345200
2026-06-05,312.8805189963161,313.58732636819616,308.211549706599,310.9691162109375,9118800
2026-06-08,311.84516953437026,314.88147906470095,309.3862455138746,309.7147521972656,6827000
2026-06-09,312.1040028799189,315.0009559692908,307.62418415256917,311.2976379394531,11594600
2026-06-10,311.1582462393224,313.3384270822022,307.64407859799763,307.75360107421875,7446200
2026-06-11,308.1717081621576,313.30857066124145,307.4947650619962,312.0840759277344,9116600
2026-06-12,314.5529794375797,319.85906276888113,314.1348496322589,319.28167724609375,7426200
2026-06-15,322.4673390673774,324.4583697274161,317.41010417767774,317.96759033203125,7988900
2026-06-16,322.8455866314347,330.26218746993305,322.56684357389287,329.6549377441406,11094900
2026-06-17,330.69024974688585,336.25517637046335,330.01330666560995,331.9645080566406,12246400
2026-06-18,335.4388795655989,336.57375116590936,322.70623086248213,323.761474609375,20111000
2026-06-22,328.22139226156105,331.2776010100568,325.28461010223134,329.993408203125,10182500
2026-06-23,327.9924099173137,333.86594380335947,325.7425357353925,332.6414794921875,7582200
2026-06-24,331.57628916780243,333.02973300317086,328.291070440402,331.95458984375,7907400
2026-06-25,333.4577793441399,341.90972446819404,333.2586945227413,333.6170654296875,10043100
2026-06-26,334.49312290223526,334.8913229247855,326.03124330500606,327.57427978515625,17640900
2026-06-29,326.80774304304947,330.8993264933345,325.73259994718205,327.91278076171875,7981800
2026-06-30,327.41503128103255,328.95806779511634,325.2149206632551,325.86199951171875,8080100
2026-07-01,326.89735842569155,334.13477419390347,323.5524415571975,332.5718078613281,15210200
2026-07-02,336.5040683580973,338.4751995750331,330.2820977776739,332.9700012207031,8413900
2026-07-06,335.0,339.7200012207031,334.1099853515625,337.7200012207031,8673500
2026-07-07,340.9800109863281,341.3999938964844,337.0899963378906,339.2200012207031,7115800
2026-07-08,336.5299987792969,336.5299987792969,330.1300048828125,330.6199951171875,18505200
2026-07-09,331.4599914550781,337.0,330.80999755859375,335.4700012207031,15570600
2026-07-10,337.4700012207031,338.5899963378906,335.7699890136719,336.4700012207031,6299000
2026-07-13,338.3399963378906,338.3500061035156,332.5,334.5299987792969,7120300
2026-07-14,327.0,344.7300109863281,325.75,342.8900146484375,14537900
2026-07-15,345.8500061035156,351.239990234375,344.04998779296875,346.9100036621094,10750000
2026-07-16,349.2799987792969,349.3399963378906,341.1099853515625,343.1499938964844,12432400
2026-07-17,339.0299987792969,346.1300048828125,335.04998779296875,341.1000061035156,9250900
2026-07-20,341.79998779296875,344.260009765625,337.3699951171875,338.8699951171875,7723300
2026-07-21,340.1199951171875,345.739990234375,337.29998779296875,345.2300109863281,6015300
2026-07-22,345.07000732421875,349.07000732421875,344.25,348.2099914550781,8040200
2026-07-23,346.5799865722656,349.9200134277344,345.4200134277344,349.8999938964844,10913000
2026-07-24,350.6400146484375,353.3699951171875,347.5,353.2099914550781,7520800
2026-07-27,357.8900146484375,359.04998779296875,352.5799865722656,356.20001220703125,7884900
2026-07-28,357.29998779296875,359.29998779296875,354.1499938964844,357.30999755859375,6533800
2026-07-29,356.5,357.3699951171875,343.7799987792969,344.7099914550781,8265300
2026-07-30,347.5400085449219,352.2799987792969,345.3699951171875,350.8500061035156,7606500
2026-07-31,353.29998779296875,354.4700012207031,349.70001220703125,351.7900085449219,6603400
2026-08-03,353.75,355.6199951171875,350.8399963378906,352.6400146484375,6436600
2026-08-04,355.0,363.0,353.8699951171875,357.5199890136719,8477200
2026-08-05,358.9700012207031,362.1700134277344,358.20001220703125,359.239990234375,5269500
2026-08-06,362.80999755859375,362.80999755859375,354.95001220703125,356.29998779296875,5820100
2026-08-07,355.760009765625,358.8500061035156,353.3299865722656,357.5199890136719,4566200
2026-08-10,357.9599914550781,359.989990234375,356.5,359.7900085449219,5327500
2026-08-11,360.04998779296875,363.1199951171875,358.6000061035156,362.0400085449219,4576500
2026-08-12,362.9700012207031,366.0899963378906,361.29998779296875,365.17999267578125,4366800
2026-08-13,366.5,366.5,361.5199890136719,363.1099853515625,5102700
2026-08-14,363.0,365.8999938964844,361.45001220703125,362.8399963378906,5058600
2026-08-17,361.94000244140625,365.75,360.9599914550781,360.9599914550781,5282600
2026-08-18,362.3399963378906,363.57000732421875,359.2699890136719,363.25,5525100
2026-08-19,363.010009765625,363.04998779296875,355.6499938964844,357.260009765625,6696200
2026-08-20,357.6000061035156,357.95001220703125,351.54998779296875,351.54998779296875,6799700
2026-08-21,354.07000732421875,356.8599853515625,350.3699951171875,351.5799865722656,8112100
2026-08-24,353.29998779296875,358.2799987792969,352.82000732421875,356.3900146484375,4394400
2026-08-25,357.0,357.3699951171875,353.07000732421875,356.69000244140625,4298000
2026-08-26,356.5,358.3500061035156,354.6000061035156,356.5,5796500
2026-08-27,354.67999267578125,357.57000732421875,352.2300109863281,354.2200012207031,5209900
2026-08-28,355.6700134277344,358.7300109863281,354.2200012207031,357.6199951171875,3914500
2026-08-31,355.8999938964844,357.7699890136719,354.7699890136719,356.0199890136719,7962900
2026-09-01,355.7300109863281,359.92999267578125,354.1199951171875,354.95001220703125,5079000
2026-09-02,357.54998779296875,361.4700012207031,353.7900085449219,356.2200012207031,5341400
2026-09-03,358.67999267578125,362.8500061035156,356.3900146484375,362.05999755859375,5414200
2026-09-04,361.0,362.8599853515625,355.20001220703125,358.6400146484375,4873500
2026-09-08,357.1000061035156,358.54998779296875,353.2300109863281,353.510009765625,5631400
2026-09-09,352.0,356.3299865722656,348.69000244140625,354.7099914550781,6318200
2026-09-10,353.510009765625,354.2200012207031,351.1199951171875,353.55999755859375,4184200
2026-09-11,358.32000732421875,360.04998779296875,354.7900085449219,356.2300109863281,5354600
2026-09-14,354.2300109863281,355.2799987792969,347.54998779296875,350.1300048828125,9609900
2026-09-15,351.0,354.70001220703125,343.07000732421875,352.489990234375,14026500
2026-09-16,353.3800048828125,355.6000061035156,344.69000244140625,348.9200134277344,8303400
2026-09-17,352.25,353.489990234375,345.2699890136719,349.30999755859375,6480100
2026-09-18,347.8900146484375,349.6700134277344,345.010009765625,349.6700134277344,18312400
2026-09-21,353.6700134277344,354.5,350.0799865722656,352.0400085449219,6414700
2026-09-22,352.0,352.1000061035156,337.29998779296875,340.0,11485600
2026-09-23,337.6099853515625,341.44000244140625,336.9800109863281,337.5299987792969,7068500
2026-09-24,338.1199951171875,339.3699951171875,335.2799987792969,338.55999755859375,6934300
2026-09-25,340.7699890136719,343.30999755859375,338.6400146484375,343.05999755859375,11460300
2026-09-28,341.8299865722656,342.0,336.29998779296875,336.5899963378906,10483700
2026-09-29,337.0,338.75,333.3299865722656,334.9800109863281,7254900
2026-09-30,334.8900146484375,336.3399963378906,330.8299865722656,330.8299865722656,9113300
