date,open,high,low,close,volume
2018-01-02,78.71653962973676,78.88104678877039,78.14076805947431,78.55203247070312,22483800
2018-01-03,78.65255524343243,79.06382657629845,78.57030516048502,78.91759490966797,26061400
2018-01-04,79.13693666596708,80.11484526314953,79.11866119370926,79.6121826171875,21912000
2018-01-05,80.11484010606456,80.80028532132093,79.90463383872718,80.5992202758789,23407100
2018-01-08,80.60837219134093,80.95566897238564,80.06001729349926,80.68148803710938,22113000
2018-01-09,81.01962153856455,81.09273736442893,80.29761844674891,80.62663269042969,19484300
2018-01-10,80.29765106743217,80.5992487421142,79.8863865821107,80.26109313964844,18652200
2018-01-11,80.54437990819368,80.54437990819368,79.73098547733065,80.49868774414062,17808900
2018-01-12,81.03792581511347,82.05238559828628,80.83686070886857,81.88787841796875,24271500
2018-01-16,82.34483298714574,82.97544493787335,80.43472863307318,80.7454605102539,36599700
2018-01-17,81.41260271806934,82.50931211189513,81.11100519431935,82.38136291503906,25621200
2018-01-18,82.07066702145777,82.8657792391248,81.94271776866742,82.34484100341797,24159700
2018-01-19,82.38139773726773,82.81094463944125,81.94271658339227,82.25344848632812,36875000
2018-01-22,82.25343797454691,83.73400236826448,82.01581497915045,83.72486114501953,23601600
2018-01-23,83.98992919921875,84.35550155264997,83.66091477840192,83.98992919921875,23412800
2018-01-24,84.58392528583451,85.388178332625,83.69741520400083,83.91675567626953,33277500
2018-01-25,84.51083038609883,85.21455110461312,84.01730897182365,84.38288116455078,26383200
2018-01-26,85.10490244067924,85.9639892578125,84.61138092136723,85.9639892578125,29172200
2018-01-29,86.95099028382292,87.23430534455673,85.65321597456173,85.83599853515625,31569900
2018-01-30,85.26938745298025,85.5984017136802,84.17267092641067,84.75758361816406,38635100
2018-01-31,85.68066427525049,87.18864536103698,85.46132372706475,86.83221435546875,48756300
2018-02-01,86.63114688895881,87.80097241059556,85.52529598263936,86.14676666259766,47227900
2018-02-02,85.58013105880019,85.88172866810588,83.62432766894977,83.8802261352539,47867800
2018-02-05,82.76524182612775,85.21456690708808,80.42559051513672,80.42559051513672,51031500
2018-02-06,79.41113233081234,83.6060617243607,77.9122923093065,83.4689712524414,67998600
2018-02-07,82.70124105573275,83.8710663413631,81.52227454898409,81.89698791503906,41107600
2018-02-08,81.98838601350532,82.14375192186915,77.46445039094439,77.69293212890625,55628700
2018-02-09,78.87189260602216,81.27551779246981,76.61449209470116,80.59007263183594,63499100
2018-02-12,81.10186681537495,82.05235157725708,80.36158829724046,81.45829772949219,35720300
2018-02-13,81.27552494818946,82.25342651788257,80.24278999208475,82.09806060791016,26407700
2018-02-14,81.27166571315887,83.54884771376932,81.17984510120039,83.3835678100586,34960900
2018-02-15,83.75088212051737,85.13739689063642,83.209135445348,85.08230590820312,27823900
2018-02-16,84.88946127348312,85.85359536046568,84.29262370155219,84.47626495361328,30596900
2018-02-20,83.99879888880501,85.44958168636238,83.5672342127381,85.13739013671875,30911700
2018-02-21,85.37613375261326,85.72505497397412,84.00798034667969,84.00798034667969,26922500
2018-02-22,84.52218563816994,85.14657575357019,83.88861135778087,84.22835540771484,24392800
2018-02-23,85.94542495277975,86.37698964615764,84.80683365919467,86.36780548095703,26329200
2018-02-26,86.67997290479974,87.6440997404933,86.54223849813982,87.6165542602539,30199800
2018-02-27,87.91041331242089,88.00223394524674,86.49635314941406,86.49635314941406,25869100
2018-02-28,87.08398904101615,87.88284303273372,85.97294358466202,86.10149383544922,31167300
2018-03-01,86.30354574724748,86.83611533654003,84.32937020450213,85.25677490234375,37135600
2018-03-02,84.09062926602024,85.5322350712787,83.42950943078677,85.44041442871094,32830400
2018-03-05,84.78843546965997,86.5606004341573,84.71498319031842,85.98212432861328,23901600
2018-03-06,86.6248979494578,86.7626323927048,85.33939516039193,85.68831634521484,22175800
2018-03-07,85.54138419686154,86.2575947231612,84.87108047030799,86.18413543701172,26716100
2018-03-08,86.56059334427998,87.3227175994124,86.1014833600502,86.70751190185547,25887800
2018-03-09,87.49723622517742,88.64501190185547,87.23095142753209,88.64501190185547,36937300
2018-03-12,88.60825426879894,89.2601898067012,88.18587379376923,88.85617065429688,26073700
2018-03-13,89.06736558738335,89.28773648916224,86.2851593089817,86.68917846679688,35387800
2018-03-14,87.34111622173435,87.60740094562114,85.85359683482145,86.17497253417969,32132000
2018-03-15,85.88111428639576,86.84524807519078,85.23836309750745,86.47795867919922,27611000
2018-03-16,86.93707623003581,87.57982747479682,86.23922701753591,86.86361694335938,49081300
2018-03-19,86.07396574417649,86.22088434930981,84.57726923307035,85.2934799194336,33344100
2018-03-20,85.44040267979456,86.1015154186524,85.3944888620913,85.51385498046875,23075200
2018-03-21,85.33019606888861,86.35860512570227,84.66907646132722,84.91699981689453,24457100
2018-03-22,83.80596066798799,84.24670947845412,82.32763248347533,82.4469985961914,38604700
2018-03-23,82.18070069486299,83.0621911689232,79.9586096869947,80.05043029785156,44068900
2018-03-26,83.19993834157687,86.31270446338297,83.00711292758038,86.1106948852539,56396800
2018-03-27,87.17584175994841,87.35948302668625,81.27168466382477,82.1531753540039,56569000
2018-03-28,82.4745315904059,83.76922533309502,81.6022252712699,82.07969665527344,52501100
2018-03-29,82.80507471634586,84.74251935596035,81.17064433914588,83.8059310913086,45867500
2018-04-02,83.07138695838356,83.4478536172263,80.35345586492824,81.28085327148438,48515400
2018-04-03,82.2541919045459,82.68575664905212,80.7023970586745,82.3735580444336,37213800
2018-04-04,80.66563708906557,85.17410129388138,80.55545515686715,84.77926635742188,35560000
2018-04-05,84.88028566410132,85.45876192357147,83.92533572392968,84.82518768310547,29771900
2018-04-06,84.00798108384681,84.89865597840166,82.1623631534547,82.85102844238281,38026000
2018-04-09,83.59476326826066,85.55056966512937,83.20911248670298,83.34683990478516,31533900
2018-04-10,84.83436057919798,85.65157596652875,84.14569545467448,85.28428649902344,26812000
2018-04-11,84.48545937304773,85.66078034201938,83.99880369109532,84.34772491455078,24872100
2018-04-12,84.87108556605342,86.45960944846273,84.87108556605342,85.92704010009766,26758900
2018-04-13,86.35860832544739,86.47797442355511,84.88027331639304,85.46793365478516,23346100
2018-04-16,86.3769980200394,86.91875173194899,85.7801533225162,86.46881866455078,20288100
2018-04-17,87.23092923357343,88.64498934812084,87.12074027467942,88.21342468261719,26771000
2018-04-18,88.35114443672101,88.8102545142301,87.70838612493,88.55315399169922,21043300
2018-04-19,88.55315165356816,89.13162781398871,87.54310390534614,88.25013732910156,23552500
2018-04-20,88.06651803274443,88.25015930243842,86.3586276038219,87.2309341430664,31154400
2018-04-23,87.91039717623248,88.41542107227401,86.89117222637698,87.55229187011719,22331800
2018-04-24,88.36950390000305,88.58069761362229,84.85272610435422,85.5046615600586,34524800
2018-04-25,85.66995313632209,85.66995313632209,82.89692402559747,84.76091003417969,33729300
2018-04-26,85.89950945330023,87.36866049092222,85.48630612663281,86.55144500732422,42529000
2018-04-27,89.6182792079117,89.89374803655912,86.23005184614287,87.98384857177734,48272800
2018-04-30,88.45212813852982,88.51640325384756,85.53218846109388,85.8719253540039,41523600
2018-05-01,85.58731885908331,87.49721888794845,85.2016679894467,87.2309341430664,31408900
2018-05-02,87.22176301004417,87.38704297964996,85.56897031945275,85.86280059814453,27471000
2018-05-03,85.35775854557981,87.16665366377438,84.88946422941343,86.37698364257812,31142500
2018-05-04,85.68830183160676,87.57065589107083,85.32101238031333,87.3778305053711,22531300
2018-05-07,87.38700893529793,88.80106878981906,87.32273380579532,88.35114288330078,24242000
2018-05-08,88.01141532200512,88.29606838185238,87.28602043637021,87.97468566894531,23484600
2018-05-09,88.1583381160763,89.03982881493054,87.27684741722204,89.01228332519531,27327400
2018-05-10,89.48972797493765,89.93965385169689,89.11326138574084,89.9029312133789,22388100
2018-05-11,89.8019182410033,89.86619336038314,89.1040690838347,89.71009063720703,16778300
2018-05-14,89.91212539982517,90.61915891696698,89.352010485635,90.01313018798828,19454100
2018-05-15,89.28773912071341,89.84785405856903,88.46133945785553,89.36119842529297,24594000
2018-05-16,89.7854122968985,89.82230114930566,89.10298611693905,89.59175109863281,17384700
2018-05-17,89.23209767935059,89.95141274474301,88.37445117003743,88.69721984863281,17246700
2018-05-18,88.54042111483959,89.38884339888159,88.54042111483959,88.86318969726562,17865800
2018-05-21,89.45341805088196,90.38484220886659,89.26898082799528,90.0067367553711,19422500
2018-05-22,90.08050893903531,90.53238503249864,89.6378497810712,89.91451263427734,15441200
2018-05-23,89.18598119236675,91.04882955094074,88.82632367443172,90.9842758178711,21251200
2018-05-24,91.04879780505675,91.24245893674207,89.27816867739853,90.66146850585938,26649300
2018-05-25,90.6522660746702,91.27936237865704,90.2464958086117,90.70759582519531,18363900
2018-05-29,90.22804730826103,91.18713618110571,89.6655117644797,90.38482666015625,28671000
2018-05-30,90.6615014062492,91.52837186479678,90.29262694679257,91.251708984375,22158500
2018-05-31,91.5652398927523,92.21077708581288,90.93814360413874,91.1502456665039,34140900
2018-06-01,91.55604581090144,93.01312399184434,91.45460321375795,92.94857025146484,28655600
2018-06-04,93.3819876627596,93.93530633672795,93.00388223012023,93.76008605957031,27281600
2018-06-05,94.06444184100518,94.36876966497252,93.63100652247547,94.23966217041016,23514400
2018-06-06,94.50706419322844,94.61772369626745,93.9721864757799,94.51628112792969,21122900
2018-06-07,94.66383797022313,94.70072681707995,92.57043988502406,93.03153991699219,28232200
2018-06-08,93.22520142697147,94.01829404772263,92.71799561144894,93.72319030761719,22165100
2018-06-11,93.15143512589223,93.6863058427196,92.83788342971076,93.18832397460938,23490900
2018-06-12,93.2344241598842,93.55719277199125,92.91165554777713,93.42808532714844,18325200
2018-06-13,93.80617693648884,94.07361575744085,92.7364216526808,93.00386047363281,29492900
2018-06-14,93.74164250711047,94.09207601570733,93.14221102896627,93.52953338623047,25691800
2018-06-15,93.61253011280647,93.63097101825238,92.28455977420134,92.33988952636719,65738600
2018-06-18,92.22923858277454,93.24365733633289,91.68513683793704,93.01310729980469,23586000
2018-06-19,91.89724596730763,93.14221475739417,91.75891453822496,93.01310729980469,28653100
2018-06-20,93.4834266225966,94.54395110839727,93.25287659771325,93.94452667236328,26180800
2018-06-21,94.13819456458198,94.48862809450561,93.03155014469925,93.27132415771484,23198200
2018-06-22,92.59810638427734,92.93009191492654,91.87878446635892,92.59810638427734,38923100
2018-06-25,92.22002587744241,92.32146846877397,89.73008799308332,90.73528289794922,35433300
2018-06-26,91.13182326856993,92.29379748787353,91.06726953615468,91.37159729003906,26897200
2018-06-27,91.83271321715871,92.23847658977907,89.82231615793619,89.95142364501953,31298400
2018-06-28,89.80384621092799,91.39925553309246,89.69318669815428,90.95659637451172,26650700
2018-06-29,91.23325223636392,92.1370113911178,90.67993360741352,90.93814849853516,28053200
2018-07-02,90.46781975879297,92.27533093778904,90.37560116476998,92.2292251586914,19564500
2018-07-03,92.6626564612243,92.80098082862942,91.24246765730311,91.34391021728516,14670300
2018-07-05,91.75892134771998,92.14624374923193,91.32548612114881,91.99869537353516,18977400
2018-07-06,92.11858895173941,93.53877828189839,91.91570375659812,93.28978729248047,19234600
2018-07-09,93.74163397626852,94.29495258426735,93.37275255899334,93.92607116699219,18212000
2018-07-10,94.06442041817778,94.53474449030082,93.93531295301916,94.17508697509766,19293100
2018-07-11,93.28051664639035,94.37792968837215,93.23440383935623,94.04594421386719,19644600
2018-07-12,94.7745081946259,96.28692294350793,94.73762637942559,96.08403778076172,24335900
2018-07-13,96.25003959729743,97.38434192904685,95.99181762532447,97.22756958007812,24635200
2018-07-16,97.19990010370368,97.58722248960706,96.388359444673,96.7480239868164,21786900
2018-07-17,96.47137019656469,98.2143281329593,96.20393127565896,97.70711517333984,25901700
2018-07-18,97.69787704999767,97.799319619923,96.5727918459736,96.9416732788086,29493900
2018-07-19,96.76647498016163,97.11690855119429,95.80738585141836,96.2777099609375,40171600
2018-07-20,99.67139191767527,99.78205143054332,97.8269916543689,98.00220489501953,56004000
2018-07-23,98.02986629360636,99.7267109766335,97.87308694081295,99.56993865966797,29707000
2018-07-24,100.12327136525461,100.35382140588897,98.91519140379583,99.28407287597656,26316600
2018-07-25,99.56070400628288,102.5025240464967,99.22871146725693,102.2074203491211,30702100
2018-07-26,102.12445062718776,102.36422465497036,100.98092432179509,101.09159088134766,31372100
2018-07-27,101.60800570703225,101.60800570703225,97.88231651712185,99.30250549316406,37005300
2018-07-30,98.85062207223602,99.16416670081408,96.60967574952599,97.1722183227539,34668300
2018-07-31,98.20508660228886,98.41719572088773,97.18144392922186,97.82698822021484,27655200
2018-08-01,97.7808331314845,98.1681553171487,97.21829075123752,98.01138305664062,23628700
2018-08-02,97.19990747419068,99.68062135510456,96.68347055133007,99.20108032226562,26104300
2018-08-03,99.413187769454,99.64373782732766,98.5094284468243,99.63451385498047,18659600
2018-08-06,99.70828184367745,99.98493766466297,99.19184498001282,99.71749877929688,20265900
2018-08-07,100.1140454052042,100.61203432738317,99.75438791182417,100.40914916992188,16080200
2018-08-08,100.8241465772773,101.21146896124074,100.29849276023295,100.97169494628906,15487500
2018-08-09,101.17457653301145,101.58957081758214,101.0731339547272,101.13768768310547,13677200
2018-08-10,100.90715887753824,101.15615690783214,99.94806968568987,100.51983642578125,18183700
2018-08-13,100.74114003069124,101.05469173289815,99.68983244744965,99.79127502441406,18472500
2018-08-14,100.11405465340142,101.211475177866,99.63451362987259,101.0362548828125,16788300
2018-08-15,100.43451166232066,100.89738618365872,98.88851245614863,99.66614532470703,29982800
2018-08-16,100.25861120487912,100.77702834172722,99.33286228170536,99.64761352539062,21384300
2018-08-17,99.38841325243581,99.88831856022277,98.76816311723704,99.59207916259766,18061500
2018-08-20,99.5272703203383,99.88831184119255,98.57375004408718,98.9347915649414,17914200
2018-08-21,98.98107721125476,99.37914954698577,97.99052610553863,98.11087799072266,22881900
2018-08-22,97.99053179559597,99.36989584991643,97.92572964708171,99.11068725585938,18000600
2018-08-23,99.19400919547144,100.14752955879334,98.93480059917863,99.57356262207031,18167700
2018-08-24,99.67538881130407,100.4993048205329,99.57355586068891,100.35118865966797,17234000
2018-08-27,101.15658306539498,101.49911271414486,100.45301895976844,101.46208190917969,19662300
2018-08-28,101.77683497925676,102.2952520962671,101.63797123351371,102.07307434082031,19151500
2018-08-29,102.24898207780367,103.71166730523844,102.08234696248952,103.70240783691406,20818000
2018-08-30,103.37839515473632,104.24860152553876,103.1654768275643,103.63760375976562,22798700
2018-08-31,103.39690112762636,104.40596407967955,103.23951844038639,103.9893798828125,23222700
2018-09-04,102.61927582265382,103.64685778354644,102.03605649197331,103.41542053222656,22634600
2018-09-05,102.767392958106,103.14694635504733,100.07346012233752,100.43450164794922,32872400
2018-09-06,100.2123243209793,100.89737656967127,99.52727207228735,100.66593933105469,23477600
2018-09-07,100.19381190296455,100.64742691056524,99.26806295354861,100.17529296875,22498600
2018-09-10,100.75852513685747,101.49912721616901,100.31416953959445,101.25843048095703,20727900
2018-09-11,100.81406690535135,103.3043268975769,100.8048074377939,102.98031616210938,24301800
2018-09-12,103.156211940813,103.54502482793335,102.30452455105289,103.41542053222656,18891100
2018-09-13,103.7949788645626,105.28543529722147,103.7949788645626,104.52632141113281,26055600
2018-09-14,104.94291185765987,105.28544154549142,104.09122443499749,104.9521713256836,19122300
2018-09-17,105.24839785505532,105.25765025904198,103.55427562219154,103.81348419189453,20736500
2018-09-18,103.85977816915505,105.25765401463005,103.4246750275275,104.80403900146484,22170900
2018-09-19,104.65592522308387,104.90587434050498,102.7951677919561,103.40615844726562,21728400
2018-09-20,103.94311186847663,105.3502545105382,103.61910108343133,105.1373291015625,23714500
2018-09-21,105.53539578935687,106.72961295767978,105.08178071489321,105.77609252929688,71229700
2018-09-24,104.63741932349926,106.36857267786026,103.88756481491805,106.15564727783203,27334500
2018-09-25,106.27598311739176,106.55370356682415,105.3039438871183,105.95196533203125,22668000
2018-09-26,105.97049892428093,106.51668749441315,105.2946989843342,105.51688385009766,19352000
2018-09-27,106.25745481470133,106.37780668879137,105.72051877173935,105.91493225097656,19091300
2018-09-28,105.71128694553958,106.06306904410987,105.23915294945213,105.87792205810547,21647800
2018-10-01,106.22969606685939,107.09064290573443,106.21118419483062,107.02584075927734,18883100
2018-10-02,106.73886987565925,107.23876815472856,105.94272511580095,106.60000610351562,20787200
2018-10-03,106.84994462819988,107.55351582436879,106.39632960963893,106.6185073852539,16648000
2018-10-04,106.100077177573,106.23894091884993,103.34134247312939,104.41521453857422,34821700
2018-10-05,104.26711954937458,104.76702491552119,102.4248808010436,103.80424499511719,29068900
2018-10-08,103.36912409643953,103.71164666431771,101.22137989854824,102.6192626953125,29640600
2018-10-09,102.887749578486,104.68370500829724,102.57299828945773,103.92459106445312,26198600
2018-10-10,102.98033486273057,103.22103162260312,97.93500475207948,98.27753448486328,61376300
2018-10-11,97.52767247003787,100.84185615374248,96.46305952480358,98.04609680175781,63904300
2018-10-12,100.91590135803565,102.98031769102441,99.16623629763,101.43431854248047,47742100
2018-10-15,100.82331630875129,101.35099290038424,99.00884224544484,99.61058044433594,32068100
2018-10-16,101.40653279285432,103.13768573478494,100.86033728293685,102.75812530517578,31610200
2018-10-17,103.38764744985792,103.50799227587065,101.41580464448737,102.48966979980469,26548200
2018-10-18,101.92498390522918,102.323056337488,99.82353636194107,100.44378662109375,32506200
2018-10-19,100.84183754682013,102.62853337620223,100.17529714538577,100.59188842773438,32785500
2018-10-22,101.20289581985338,102.33231090203031,100.20308505239457,101.48987579345703,26545600
2018-10-23,99.76797218719871,100.87887528690548,97.30548338255582,100.07347106933594,43770400
2018-10-24,100.36044820432699,100.43450275336458,94.046833512931,94.7226333618164,63897800
2018-10-25,98.63855293238873,101.15658413039557,98.26825194174234,100.25861358642578,61646800
2018-10-26,97.84240652160545,100.67519598292687,96.98145973551117,99.01810455322266,55523100
2018-10-29,100.08273898581899,100.62892758219611,94.08388151715002,96.13904571533203,55162000
2018-10-30,95.9631443249578,96.62967766930348,92.67673256367402,96.02794647216797,65350900
2018-10-31,97.61097794835354,100.11049745208217,97.56468767265675,98.8792495727539,51062400
2018-11-01,99.10142921655735,99.35137832864301,97.69428683895909,98.05532836914062,33384200
2018-11-02,98.57377393435812,99.35139984069245,97.18515019055627,98.27753448486328,37680200
2018-11-05,98.4719218104394,99.74019339619628,98.03681865860294,99.52727508544922,27922100
2018-11-06,99.40695178779293,100.75854484341463,98.38862902675262,99.72171020507812,24340200
2018-11-07,101.31395144697079,103.90604386240119,101.27692064723428,103.64683532714844,37901700
2018-11-08,103.49875152253253,103.8783049783185,102.6748353939991,103.45246124267578,25644100
2018-11-09,102.61927614287114,103.17472413519121,100.6844641059936,101.43431854248047,32039200
2018-11-12,101.2954471195342,101.79535239369481,98.22196092732383,98.9347915649414,33621800
2018-11-13,99.56430307043802,100.66593952560729,98.72186813005159,98.99959564208984,35374600
2018-11-14,100.50580557747917,100.65456873365532,97.1308212726815,97.59569549560547,39495100
2018-11-15,97.61426109525422,100.2268583490919,96.6101384347413,99.7433853149414,38505200
2018-11-16,99.55743960394672,101.23098211874841,99.2971112412053,100.68243408203125,33502100
2018-11-19,100.66384697741442,100.93347484006408,96.27544088762545,97.27027130126953,44773900
2018-11-20,94.64837829989536,95.73618209149464,92.37049074440347,94.564697265625,64052500
2018-11-21,96.32190761845342,97.0936002909583,95.05744955782859,95.8663330078125,28130600
2018-11-23,94.99239522284569,96.51718207787826,94.83433969244517,95.82917022705078,13823100
2018-11-26,97.42832560544561,99.13905907958066,97.23307931285954,98.99030303955078,32336200
2018-11-27,98.80434430574573,99.78988228323944,97.95827707912099,99.61322784423828,29124500
2018-11-28,100.31052433581878,103.50886014605204,100.28263302709946,103.31361389160156,46788500
2018-11-29,102.57912353482604,103.31362548499001,101.37044800297826,102.44895935058594,28123200
2018-11-30,102.92311517765103,103.17415114512218,101.67725608799965,103.09976959228516,33665600
2018-12-03,105.06155129439023,105.45204385341853,102.9510259071901,104.2154769897461,34732800
2018-12-04,104.07600709218781,104.72682794050696,100.60804347450515,100.8962631225586,45197000
2018-12-06,98.38594196009211,101.56567870478928,97.62354881498786,101.51919555664062,49107400
2018-12-07,100.76610863944614,101.76093894231765,96.9727413263663,97.45620727539062,45044900
2018-12-10,97.43762469565718,100.39422457394883,96.59155033765839,100.0316162109375,40801500
2018-12-11,102.08637414853797,103.15557910229101,99.89216742173524,100.96137237548828,42381900
2018-12-12,103.09979632263216,103.4530981500845,101.3797632544665,101.41695404052734,36183000
2018-12-13,101.88181236098754,103.08118842436713,100.99854728977421,101.76094055175781,31333400
2018-12-14,100.64524955596535,101.58429728855633,98.08844183052511,98.58120727539062,47043100
2018-12-17,98.00478957342818,98.36739090905455,94.56471598027686,95.66181945800781,56957300
2018-12-18,96.46139355435413,97.1680043029332,95.31779993617246,96.66593933105469,49319200
2018-12-19,96.36843359837856,99.37151728588509,94.23000920757862,96.40562438964844,68198200
2018-12-20,95.81058241204063,96.98206037381507,91.8405524835514,94.37876892089844,70334200
2018-12-21,94.4903005879986,95.76405808902585,90.61325256001793,91.32916259765625,111242100
2018-12-24,90.81783731425602,91.0874652410073,87.37777056713402,87.51722717285156,43935200
2018-12-26,88.45626393338392,93.61637049137062,87.3591605162542,93.49549865722656,51634800
2018-12-27,92.32401323107835,94.08123703061523,89.62774161962797,94.07193756103516,49498500
2018-12-28,94.91800216091694,95.21552843167096,92.52854927290323,93.33743286132812,38196300
2018-12-31,94.17421899976479,95.20624032096408,93.38393425568523,94.4345474243164,33173800
2019-01-02,92.55644686887081,94.60189030844347,91.98929983370067,94.01615142822266,35329300
2019-01-03,93.06781294702756,93.15149399117813,90.37154118208474,90.5574951171875,42579100
2019-01-04,92.71449104596486,95.30848935858411,91.97998912145268,94.76923370361328,44060600
2019-01-07,94.49962882604429,96.0151161967689,93.88599855752062,94.89012145996094,35656100
2019-01-08,95.80126259865891,96.66592877355556,94.56469569705315,95.578125,31514400
2019-01-09,96.5636616116168,97.51200178210811,95.98721509642918,96.94485473632812,32280800
2019-01-10,95.96859769822812,96.4613630443759,95.187605624522,96.3218994140625,30067600
2019-01-11,95.94072625785186,96.173163325368,94.49961360188529,95.578125,28314200
2019-01-14,94.7413499397321,95.6432068947515,94.14631161561098,94.88081359863281,28437100
2019-01-15,95.30851017182643,97.67007195164445,94.72276414187279,97.63288116455078,31587600
2019-01-16,97.86532528809359,98.7950737519159,97.58639791157975,97.97689056396484,29853900
2019-01-17,97.62358098262027,99.13906830519645,97.40044335510255,98.66490173339844,28393000
2019-01-18,99.91076662508658,100.3198582090466,98.46966079749434,100.14320373535156,37427600
2019-01-22,99.2506287139424,99.57603919268188,97.4934050353328,98.25579833984375,32371300
2019-01-23,98.66487667648335,99.52024327592027,97.9396671577446,99.21342468261719,25874300
2019-01-24,99.35291039420565,99.48307459723334,97.93968891359495,98.73927307128906,23164800
2019-01-25,99.70620300614567,100.30124133456077,98.73926394911703,99.64112091064453,31225600
2019-01-28,98.79505553930674,98.99960129858704,97.30745969010901,97.69795227050781,29476700
2019-01-29,97.51200471082214,97.59568575117054,94.99238752535535,95.70829772949219,31490500
2019-01-30,97.27027940570382,98.90663146972656,97.00065152058912,98.90663146972656,49471900
2019-01-31,96.50788897784095,97.82813003379717,95.9314424029477,97.0936279296875,55636400
2019-02-01,96.48926508772374,96.78678422190245,95.15972490517791,95.55951690673828,35535700
2019-02-04,95.64320393609864,98.367366561146,95.55022343743022,98.31157684326172,31315100
2019-02-05,98.60911054865613,99.73410523309047,98.51613712968302,99.6876220703125,27325400
2019-02-06,99.48306422621978,99.48306422621978,98.1163331434924,98.58120727539062,20609800
2019-02-07,97.8002135491201,98.17210714724324,96.96343876651164,97.87458801269531,29760700
2019-02-08,97.05644406674521,98.34879389721759,96.93557931697069,98.24652099609375,21461100
2019-02-11,98.7392915962264,99.09260057937354,97.5957048702985,97.85603332519531,18914100
2019-02-12,98.68350224467473,99.61325071661884,98.06987194176892,99.38081359863281,25056600
2019-02-13,99.9479480064001,100.20827641044679,99.21344595588721,99.3064193725586,18394900
2019-02-14,98.84152819019654,99.75268454101342,98.2371975390985,99.39008331298828,21784700
2019-02-15,100.32915848571265,100.69175981316594,99.81779400165406,100.61737823486328,26606900
2019-02-19,100.21756005148966,101.02644354494907,100.20826058326621,100.57086181640625,18038500
2019-02-20,100.71092850433887,100.78562773150345,99.24499000885827,100.04798889160156,21607700
2019-02-21,99.81455889616514,102.22355553828099,99.78654846697711,102.15819549560547,29063200
2019-02-22,102.75577972149443,103.8295508821607,102.54102121513476,103.61479949951172,27763200
2019-02-25,104.35241742314955,104.74457761825508,103.88555801267839,104.19367980957031,23750600
2019-02-26,103.88558441090827,105.73434415688274,103.80154599133975,104.91267395019531,21536700
2019-02-27,104.28707887266992,104.91266890187599,103.530761627791,104.73526000976562,21487100
2019-02-28,104.61387714846452,105.39819768558682,104.32442653934233,104.60453796386719,29083900
2019-03-01,105.40751231593586,105.52889319258372,104.26837426657812,105.07137298583984,23501200
2019-03-04,105.5289344693403,105.74369300678946,103.45608395458201,104.8193130493164,26608000
2019-03-05,104.80994257326576,104.94066264444032,103.85755246560683,104.29639434814453,19538300
2019-03-06,104.45515798707962,105.1927969288456,104.04431930465012,104.34310913085938,17687000
2019-03-07,104.01630039361625,104.15635967154809,102.58771143087516,103.0732421875,25339000
2019-03-08,101.92476826509794,103.37202842391358,101.58862885913973,103.18528747558594,22818400
2019-03-11,103.63344754039642,105.46353553219218,103.62411548147391,105.35149383544922,26491600
2019-03-12,105.34217146694036,106.43462092680946,105.18344095541275,106.08914947509766,26132700
2019-03-13,106.56536424475901,107.37770247147073,106.23856396632733,106.91084289550781,35513800
2019-03-14,106.94818373794297,107.56443462330097,106.75210358697855,106.99486541748047,30763400
2019-03-15,107.69514455440294,109.47855123917266,106.9948553140671,108.22737121582031,54681100
2019-03-18,108.47013571090957,109.81469336525524,108.35809398885458,109.77734375,31207600
2019-03-19,110.26285935702762,110.58966666469846,109.23577001155999,109.8520278930664,37588700
2019-03-20,109.60925571018512,110.87911392162641,108.97432660446448,109.73063659667969,28113300
2019-03-21,109.37583763921738,112.81192367292404,109.32914884205992,112.25169372558594,29854400
2019-03-22,111.57943330384127,111.66346460410283,109.28248515510965,109.29182434082031,33624500
2019-03-25,108.83426981031708,110.18816645354049,108.6101792749148,109.86136627197266,27067100
2019-03-26,110.75775779498369,110.84178909125521,109.10507106453288,110.09481811523438,26097700
2019-03-27,110.06680135675205,110.37493035940187,107.86322378266242,109.0303726196289,22733400
2019-03-28,109.65597014491458,109.78669024515688,108.43279331591718,109.17977142333984,18334800
2019-03-29,110.24420653296404,110.4776362924667,109.2077778308754,110.1228256225586,25399800
2019-04-01,111.0658731697101,111.21527163039491,110.27221343752652,111.13123321533203,22789100
2019-04-02,111.16857474714706,111.5607421160738,110.66436566456426,111.28996276855469,18142300
2019-04-03,111.91555511501143,112.44777463726071,111.25261550825955,112.01826477050781,22860700
2019-04-04,112.13966536707812,112.2610534123729,110.53366733401256,111.44871520996094,20112800
2019-04-05,111.47668309665707,112.2610105657893,111.4580118557365,111.94354248046875,15826200
2019-04-08,111.86886241905232,112.06494253897311,110.77641298361789,111.98091125488281,15116200
2019-04-09,110.76707419019314,111.6167618365554,110.72039251788176,111.37399291992188,17612000
2019-04-10,111.82222478336575,112.37311574812976,111.61680539863582,112.22372436523438,16477200
2019-04-11,112.55048075535684,112.83993134427101,111.97157245381841,112.35440063476562,14209100
2019-04-12,112.64386845859573,112.96133664791964,112.3917674431804,112.93331909179688,19745100
2019-04-15,112.92396271741158,113.52154222590251,112.57848417005823,113.02667236328125,15792600
2019-04-16,113.57758933102583,113.586928516548,112.13966108019707,112.76525115966797,14071800
2019-04-17,113.20408942101066,113.77365858018123,112.55048897132835,113.69895935058594,19300900
2019-04-18,114.09112059654672,115.33296138402915,113.2601113022804,115.19290924072266,27991000
2019-04-22,114.4926287585475,115.78115844117958,114.44593995807884,115.55706787109375,15648700
2019-04-23,115.87452996111688,117.25643725712153,115.6224289579656,117.12571716308594,24025500
2019-04-24,117.45253534808758,117.50855621874696,116.26670801190996,116.72423553466797,31257000
2019-04-25,121.43950869598945,122.66267848604654,120.29103814659383,120.5898208618164,38033900
2019-04-26,121.10334520891162,121.8690015882123,120.46842316039739,121.28075408935547,23654900
2019-04-29,121.29009021022529,121.55153038570931,120.77655616743802,121.16871643066406,16324200
2019-04-30,121.20606431906505,122.03707368116726,120.81390403837405,121.94371032714844,24166500
2019-05-01,121.87833307601908,121.99037479054327,119.23590674493316,119.40397644042969,26821700
2019-05-02,119.49735976229465,119.51603100770696,117.20040477249998,117.84467315673828,27350200
2019-05-03,118.91845561802302,120.85124659150588,118.81574595535531,120.35637664794922,24911100
2019-05-06,118.01274939444173,120.03891801011397,117.7513092019306,119.65608978271484,24239800
2019-05-07,118.07809941249357,118.75037820682213,115.98657092635722,117.20040130615234,36017700
2019-05-08,117.12571813847306,117.99407712677579,116.48144972413883,117.19107818603516,28419000
2019-05-09,116.05194062080588,117.4525191842377,115.37966177056487,117.1817398071289,27235800
2019-05-10,116.6308619432303,119.45069062964431,115.61310436978647,118.7037124633789,30915100
2019-05-13,115.88387624113363,117.22843400349122,114.88479710485718,115.17424774169922,33944900
2019-05-14,115.65977725915673,117.5365473552096,115.5010396121658,116.46277618408203,25266300
2019-05-15,116.45342063378926,118.74949757134115,115.92859753228628,118.10284423828125,24722700
2019-05-16,118.78695908696268,121.25173449061681,118.51517741526305,120.82999420166016,30112200
2019-05-17,120.248991346818,122.26392733954914,119.88349345792838,120.02407836914062,25770500
2019-05-20,118.57142389284797,119.57420124620299,117.85917576435249,118.29027557373047,23706900
2019-05-21,119.42424539109133,119.51796148842769,118.62764783861242,118.92754364013672,15293300
2019-05-22,118.66511743803966,120.18334372143225,118.5713942050529,119.6491470336914,15396500
2019-05-23,118.27150982856791,118.35585931635548,116.90323486624975,118.25276947021484,23603800
2019-05-24,118.93691861104664,119.41487285737321,118.0559715569012,118.30900573730469,14123400
2019-05-28,119.00250740884401,119.95842294565738,118.1309342061263,118.23402404785156,23128400
2019-05-29,117.50301228002517,117.51238603311228,116.24720106934133,117.09066009521484,22763100
2019-05-30,117.39057354760364,117.8591611715282,116.94072628260098,117.83104705810547,16829600
2019-05-31,116.42528506567169,116.79078284308702,115.57245215164943,115.90983581542969,26646800
2019-06-03,116.06914788291841,116.55648299429211,111.53322331596902,112.31107330322266,37983600
2019-06-04,113.66062169109387,115.5349723315145,113.07020381339026,115.42251586914062,29382600
2019-06-05,117.10004014663961,117.9622467777079,116.40653249019898,117.92475891113281,24926100
2019-06-06,118.49644223059795,119.9303192352101,117.70921129370355,119.78974151611328,21459000
2019-06-07,121.07366438769985,123.94141816457893,120.20208402993082,123.14481353759766,33885600
2019-06-10,124.08199321343226,125.6564550166469,123.70712884608348,124.26943969726562,26477100
2019-06-11,125.4690283624345,125.80641202798061,123.032366966806,123.80085754394531,23913700
2019-06-12,123.14484561379972,123.67904247224821,122.49820658011886,123.22920227050781,17092500
2019-06-13,123.68838385285675,124.64430659924139,123.29477196908879,124.00703430175781,17200800
2019-06-14,123.95079488599688,125.3846718914783,123.36975080016143,124.12886047363281,17821700
2019-06-17,124.29756631987414,125.32845058391726,124.20384306852456,124.50374603271484,14517800
2019-06-18,125.75954091231394,126.7435777208925,125.17849687112748,126.6686019897461,25934500
2019-06-19,126.51866050122688,127.39022663171424,125.40341965026458,127.16531372070312,23744400
2019-06-20,128.8147638765865,129.0115770148908,127.19345433785757,128.34617614746094,33042600
2019-06-21,127.99941611139504,129.07716208670809,127.88695964097253,128.3649139404297,36727900
2019-06-24,128.39302778100793,129.70506760031128,128.39302778100793,129.1240234375,20628800
2019-06-25,128.62729546554462,128.94593159968713,124.39125958168773,125.04727935791016,33327400
2019-06-26,125.90950296669142,127.21217601711012,125.20662151574263,125.51587677001953,23657700
2019-06-27,125.71267166577739,126.24686835522608,125.12224675641993,125.72203826904297,16557500
2019-06-28,126.1156838383989,126.14379795268461,124.79426326633084,125.54400634765625,30043000
2019-07-01,128.04625748262103,128.11185231326922,126.4905431538185,127.15592956542969,22613500
2019-07-02,127.56835120062954,128.00882492189115,126.83735530154989,127.99945831298828,15237800
2019-07-03,128.20555767616838,129.08650456600034,127.72758921883212,128.8240966796875,13629300
2019-07-05,127.39963260138227,128.70230590119837,127.1934528589513,128.4492645263672,18141100
2019-07-08,127.83066923510313,128.48670320065781,126.86538009169759,128.35549926757812,16779700
2019-07-09,127.45583309842074,128.36489422850312,127.26840090977846,127.8869400024414,19953100
2019-07-10,128.51483843180986,129.87373959781803,128.41174858886257,129.18960571289062,24204400
2019-07-11,129.51763065603177,130.4735535181549,129.20836107416366,129.70506286621094,22327900
2019-07-12,130.1268282006899,130.3892362053594,129.33958988651776,130.17367553710938,18936800
2019-07-15,130.67975833194603,130.7734673049487,129.7613303156029,130.17367553710938,16651500
2019-07-16,130.22983473087507,130.3141770426455,127.94312561073542,128.4679412841797,22726100
2019-07-17,129.0490467493385,129.26459308233143,127.662031193312,127.70889282226562,20211000
2019-07-18,127.03408850320196,128.0368584307365,126.20936983371017,127.84942626953125,30381800
2019-07-19,131.41068585511186,131.83241176501352,127.87753193407447,128.03684997558594,48992400
2019-07-22,128.77723075571004,130.44540124866816,128.70225503353524,129.73313903808594,25074900
2019-07-23,130.97959701041162,131.19515759628266,129.35828796541364,130.53912353515625,18034600
2019-07-24,130.17360702809614,131.89801996573692,130.12675971633195,131.8792724609375,20738300
2019-07-25,131.60749649701572,131.77619545631205,130.56724583201162,131.38258361816406,18356900
2019-07-26,131.5512812981361,132.77897855057645,131.4856864686977,132.46034240722656,19037600
2019-07-29,132.61028854399578,132.61965514777933,130.61410082590473,132.16981506347656,16605900
2019-07-30,131.3357796179439,132.34793091727414,131.0171433663484,131.5325927734375,16846500
2019-07-31,131.51382257065262,131.66377406323966,126.5936518339119,127.70889282226562,38598800
2019-08-01,128.3929949491042,132.08546731084823,128.32738582483546,129.3863983154297,40557500
2019-08-02,129.41454211461277,129.6301027436691,126.76233412806678,128.29930114746094,30791600
2019-08-05,124.92543274271935,125.51584327987436,122.56374769363164,123.90391540527344,42749600
2019-08-06,125.39407908758956,127.15595922377649,124.8411489996416,126.22816467285156,32696700
2019-08-07,125.38467816692935,127.12782481183912,123.54782257131453,126.78107452392578,33414500
2019-08-08,128.0181509900207,130.25799937259114,127.39023095836242,130.16427612304688,27496500
2019-08-09,129.90184729536685,130.62347616036615,127.88692645562026,129.0583953857422,23466700
2019-08-12,128.45863849650743,129.19900076786826,126.74360580443677,127.25904083251953,20484300
2019-08-13,127.50273192075849,130.07996459196022,126.51869476808513,129.8925323486328,25154600
2019-08-14,128.2187669876731,128.745330467855,125.68936837600458,125.9808578491211,32527300
2019-08-15,126.36639279171123,126.54505134704401,124.35415970387355,125.69877624511719,28074400
2019-08-16,126.8271324104605,128.31280185130936,126.67668160303253,128.00250244140625,24449100
2019-08-19,129.6198140798624,130.2780184343801,128.7171235738247,130.14637756347656,24355700
2019-08-20,129.95832570063476,130.42847373401733,129.0462373680502,129.06503295898438,21170800
2019-08-21,130.27801550755848,131.16189605567308,129.7608498307065,130.50367736816406,14970300
2019-08-22,130.38146604791604,130.88921964983857,128.152954442496,129.5540008544922,18697000
2019-08-23,128.99921419674513,130.0899610311682,124.8713152135032,125.42608642578125,38508600
2019-08-26,126.93060040668998,127.46656182715013,125.90566655391068,127.36312866210938,20312600
2019-08-27,128.24704363610675,128.55734321391054,126.62033465045646,127.63585662841797,23102100
2019-08-28,126.82709746549182,127.65454798279873,125.5765023754115,127.46649169921875,17393300
2019-08-29,129.05560443454982,130.17455878321485,128.73590729143865,129.8736572265625,20168700
2019-08-30,130.84218699291898,130.87039472603064,128.13414417974815,129.62921142578125,23940100
2019-09-03,128.45384520849603,129.00861643990203,127.59817235124179,127.9178695678711,18869300
2019-09-04,129.10266441559082,129.4693793406086,128.3316146847541,129.4129638671875,17995900
2019-09-05,130.80461105642132,131.9987913034947,130.47550163195965,131.68849182128906,26101800
2019-09-06,131.66966504122553,131.81070372065489,129.9489214132864,130.79519653320312,20824500
2019-09-09,131.2559300150329,131.40638083548524,128.31281295925083,129.3095245361328,25773900
2019-09-10,128.63250442621472,128.71712762850865,126.47921840487389,127.95549011230469,28903400
2019-09-11,127.79565649488906,128.13416369155442,127.02460674501427,127.99311065673828,24726100
2019-09-12,129.61982397289833,130.15578529256243,128.6983234584626,129.3095245361328,27010000
2019-09-13,129.55398810746613,129.81726985259985,128.41623792623386,129.1214599609375,23363100
2019-09-16,127.72041897400321,128.53847197683487,127.56057036125333,128.19056701660156,16731400
2019-09-17,128.7829659228231,129.3095294667043,128.28459576759934,129.18728637695312,17814200
2019-09-18,129.1590699993063,130.3908555672847,128.37862253191844,130.24981689453125,23982100
2019-09-19,131.92350543803306,133.86991031016734,131.70724141841268,132.6475372314453,35772100
2019-09-20,132.59115619014355,133.19294515787774,129.99594395699876,131.11489868164062,39167300
2019-09-23,130.91744792933375,131.2935750525382,130.17462017615182,130.83282470703125,17139300
2019-09-24,131.9799342340566,132.29023360546103,128.70770849126524,129.1778564453125,29773200
2019-09-25,129.29072142779168,131.60385628417788,127.90848493088666,131.0396728515625,21382000
2019-09-26,131.1148565864489,131.81066633800296,130.17456072951543,131.20887756347656,17456600
2019-09-27,131.78248802658757,131.979956513644,128.4914517926957,129.50697326660156,22477700
2019-09-30,129.80786877374024,130.90801339831535,129.553984830291,130.72935485839844,17280900
2019-10-01,131.32176186546792,131.8765331425289,128.82057069894088,128.8863983154297,21466600
2019-10-02,128.1153113342721,128.22814224654417,125.604723101785,126.61083221435547,30521700
2019-10-03,126.89297423016744,128.58551032521106,125.26626575860587,128.14356994628906,24132900
2019-10-04,128.5854565131125,129.9959002774245,128.27515716323072,129.8736572265625,22897700
2019-10-07,128.95223584696777,129.93013769988832,128.83940488064928,128.9334259033203,15303700
2019-10-08,128.89575156801484,129.5351458329317,127.52291337014121,127.56993103027344,25550500
2019-10-09,129.25312708957983,130.419085241227,128.79237676811096,129.98655700683594,19749900
2019-10-10,130.22161532389006,131.33115786281488,129.9959390890229,130.79519653320312,17654600
2019-10-11,131.7543088265256,132.60998187611824,131.17132973012653,131.340576171875,25446000
2019-10-14,131.3499789072186,131.91414802041203,131.19013027442472,131.2183380126953,13304300
2019-10-15,131.69783511683093,133.32454292812406,131.4627611531502,133.11769104003906,19695700
2019-10-16,132.3842649969557,132.57233567158409,131.19949722479822,132.02696228027344,20751600
2019-10-17,132.53472821026696,132.97666851103372,130.71996368191864,131.34996032714844,21460600
2019-10-18,131.41575682035037,131.64143301357356,128.40681264959562,129.20606994628906,32273500
2019-10-21,130.18397106914125,130.2309887360744,128.8299426090207,130.1651611328125,20078200
2019-10-22,130.6729245336376,131.6508259728014,128.12471628943948,128.2281494140625,27431000
2019-10-23,128.7076965438783,129.2436577008972,127.51351683407137,129.04620361328125,29844600
2019-10-24,131.0678107167205,132.03631409310663,130.39079669760764,131.58497619628906,37029300
2019-10-25,131.02086970885873,132.71340574673843,130.8892288141226,132.327880859375,25959700
2019-10-28,135.77872241507427,136.97290222715964,134.94185963678848,135.58126831054688,35280100
2019-10-29,135.47787572150747,135.8727983964971,134.13324471943645,134.30250549316406,20589500
2019-10-30,134.95129230297334,136.34292643123823,134.2648658601945,135.97621154785156,18496600
2019-10-31,136.24889352499255,136.27710125900543,134.45293895246255,134.81024169921875,24605100
2019-11-01,135.64705084406975,135.79750159768017,134.434075719048,135.13929748535156,33128400
2019-11-04,136.18305097980556,136.34289955410134,135.55305447601285,135.91976928710938,16912000
2019-11-05,136.31472038389848,136.36173805625353,135.31800886019954,135.83517456054688,18250200
2019-11-06,135.750580762178,135.8916338247031,134.65043574384444,135.45909118652344,16575800
2019-11-07,135.25214170267665,136.230057349722,135.18632845884616,135.64706420898438,17786700
2019-11-08,135.3837940744378,137.27379793797405,135.17692783715745,137.24559020996094,16732700
2019-11-11,136.6625953754945,137.67811661507872,136.08901433316757,137.38662719726562,14362600
2019-11-12,137.5464801197768,138.75946983921307,137.33961387844312,138.28932189941406,18641600
2019-11-13,137.97905333826856,138.65606767053015,137.54651082407602,138.5150146484375,16919200
2019-11-14,138.2423436805433,139.54935475220276,138.2235337402069,139.22024536132812,19729800
2019-11-15,140.0383191780305,141.0350452946873,139.41773453273896,141.0162353515625,23485700
2019-11-18,141.11025085197898,141.56158898894984,140.08531713883045,141.36412048339844,21534000
2019-11-19,141.87192900169097,142.2950595228066,141.23251997271544,141.4111785888672,23935700
2019-11-20,141.81686223353356,142.316913894024,140.0714035080911,141.1658477783203,25696800
2019-11-21,140.9582100450285,141.33561685113608,140.10906992533216,141.03369140625,18576100
2019-11-22,141.59038518125598,141.80738512836697,140.4110157347403,141.1374969482422,15901800
2019-11-25,141.5243947412418,142.79812005255533,141.44891333645376,142.6848907470703,22420900
2019-11-26,142.80749590026912,143.807598941976,142.76976241042755,143.43963623046875,24620100
2019-11-27,143.72271712875067,143.88310968736712,142.95848783321202,143.71328735351562,15184400
2019-11-29,143.50568823109214,143.69438447402376,142.73201491949175,142.8263702392578,11977300
2019-12-02,143.2320722061633,143.2509461501962,139.939281604175,141.0997772216797,27418400
2019-12-03,139.1562122970055,140.98658220807218,138.36366481767868,140.8733673095703,24066000
2019-12-04,141.65645044887273,141.6941839441331,140.76956214592752,141.38284301757812,17574700
2019-12-05,141.5715422696529,141.82629015698552,141.03374277379544,141.45831298828125,17869100
2019-12-06,142.45840932459984,143.28867568329738,141.7790913241923,143.1754608154297,16403500
2019-12-09,142.53388772668518,143.60947213877773,142.38292497494575,142.8074951171875,16687400
2019-12-10,142.74144823806375,143.30755137751936,142.241396703405,142.5904998779297,16476100
2019-12-11,142.97730264471568,143.2886578892875,141.83568114455122,143.12826538085938,18856600
2019-12-12,143.08108429181198,144.76994926910868,142.48669192698674,144.5812530517578,24612100
2019-12-13,144.3548534956777,146.13805993358372,144.1944609416082,145.79840087890625,23845400
2019-12-16,146.34564630039128,147.0910017099532,146.07203883011286,146.74191284179688,24144200
2019-12-17,146.66636164642796,146.91167967193718,145.7228662168638,145.94931030273438,25425600
2019-12-18,145.58139320542384,146.69471125023816,145.4681639287665,145.64743041992188,24129200
2019-12-19,145.2983287653003,146.9683200815082,145.06245485496703,146.91171264648438,24958900
2019-12-20,148.4591243462153,149.53470937689582,147.45900633820654,148.51573181152344,53477500
2019-12-23,149.1856060131479,149.1856060131479,148.38364292693493,148.51573181152344,17718200
2019-12-24,148.58170665968245,148.7987210477082,148.24204761386238,148.48736572265625,8989200
2019-12-26,148.65717177108485,149.76105994998684,148.5062090124484,149.70445251464844,14520600
2019-12-27,150.44042268690563,150.53477803825157,149.27992672769824,149.97811889648438,18412800
2019-12-30,150.00637308062258,150.03467679735755,147.87406377591745,148.6854705810547,16348400
2019-12-31,147.91183199047254,148.85532773557313,147.6099064416711,148.78927612304688,18369400
2020-01-02,149.80823721712613,151.6480508437844,149.38366705660513,151.5442657470703,22622100
2020-01-03,149.3742047070678,150.9120924818622,149.12888667927888,149.65724182128906,21116200
2020-01-06,148.20429950761726,150.11016476552868,147.66650007283684,150.0441131591797,20813700
2020-01-07,150.31774362857513,150.6479584895555,148.43075220605184,148.67605590820312,21634100
2020-01-08,149.949776674837,151.71412356453547,149.0251548459884,151.0442352294922,27746500
2020-01-09,152.69532422046993,153.05385715484587,151.93109508906883,152.9311981201172,21385000
2020-01-10,153.6199555862088,153.9973480554913,152.07260903099078,152.22357177734375,20725900
2020-01-13,152.61985290151284,154.08227405500872,152.1481050711336,154.05397033691406,21626500
2020-01-14,154.15779378614846,154.3559342587048,152.5821573682942,152.968994140625,23477400
2020-01-15,153.43123952960977,154.67666054808353,153.38407627006706,153.9595947265625,21417900
2020-01-16,155.06350048050558,156.84670650655414,154.76157499203615,156.78065490722656,23865400
2020-01-17,157.96005323691986,158.0072309026949,156.08249155325078,157.65814208984375,34371700
2020-01-21,157.2618633387862,158.68655112278356,157.02598940332732,157.092041015625,29517200
2020-01-22,157.94117430658434,158.02609986094006,156.3183605520355,156.3372344970703,24138800
2020-01-23,156.79955474739776,157.3750877078265,155.93154041958098,157.2996063232422,19680800
2020-01-24,158.04491237455005,158.06378631396788,155.15781869731546,155.7144775390625,24918100
2020-01-27,152.04433408904563,154.14833997343501,151.14801600742726,153.11048889160156,32078100
2020-01-28,154.52569881083977,156.393815954086,153.8558250377088,156.11077880859375,24899900
2020-01-29,158.3562714423913,159.21485574931927,156.32776200185393,158.5449676513672,34754500
2020-01-30,164.2154249334723,164.2154249334723,161.1396198225113,163.01718139648438,51597500
2020-01-31,162.47938348314258,162.65863555385778,159.99798545017555,160.6112518310547,36142700
2020-02-03,160.79997468248092,164.6400093173289,160.77167096154713,164.52679443359375,30107000
2020-02-04,167.1308156372182,170.43305034843976,166.3477125352507,169.9424285888672,36433300
2020-02-05,173.63150495950617,173.7918974939306,168.32906396328247,169.73486328125,39186300
2020-02-06,170.74438778216063,173.43335581021924,169.88580339182903,173.25408935546875,27751400
2020-02-07,172.51816064750537,175.1410770270383,172.16905751732648,173.4993896484375,33529100
2020-02-10,173.20694984601053,178.16973226048214,172.89559452391404,178.0376434326172,35844300
2020-02-11,179.87750411522677,179.92468179388553,173.13151356860746,174.01840209960938,53159900
2020-02-12,175.09392315032483,175.34867100497553,171.57468843308777,174.27308654785156,47062900
2020-02-13,172.73519819186575,175.70720395202792,172.53705775610726,173.32960510253906,35295800
2020-02-14,172.89556091915946,174.93351477862925,172.32945782599572,174.8769073486328,23149500
2020-02-18,175.12223737437887,177.09413993131065,175.0184522715613,176.65069580078125,27792200
2020-02-19,177.91846242043405,178.0319865458468,176.41421001500964,177.18052673339844,29997500
2020-02-20,176.86829430160537,177.15211900829618,171.33377748279395,174.4747314453125,36862400
2020-02-21,173.29212079528097,173.60432649349278,167.69137259385064,168.9591064453125,48572600
2020-02-24,158.72257505471552,165.1369449522698,154.4273981537831,161.67431640625,68311100
2020-02-25,164.80585480979238,165.41134073594938,158.60907598738845,159.00643920898438,68073300
2020-02-26,160.55796355617804,163.91650924081372,159.13885486602095,160.99314880371094,56206100
2020-02-27,154.51257654493847,158.0224976383526,149.4605381321256,149.64974975585938,93174900
2020-02-28,144.1909495095758,154.88157433959893,143.8030562222492,153.2732391357422,97012700
2020-03-02,156.39525905232836,163.59487210913974,153.55704125494026,163.4718780517578,71030800
2020-03-03,164.42743581821443,165.56272015494937,153.50974893073658,155.63841247558594,71677000
2020-03-04,159.40378432160293,161.49459677203134,156.6885460281868,161.35269165039062,49814400
2020-03-05,157.09539066203848,161.65545403204987,156.75480387804353,157.30352783203125,47817300
2020-03-06,153.8409040238814,154.31394044060374,147.58736201737483,152.85699462890625,72821100
2020-03-09,142.85700988508597,149.24300204882326,141.91093697193972,142.49749755859375,70419300
2020-03-10,149.63086415534653,152.3460882294673,144.35177667029004,152.2420196533203,65354400
2020-03-11,148.65642387157212,149.19567786157322,142.99889812654817,145.3451690673828,56371600
2020-03-12,137.46435020909462,145.19376153679778,131.10674124965627,131.56085205078125,93226400
2020-03-13,139.5457337596405,153.1786458580009,133.14081705620686,150.26473999023438,92727400
2020-03-16,132.45020301671514,141.29599020684492,127.71983862326103,128.1171875,87905900
2020-03-17,132.45018849397624,139.54573430615352,127.71982461919136,138.6658935546875,81059800
2020-03-18,130.55804437090856,138.12662665328008,127.7387515127842,132.82861328125,81593200
2020-03-19,135.0708001368095,142.05280667661373,131.5041021024752,135.0140380859375,85922700
2020-03-20,138.12660739420775,139.16729308730046,128.53343126632095,129.94308471679688,84866200
2020-03-23,129.62145721407347,132.9894892379483,125.37359866075013,128.64700317382812,78975200
2020-03-24,135.99792369782372,141.53245367137308,133.6516679084339,140.34039306640625,82516700
2020-03-25,140.87965288531754,146.00736386444476,136.65070785219186,138.99696350097656,75638200
2020-03-26,140.39716505007598,148.21173379721907,140.36878402755934,147.69139099121094,64568100
2020-03-27,143.5665425152988,146.53721042878792,141.15405407019614,141.62709045410156,57042300
2020-03-30,144.21933299332323,151.9392901340011,141.92036869340518,151.5892333984375,63420300
2020-03-31,150.80397455281383,155.89385002651397,148.11713169291087,149.2051239013672,77927200
2020-04-01,144.7490624888087,149.24290593208872,142.68663179565965,143.9070587158203,57969900
2020-04-02,143.67059624516327,147.0953746911042,142.2514872401482,146.88723754882812,49630700
2020-04-03,146.73589452913959,148.89293932114418,143.98281926389615,145.5343780517578,41243300
2020-04-06,151.6743654152185,157.52108712521817,149.0821213070367,156.357421875,67111700
2020-04-07,160.4444503945996,160.83234362915013,154.45580904362706,154.6734161376953,62769000
2020-04-08,156.7358484464,157.68192106171185,154.68287260348404,156.2249755859375,48318200
2020-04-09,157.38863044554174,158.34415852684268,154.5220317657175,156.2344207763672,51385100
2020-04-13,155.48700909505143,156.64121861044362,153.54755773322557,156.58444213867188,41905300
2020-04-14,159.8862710690104,164.38011596592045,158.9401984591346,164.3328094482422,52874300
2020-04-15,161.9676402425253,164.2098423148961,160.11334587025092,162.61097717285156,40940800
2020-04-16,164.90044626603395,167.71973838730918,163.57593605123742,167.49267578125,50479600
2020-04-17,169.82005710511905,170.2930934758854,166.38580843385955,168.96859741210938,52765600
2020-04-20,167.10478652148615,169.1104555567061,165.55322823395514,165.61944580078125,36669600
2020-04-21,164.1436613290912,164.30449200269308,157.15218261418258,158.7699737548828,56203700
2020-04-22,162.14741225062102,164.61666276960204,161.60815827581536,164.1625518798828,34620200
2020-04-23,164.72070363625357,165.6194697336528,161.69327415431388,162.17576599121094,32790800
2020-04-24,162.78128221888915,165.14646419797546,161.50409261173763,165.1370086669922,34277600
2020-04-27,167.06695850395437,167.36023870290072,163.95438597316996,164.6639404296875,33194400
2020-04-28,166.12090220980403,166.19658975824308,160.25525434705176,160.65260314941406,34392700
2020-04-29,163.8787209318409,168.09819726179364,162.61098692676447,167.86167907714844,51286600
2020-04-30,170.29306052505186,170.67148377407221,166.72636293755244,169.54566955566406,53875900
2020-05-01,166.31959502467402,169.0064382134677,164.62611669069204,165.1559295654297,39370500
2020-05-04,165.08019570399185,169.34697748159672,164.42740336931547,169.1956024169922,30372900
2020-05-05,170.87962012199586,173.74621880637977,170.1984467280906,171.01206970214844,36839200
2020-05-06,172.2609814763393,174.26665170887046,171.83525149399077,172.6961669921875,32139300
2020-05-07,174.23819799492594,174.5977102209606,172.73394594797495,173.69894409179688,28316000
2020-05-08,175.0045278283873,175.02345332485953,173.47189464038965,174.720703125,30877800
2020-05-11,173.27320482134522,177.39808226581636,172.98939456730636,176.66961669921875,30892700
2020-05-12,176.72640022519468,176.95344845601588,172.46907266619553,172.66773986816406,32038200
2020-05-13,172.70557072381354,174.12467974465682,167.0196646746437,170.0565643310547,44711500
2020-05-14,167.96573220384843,170.9458697177753,166.2060364945341,170.79449462890625,41873900
2020-05-15,169.40376544975464,176.9723466073332,167.4548581114258,173.2826690673828,46610400
2020-05-18,175.73297567340927,176.1587054325401,174.03951216542788,174.9382781982422,35264500
2020-05-19,175.05180600072785,176.53714686086957,173.59486059865768,173.72731018066406,26799100
2020-05-20,175.33064720227907,176.31731120144525,174.50527623223215,176.13705444335938,31261300
2020-05-21,175.8903475732712,177.09521003420213,173.8885743642507,174.02139282226562,29119500
2020-05-22,173.79374166252967,174.99860432695908,173.17707305777867,174.09732055664062,20826900
2020-05-26,176.782176165125,176.93397286008036,171.8109574524387,172.25685119628906,36073600
2020-05-27,170.95710776267882,172.65530248461448,167.54176906562353,172.48452758789062,39517100
2020-05-28,171.46936892156205,174.70444993172222,171.1278337019524,172.0955047607422,33810200
2020-05-29,173.35731502615758,174.81833266260008,171.15632118415826,173.85064697265625,42130400
2020-06-01,173.1770609318364,173.61347275196593,172.15246956934172,173.4521942138672,22622400
2020-06-02,174.79937137437696,175.51090205839748,172.04812518661575,175.42552185058594,30794600
2020-06-03,175.340121328542,176.40266906121542,174.1637188558485,175.8524169921875,27311000
2020-06-04,174.8468034419461,176.30780669177656,172.94938835191115,173.53758239746094,28761800
2020-06-05,173.25297060087948,178.10086682904225,172.67425840814317,177.59805297851562,39893600
2020-06-08,176.40266186089056,178.87878883238318,174.9796007158058,178.6985321044922,33211600
2020-06-09,178.3570358813876,180.91854360786243,177.65498701810736,180.06471252441406,29783900
2020-06-10,181.32644965381985,188.3373967476079,181.21259492226793,186.74356079101562,43872300
2020-06-11,183.22392528666057,185.7190167286618,176.52605114750392,176.71578979492188,52854700
2020-06-12,180.7667054997271,181.88618778329942,175.68163314772607,178.11033630371094,43373600
2020-06-15,175.11244424815027,181.0323846706777,174.5716739870542,179.24880981445312,32770200
2020-06-16,182.99615262890305,185.54817761152182,181.6395081227933,183.6412811279297,42556700
2020-06-17,185.02643488567597,186.25027574878882,183.7551702253078,184.27696228027344,25687800
2020-06-18,184.04925109754151,186.4115379338591,184.04925109754151,186.25025939941406,23061600
2020-06-19,188.4038148339312,189.06790717419463,184.4002681133222,185.1402587890625,44441100
2020-06-22,185.74742222527766,190.46249933268095,185.21614837815503,190.28225708007812,32818900
2020-06-23,191.72433404445357,193.48893093100943,191.0981834933236,191.55357360839844,30917400
2020-06-24,191.25944078024958,192.8248023892685,186.477946798873,187.69229125976562,36740600
2020-06-25,187.65431559392863,190.32018091517708,185.4438257446198,190.06402587890625,27803900
2020-06-26,189.48535016501688,189.63714684348795,184.88412734837098,186.25975036621094,54675800
2020-06-29,185.73792482924833,188.34687005585565,183.6223114806237,188.26148986816406,26701600
2020-06-30,187.73022872460268,193.91579067434787,187.5974102649732,193.07144165039062,34310300
2020-07-01,192.72044279649725,195.76580026984053,191.42071814154644,194.20042419433594,32061200
2020-07-02,195.1301677892324,197.3501545246881,194.48505358442102,195.680419921875,29315800
2020-07-06,198.11860638784356,200.3006367249916,197.41655756468825,199.89268493652344,31897600
2020-07-07,199.65548237749698,203.65902902311808,197.32167012883755,197.56832885742188,33600700
2020-07-08,199.29500916856912,202.32137420232715,197.985788069965,201.91343688964844,33600000
2020-07-09,205.23390809166048,205.28134636486303,200.62318877326808,203.32701110839844,33121700
2020-07-10,202.66288887882965,203.09930069264342,200.2531782297019,202.7103271484375,26177600
2020-07-13,203.4788109385705,204.73111197415724,195.9081280111182,196.4488983154297,38135600
2020-07-14,195.55709135354584,198.13757704024243,191.66738461923939,197.66322326660156,37591800
2020-07-15,198.81116499075517,200.4903815184619,194.513520663541,197.36912536621094,32179400
2020-07-16,194.8645323928501,195.14914756390348,191.93302942609668,193.46044921875,29940700
2020-07-17,193.98222687594824,194.52298263226248,191.06020599071783,192.47378540039062,31635300
2020-07-20,194.48506023255374,201.4106286872803,192.59712687547508,200.7465362548828,36884800
2020-07-21,202.7008827079913,202.96651969548472,197.35965393406903,198.042724609375,37990400
2020-07-22,198.46963238116317,201.41063181098787,197.70118152060454,200.8888397216797,49605700
2020-07-23,196.5627288593702,200.1014041342364,191.7812344755157,192.15122985839844,67457000
2020-07-24,190.13997095622724,192.4548197616395,187.37922843127433,190.97483825683594,39827000
2020-07-27,191.13611433106948,193.50788324422007,190.5574021372156,193.39404296875,30160900
2020-07-28,193.1663240584175,194.20041170242473,191.3922457630907,191.6578826904297,23251400
2020-07-29,192.11328024636595,194.15299570297475,191.64840833214134,193.59326171875,19632600
2020-07-30,190.69020608720186,193.97274038237816,189.33356132079433,193.4414520263672,25079600
2020-07-31,193.91579471916805,194.57990150729412,188.80226220258274,194.4945068359375,51044000
2020-08-03,200.67066409849275,206.47675080253617,199.64605800787368,205.43316650390625,78983000
2020-08-04,203.18472090150962,203.75395129663647,199.52270869905698,202.349853515625,49280100
2020-08-05,203.8772658730298,203.97214242740145,200.71808217349727,202.01780700683594,28806400
2020-08-06,201.44857235284556,205.2718628994895,200.6990997033003,205.25289916992188,32656800
2020-08-07,203.82983727662753,204.63623006529596,200.11089067947304,201.58139038085938,27820400
2020-08-10,200.8129066386174,201.01214157502835,195.76579047102226,197.56832885742188,36716500
2020-08-11,196.53424855661615,196.99910596543356,192.7204403652862,192.94813537597656,36446500
2020-08-12,194.760130815179,199.49418583198894,194.2478352017247,198.46009826660156,28013100
2020-08-13,198.6973032856729,200.50933810472836,197.47346249067883,197.99525451660156,22588900
2020-08-14,198.05219433177936,198.83962338076026,196.8663098259881,198.1850128173828,17958900
2020-08-17,198.84908754194612,200.35752891493178,198.2039589476091,199.49420166015625,20184800
2020-08-18,199.73143089390817,201.46756772179177,198.47914425767797,200.64219665527344,21336200
2020-08-19,201.12714989922767,201.70726092580176,198.99690303697932,199.4248504638672,27627600
2020-08-20,199.27269804095937,204.4651687103095,198.6735774141608,204.0657501220703,26981500
2020-08-21,203.38108226109503,205.65397415805003,202.42057643816506,202.58224487304688,36249300
2020-08-24,204.26546784718295,204.95970892133417,202.02110524249252,203.21937561035156,25460100
2020-08-25,202.65826085369224,205.99626818352706,202.65826085369224,205.86312866210938,23043700
2020-08-26,207.20408028520444,211.20778593927406,206.7095557551651,210.3138427734375,39600800
2020-08-27,211.9685725901218,219.82383415417013,208.64957449804308,215.47776794433594,57602200
2020-08-28,216.99939288185305,219.33886163691153,215.47780004695665,217.69363403320312,26292900
2020-08-31,215.87720527831104,217.49390391341316,213.3190105239383,214.47923278808594,28774200
2020-09-01,214.46020134670846,216.30514535953128,213.4331186639683,216.13397216796875,25725500
2020-09-02,216.7996706686181,221.45006436765206,216.21005476958462,220.29934692382812,34080800
2020-09-03,218.03594595556712,218.0739796006639,204.42712754859411,206.6524658203125,58400300
2020-09-04,204.56030973531264,207.66056760203185,195.13588685722308,203.751953125,59664100
2020-09-08,196.3816830611181,199.73871502955402,192.2923763469673,192.72984313964844,52924300
2020-09-09,197.42776995522604,204.3130063928278,196.57186053691743,200.93695068359375,45679000
2020-09-10,202.9435570623291,204.2179091134677,194.1087663570984,195.30702209472656,35461500
2020-09-11,197.04735500062918,198.40729363618516,191.37939858486314,194.03268432617188,33620100
2020-09-14,194.2324234935453,198.94937969662053,194.0327069253546,195.3450927734375,30375800
2020-09-15,198.20761161974576,199.50097346192692,196.79061501339825,198.5499725341797,21823900
2020-09-16,200.29979862410642,200.32832748932069,194.61281748381796,195.0027313232422,26328100
2020-09-17,190.24772725890895,194.3180098283197,190.16214066313728,192.96759033203125,34011300
2020-09-18,192.86300660159972,193.67134874869507,186.63394712032712,190.5710906982422,55225300
2020-09-21,187.5278763694896,192.7774055847078,186.75756793525397,192.61572265625,39839700
2020-09-22,195.01227449746213,197.9033258380218,192.1782954096878,197.2566375732422,33517100
2020-09-23,197.71307502263417,197.90328680548734,190.22870282103128,190.76126098632812,30803800
2020-09-24,190.05757702189405,195.49730451435164,189.43941759572255,193.23391723632812,31202500
2020-09-25,193.57626076106624,198.79724708016178,192.61574044256676,197.6370391845703,29437300
2020-09-28,200.54705579518048,202.15424948857515,197.8652265411116,199.1776123046875,32004900
2020-09-29,199.09209561000202,199.77681759563532,196.67654457426065,197.1044921875,24221900
2020-09-30,197.55140923532704,201.5931629854757,196.41971586350593,200.02401733398438,33829100
2020-10-01,203.02916650629612,203.5046669074444,200.96549650664707,202.0496368408203,27158400
2020-10-02,197.80820829449382,200.6517065127317,195.46873944611644,196.08689880371094,33154800
2020-10-05,197.06638251862154,200.10007732438478,196.83813710773543,200.07154846191406,21331600
2020-10-06,198.58800309532225,199.88135031174275,194.7839997215078,195.82058715820312,28554300
2020-10-07,196.9142162472281,199.81477148517834,196.59087946952087,199.54849243164062,25681100
2020-10-08,200.195172246552,200.8418603333065,198.11249269364578,200.26174926757812,19925800
2020-10-09,200.87991823945055,205.2830570981348,200.87991823945055,205.23550415039062,26458000
2020-10-12,208.06947707751453,212.89105852593914,206.18649938983765,210.5515899658203,40461400
2020-10-13,211.80690868034506,214.17490600080814,209.62910862604807,211.94004821777344,28950800
2020-10-14,212.07321213399132,213.23343445543483,208.3928430961222,210.03807067871094,23421700
2020-10-15,206.46230580810285,209.56256358737795,205.42570377548589,208.89686584472656,22733100
2020-10-16,209.36284700902132,211.39798840005417,208.5735290141705,208.89686584472656,26057900
2020-10-19,209.61957491737695,211.40746089710416,203.24787305772182,203.72337341308594,27625800
2020-10-20,205.22598388990758,206.7190476608561,202.6487652321847,204.13232421875,22753500
2020-10-21,202.67730485689108,206.29111113797111,202.67730485689108,204.27499389648438,22724900
2020-10-22,203.4476132060578,205.47324974306363,201.32688528683093,204.36058044433594,22351500
2020-10-23,204.49368969983445,205.68244063494072,202.71532294447377,205.6348876953125,18879600
2020-10-26,203.37156311827778,205.73954624505387,197.9033075440224,199.78628540039062,37111600
2020-10-27,201.2222840641838,204.1513686811001,200.0240281118137,202.8009490966797,36700300
2020-10-28,197.49437094383575,198.60704034441673,192.19730305331996,192.74887084960938,51195600
2020-10-29,194.07072861243995,197.19951467238957,193.40501648336496,194.68887329101562,31432600
2020-10-30,193.5286936375515,194.27997800437075,189.83880530203297,192.54916381835938,36953700
2020-11-02,194.2799538734767,195.22144992256125,190.31428213947027,192.41600036621094,30842200
2020-11-03,193.89957334651695,197.92230309923994,193.16729858879407,196.3151092529297,27512000
2020-11-04,203.533181242836,207.62248730304893,202.01157426332247,205.78704833984375,42311800
2020-11-05,211.16024781755988,213.13833156547503,210.31385753941993,212.3489990234375,36080100
2020-11-06,211.3694667927054,213.36657460037193,207.3467368207677,212.7579345703125,25231900
2020-11-09,213.44264528742468,216.94232164998468,207.20408167686315,207.6890869140625,44395000
2020-11-10,203.9896985273652,205.8917003784362,199.4439152641953,200.6707000732422,44045100
2020-11-11,201.98307243463896,207.35622149875866,201.80237994913776,205.93923950195312,29440800
2020-11-12,206.56692751698532,208.37382355937075,203.95167484393502,204.88365173339844,21593900
2020-11-13,205.75855501047297,206.7666136412532,203.66635593568657,205.9011993408203,18621100
2020-11-16,204.34154443508726,207.0709266945876,204.0087028500602,206.58590698242188,24953300
2020-11-17,205.51127030664728,207.01383873960796,203.59024470584538,203.95162963867188,24154100
2020-11-18,203.7133117893562,205.1626219373687,201.11981554517192,201.26284790039062,28372800
2020-11-19,201.54885769573278,203.12211144423998,200.16628461776338,202.5404815673828,24792700
2020-11-20,202.33075076295853,203.3700522735428,200.23307385148038,200.6049346923828,22843100
2020-11-23,201.13884979714734,202.4165237769286,198.4786172840736,200.33792114257812,25683500
2020-11-24,199.84210399056337,204.28537395912775,199.14605988233055,203.91351318359375,33979700
2020-11-25,205.1053529296505,205.27697424519195,202.57860879010497,203.9230194091797,21012900
2020-11-27,204.85747104569143,206.21142601667475,204.08513140142963,205.21978759765625,14512200
2020-11-30,204.14234256764314,204.77163530412324,201.03395391105286,204.11373901367188,33064800
2020-12-01,204.53325969211036,207.21258045120723,203.427221673315,206.15420532226562,30904500
2020-12-02,204.88605516495122,205.4486111007541,202.9027930641658,205.35325622558594,23724500
2020-12-03,204.62861999918616,206.31630244938077,203.71326261374324,204.2758331298828,25120900
2020-12-04,204.2567706784118,205.36282333758197,203.26513224291,204.3902587890625,24666000
2020-12-07,204.39981311250966,205.51539557517503,203.08400573427372,204.3235321044922,24620000
2020-12-08,204.01840165272458,206.85979980104426,202.98862997399976,205.96351623535156,23284100
2020-12-09,205.15305477478972,205.21979155573646,201.38676956150456,201.94932556152344,32440600
2020-12-10,201.92068390599115,203.1697541123935,200.57625883152795,200.72882080078125,26733300
2020-12-11,200.28071849667674,203.3986370668293,199.38443493743736,203.34141540527344,30979400
2020-12-14,203.18888557447357,206.15424240250815,202.9791164445845,204.2377166748047,28798400
2020-12-15,205.16258335643218,205.40095602118834,202.36886270906425,204.17095947265625,27000600
2020-12-16,204.76210957630974,209.8728198548005,204.733506021788,209.0814208984375,35023300
2020-12-17,209.64397264344512,210.6165371249153,207.78466889145207,209.21490478515625,32515800
2020-12-18,208.42347717285156,209.4723225035944,205.9730142442759,208.42347717285156,63354900
2020-12-21,207.43190114873119,213.58191314877274,207.1744545903805,212.23748779296875,37181900
2020-12-22,212.3328406363443,215.13610554728626,211.53191196153603,213.5247039794922,22612200
2020-12-23,212.73333182022338,213.16239976808146,210.53077041198577,210.74053955078125,18699600
2020-12-24,211.12190083843498,213.2100477180936,210.91213172866298,212.39004516601562,10550600
2020-12-28,214.01097912101392,215.51749613359814,212.64749443916563,214.4972686767578,17933500
2020-12-29,215.7844577615069,216.61398993703023,213.18143246826625,213.72491455078125,17403200
2020-12-30,214.7546914133142,215.13609639636613,211.16957186730082,211.3697967529297,20272300
2020-12-31,211.3888488096935,212.62838941566082,209.46279385424006,212.0753631591797,20942100
2021-01-04,212.18029080751847,212.628432614177,204.81934121407613,207.56539916992188,37130100
2021-01-05,207.15542194049814,208.35682975255156,205.66797850568545,207.76565551757812,23823000
2021-01-06,202.30212170745105,206.42120854830253,202.0828229184312,202.37840270996094,35930700
2021-01-07,204.08513119067524,209.138634517425,203.77049208114227,208.13746643066406,27694500
2021-01-08,208.50931041036256,210.32095121888779,206.93605679293017,209.4055938720703,22956200
2021-01-11,208.30911162404655,208.72864985432813,206.65003259041848,207.37469482421875,23031300
2021-01-12,206.43070295929502,207.00280310584745,203.39861001025608,204.9337158203125,23249300
2021-01-13,204.06606184414557,206.67861677106026,203.98023663300623,206.2781524658203,20087100
2021-01-14,205.86816670165965,207.34608009721836,202.84560313156365,203.11257934570312,29480800
2021-01-15,203.58937360625876,204.53332025134935,202.16866697946386,202.75982666015625,31746500
2021-01-19,203.80859756685624,206.88836785633777,202.74069284584706,206.3734893798828,30480900
2021-01-20,207.5749198269977,215.2886559996151,207.18398515320732,213.90609741210938,37777300
2021-01-21,214.2493283744459,215.7749191075521,212.075371036692,214.50677490234375,30709400
2021-01-22,216.5186569680968,219.3695992284759,215.29819010893078,215.4412078857422,30172700
2021-01-25,218.46377115568953,219.09307847095562,213.79167283132318,218.85470581054688,33152100
2021-01-26,221.07637903093,223.28847013700926,219.37916655887562,221.52452087402344,49169600
2021-01-27,226.9307862882382,229.25730592090014,219.43634881456967,222.06797790527344,69870600
2021-01-28,224.65195371085622,231.35499244547177,224.15613445257466,227.81753540039062,49111200
2021-01-29,225.01427347529136,226.94985841468173,220.59007724966867,221.1717071533203,42503100
2021-02-01,224.12752469767685,231.22149793113354,221.61983946645995,228.50404357910156,33314200
2021-02-02,230.07728550233475,231.04030577405533,227.58867444558177,228.3705291748047,25916300
2021-02-03,228.427776040609,233.69103427666695,228.1321816996905,231.6982421875,27158100
2021-02-04,231.37408072720086,231.92710713639534,229.19057865045764,230.75430297851562,25296100
2021-02-05,230.96405888066087,231.9652270718367,229.2382429616154,230.93545532226562,18054800
2021-02-08,231.84122242822716,232.3465712580115,229.61005802324223,231.19285583496094,22211900
2021-02-09,230.6207778665767,233.37636525124478,230.1535767615209,232.4324188232422,23565000
2021-02-10,233.60522939962993,234.4824391274002,229.68638190814508,231.52662658691406,22186700
2021-02-11,233.39543288023918,233.74821975404504,230.88774789305762,233.11892700195312,15751100
2021-02-12,232.58496032734098,233.89125237223962,231.44077449132203,233.59567260742188,16561100
2021-02-16,233.6338212360362,234.68266680852793,231.6219553099753,232.3656768798828,26728500
2021-02-17,230.62633988583025,233.48383401445355,230.26317424435055,233.3787078857422,21653500
2021-02-18,231.08502464867303,233.12062720680663,230.18667690425352,232.98683166503906,16925600
2021-02-19,232.94863218954157,233.05375830942427,229.53682368458402,230.2918243408203,25262600
2021-02-22,226.89913962744436,227.38653460557697,222.10158820325069,224.1180877685547,36446900
2021-02-23,220.12330808748274,224.4238980172316,218.59420361274584,222.9330291748047,30228700
2021-02-24,219.81750035690945,224.77751683776836,218.85226200566777,224.1563262939453,26339700
2021-02-25,221.795750007288,224.19451814657435,217.78186916527636,218.84268188476562,39542200
2021-02-26,221.27013424972316,224.93996757449008,219.36831252056643,222.0824737548828,37819200
2021-03-01,225.44652245437769,226.94695781101586,222.8183836125361,226.44044494628906,25324000
2021-03-02,226.50729480119938,226.78445210469692,223.10505255325617,223.50643920898438,22812500
2021-03-03,221.87223909617876,223.22931252952912,217.18936527759203,217.47607421875,34029500
2021-03-04,216.69239700995695,222.18759526620298,214.32228361038455,216.68283081054688,44727800
2021-03-05,219.34925149675033,222.93307721041825,216.42485204761718,221.3370819091797,41872800
2021-03-08,221.11721209862156,223.0285853688386,217.06511009863868,217.31358337402344,35267400
2021-03-09,222.56031325714096,224.94952989865914,221.40392598629288,223.42042541503906,33080500
2021-03-10,226.49774377773664,226.49774377773664,221.75753141565502,222.12069702148438,29746800
2021-03-11,224.5481556095097,228.5715884889649,223.92695049895786,226.6219940185547,29907600
2021-03-12,223.64026135026475,225.37006669631376,222.89482681776772,225.30316162109375,22653700
2021-03-15,224.54814690664654,224.76795075810895,221.53772513977538,224.40478515625,26034900
2021-03-16,225.80964526868732,229.42213971544066,225.4847153006478,227.17628479003906,28092200
2021-03-17,225.6853891995927,227.9790458343157,222.89478602257378,226.53594970703125,29562100
2021-03-18,222.25447733162704,223.812251183883,220.1233002587038,220.4960174560547,34833000
2021-03-19,220.78273384233583,222.1684765675346,219.18673888764525,220.14242553710938,46430700
2021-03-22,220.0659723327752,226.40216500266618,219.9417283999428,225.53250122070312,30127000
2021-03-23,226.9660546794086,230.36829722374003,226.56466798871335,227.05206298828125,31638400
2021-03-24,227.31009164866788,227.45343882328078,224.8922054193831,225.0260009765625,25620100
2021-03-25,224.87307416129178,226.4403997014099,221.30836700029914,222.0442352294922,34061900
2021-03-26,221.28927982619135,226.22062717768958,221.28927982619135,226.0008087158203,25479900
2021-03-29,226.10590310307379,226.3066037177728,221.60462710644518,224.81573486328125,25227500
2021-03-30,223.1815355819631,223.4873623553538,220.85922367484778,221.57598876953125,24792000
2021-03-31,222.58901605291288,228.50471967720463,222.0920548338563,225.32228088378906,43623500
2021-04-01,227.90260302398238,232.0789491359086,227.50121636956897,231.6106719970703,30338000
2021-04-05,232.00247276233438,238.88342791865526,231.94513389980173,238.03286743164062,36910600
2021-04-06,236.63755845370582,238.34823104299898,235.9399113222464,236.87648010253906,22931900
2021-04-07,236.82875931252147,239.81049766022446,236.2362381235867,238.82614135742188,22719800
2021-04-08,241.56896909739754,242.87825541513138,240.83308613994632,242.02769470214844,23625200
2021-04-09,241.66450935083208,244.646261995429,241.25357103856228,244.51246643066406,24326800
2021-04-12,243.42297254578972,246.25181167284637,243.3369496576039,244.56979370117188,27148700
2021-04-13,245.85993981739898,247.70440792399626,245.44897242088936,247.03541564941406,23837500
2021-04-14,246.07020829480427,247.3603619356715,243.8530082747752,244.26394653320312,23070900
2021-04-15,246.50025159947802,248.41162490695785,246.30913176787533,248.0006866455078,25627500
2021-04-16,247.97206397718136,249.43426366654776,246.18493426409438,249.18577575683594,24878600
2021-04-19,248.66009498345286,249.89293884486133,246.39512244253876,247.2743377685547,23209300
2021-04-20,246.39515408454807,248.6696931162886,245.45857061111263,246.81565856933594,19722900
2021-04-21,247.4655258324469,249.12841142074208,245.8504129148692,249.0328369140625,24030400
2021-04-22,248.67919192838173,250.1796268291521,244.3117119265757,245.77392578125,25606200
2021-04-23,246.45244547326143,249.9215922217872,245.869461527703,249.57752990722656,21462600
2021-04-26,250.06496430244533,250.8103986988795,248.64100057258497,249.95982360839844,19763300
2021-04-27,249.9885047739333,251.5271754691303,248.59321041055176,250.36123657226562,31014200
2021-04-28,244.73225067344254,245.171887578436,241.740961055206,243.2796173095703,46903100
2021-04-29,244.13967558747615,244.75131435385245,237.965934485281,241.3203887939453,40589000
2021-04-30,238.67323283285344,241.86522332728813,238.53943726071017,241.00509643554688,30945100
2021-05-03,242.1710003473486,243.0789143649509,239.99203587034623,240.69924926757812,19626600
2021-05-04,239.84867666254803,240.07804670537047,234.8695428631059,236.80958557128906,32756100
2021-05-05,238.0233052697771,238.44380971230865,234.9268899795364,235.54808044433594,21901300
2021-05-06,235.52896898947418,238.7878639244805,233.8469657565455,238.6636199951172,26491100
2021-05-07,240.97638418935017,243.03111924686715,240.03981535072342,241.2726593017578,27032900
2021-05-10,239.75310967237866,240.5750007899498,236.16928466831055,236.22662353515625,29299900
2021-05-11,233.71314866439204,235.67230900795798,231.8208933789678,235.31869506835938,33641600
2021-05-12,231.43864370631172,233.5507177051827,227.52033703130473,228.40911865234375,36684400
2021-05-13,231.08505323354785,234.71666570840435,230.72188761127558,232.2605438232422,29624300
2021-05-14,234.69750339262464,238.13796620390386,234.61149510343202,237.1536102294922,23901100
2021-05-17,235.6245472128188,235.66276826258542,232.728817820849,234.31524658203125,24970200
2021-05-18,235.35694646425682,235.49074200688435,232.13627265956075,232.3083038330078,20168000
2021-05-19,229.23346982489758,232.98841024168715,228.5533736882799,232.88304138183594,25739800
2021-05-20,233.68769674460555,237.50968232520998,233.5919015513451,236.10157775878906,21800700
2021-05-21,237.1456476002284,237.8736412350155,234.43480784952956,234.84669494628906,21863100
2021-05-24,237.35642839759134,240.5845394923802,237.08821938185093,240.2205352783203,21411500
2021-05-25,241.16883875801892,242.10757024941074,240.258842900914,241.12094116210938,17704300
2021-05-26,240.8431336244148,242.28956203132947,240.19177311991052,240.90061950683594,17771600
2021-05-27,240.59410618250013,240.89105082585857,238.75495243524915,238.8124237060547,24426200
2021-05-28,240.43125068294205,241.46577734023427,239.05188180655244,239.1668243408203,18270200
2021-06-01,240.6515985225494,240.7090697983866,236.561403484978,236.9828643798828,23213300
2021-06-02,237.6821077652956,238.77410571979837,235.48852356730782,236.88705444335938,19406700
2021-06-03,234.89467106098934,235.96750722171058,232.76814608791946,235.36404418945312,25307700
2021-06-04,237.327656277388,241.05386090498885,237.08818293469824,240.23007202148438,25281100
2021-06-07,239.45423636469692,243.3911796178796,239.29139620778867,243.1229705810547,23079200
2021-06-08,244.4160906173062,245.23030587769338,241.8776642631127,241.93515014648438,22455000
2021-06-09,243.12296920395218,244.77054734442802,242.54824182099543,242.9122314453125,17937600
2021-06-10,243.58274055491657,246.6192613065488,242.98885124050196,246.4085235595703,24563600
2021-06-11,247.1269549366099,247.60590172580916,245.80505712120518,247.03118896484375,18999700
2021-06-14,247.04071732809936,249.00441645938554,245.98702867626147,248.9469451904297,19150500
2021-06-15,248.8320178038944,249.0427555718511,246.83002362460257,247.48138427734375,18038900
2021-06-16,248.47752126216974,249.60782836349776,243.7072166230382,246.54258728027344,27220000
2021-06-17,245.28780061417174,250.72862879044064,245.2303293415949,249.91441345214844,27565500
2021-06-18,248.6978770009707,251.25543610006036,247.8549261016525,248.50628662109375,37202200
2021-06-21,248.87984015393747,252.42402776645838,247.05984876020153,251.57151794433594,26696100
2021-06-22,251.6577760148479,254.59851601169785,251.35124308569456,254.33030700683594,24694100
2021-06-23,254.7900720336447,255.5946990320162,253.29576057487068,254.1003875732422,19518700
2021-06-24,254.9529042283444,256.5717463708945,254.29195546090864,255.46058654785156,21446900
2021-06-25,255.02006492268492,255.99710602907012,253.61195993350177,253.86099243164062,25611100
2021-06-28,254.98171212816092,257.5775957253318,254.71350307641555,257.4051818847656,19590000
2021-06-29,257.5487601873158,260.2117023226704,256.69625037345827,259.97222900390625,19937800
2021-06-30,259.29219771509827,259.9339699994056,258.2480972924599,259.49334716796875,21656500
2021-07-01,258.25768175305313,260.39379502371696,258.24812269513154,260.1639099121094,16725300
2021-07-02,261.33252400218214,266.2944055502095,261.025991051914,265.9591369628906,26458000
2021-07-06,266.3231048509773,267.60667851843345,262.75015189133745,265.96868896484375,31565600
2021-07-07,267.63538412285556,268.87107467397936,265.48012418215734,268.14306640625,23260000
2021-07-08,265.24073769242233,266.9936993883383,263.2962148119462,265.7388610839844,24618600
2021-07-09,264.1103833296634,266.3422622068924,263.72723179599774,266.2369079589844,23916700
2021-07-12,267.40552572361065,267.9898266674368,264.9341443751542,265.64300537109375,18931700
2021-07-13,265.83462337015317,270.94021266723723,265.71012175658416,269.1489562988281,26120100
2021-07-14,270.4612354852631,271.71607363125577,268.7370096462592,270.614501953125,23113700
2021-07-15,270.1259963441455,270.6145314366444,268.0473543610004,269.19683837890625,22604200
2021-07-16,270.1929845890148,272.1375069226489,267.6928677414366,268.9285583496094,26186800
2021-07-19,267.1851468995876,268.56451546498283,262.8938040139855,265.34600830078125,32935600
2021-07-20,266.3230558753602,269.13926433456993,264.6275953672979,267.5587463378906,26259700
2021-07-21,267.1564748931921,269.66615103181897,265.61428048456565,269.55120849609375,24364300
2021-07-22,271.88850209711006,274.3598838297518,271.48620317580924,274.0916748046875,23384100
2021-07-23,275.2698801509867,277.7795567148543,274.43651739318557,277.4730529785156,22768100
2021-07-26,276.8312674007215,277.49221636391906,274.5706523975375,276.879150390625,23176100
2021-07-27,277.2430893009287,277.386767469363,271.0359585638651,274.47479248046875,33604100
2021-07-28,276.8217207892308,277.93288110868167,271.87898525757663,274.1683654785156,33566900
2021-07-29,274.18743125080124,276.46722250096303,274.0341647800032,274.4364929199219,18168300
2021-07-30,273.1625138234118,274.5897658444149,271.95555860787897,272.9134521484375,20944800
2021-08-02,274.30228291911084,274.6950226393051,271.7926074105053,272.8271484375,16267400
2021-08-03,273.401963651149,275.13574847156286,272.041742078418,275.0303649902344,17879000
2021-08-04,274.1682781399353,275.48058755485204,272.6643783324015,274.4460754394531,16191300
2021-08-05,274.8004915502387,277.43469867133746,274.0533357906488,277.3293151855469,13900200
2021-08-06,276.36180844509875,277.3101134683356,275.5092693668719,277.27178955078125,16589300
2021-08-09,277.549613584763,279.2738100175353,275.6912980438974,276.18939208984375,16117600
2021-08-10,276.6396122772204,277.0706760159155,273.19121929801037,274.3789978027344,18616600
2021-08-11,275.1165250543086,276.5054820250036,273.8233632596243,274.86749267578125,13955900
2021-08-12,274.5610223433131,277.76038316922904,274.28322503938256,277.60711669921875,14561300
2021-08-13,277.29106807216334,280.5670480291717,277.11862499606184,280.5191650390625,18249000
2021-08-16,280.84480121005765,282.40617231232227,277.8082659137247,282.1954345703125,22507600
2021-08-17,280.0784603423911,281.074648413446,278.8235931164337,280.7393798828125,20075300
2021-08-18,280.2787552513025,282.9467958439038,278.58001926830815,279.0215148925781,21813000
2021-08-19,277.0635948597211,285.4899968967978,277.0156202242924,284.81817626953125,29850500
2021-08-20,287.64948045556423,293.52300710937357,286.0563295513358,292.10260009765625,40817600
2021-08-23,291.03730802800146,293.1007158957985,289.6936956458467,292.38092041015625,22830200
2021-08-24,292.73592566468346,293.34055837462404,289.8375606025341,290.4325866699219,18175800
2021-08-25,292.0449217665508,292.3232508043783,288.32120551480375,289.84716796875,20006100
2021-08-26,288.8684291528854,290.2504393748913,286.91060574551454,287.0449523925781,17666100
2021-08-27,286.9488940495873,288.75318629866223,284.8758792924729,287.6495056152344,22605700
2021-08-30,288.9931195332121,291.96828042904804,288.93553823039747,291.3636474609375,16348100
2021-08-31,292.16015783837884,292.23692312498054,289.35774161636004,289.7224426269531,26285300
2021-09-01,290.6725935556559,292.8991678511316,289.34816523699277,289.6744689941406,18983800
2021-09-02,290.02958175450493,291.14283957172955,288.0909139976585,289.0218505859375,16285600
2021-09-03,288.8683160554501,290.4134922673868,288.1677338580256,289.0122985839844,14747900
2021-09-07,288.887563068861,288.9643283762939,286.19073133371813,288.0909729003906,17180400
2021-09-08,287.706983807336,288.5035443993684,285.4900165884035,288.1196594238281,15046800
2021-09-09,288.70522581128586,289.97207310645393,285.03905983067443,285.27899169921875,19927000
2021-09-10,286.40178494786,287.84137565254247,283.48420625224344,283.8009033203125,19633400
2021-09-13,285.5668027729655,286.5169525710251,282.23654837919304,285.02935791015625,23652900
2021-09-14,287.49592696697243,289.2522444456008,286.0947332155957,287.7166748046875,21853400
2021-09-15,291.0468952158528,293.02393100782655,289.66488563272827,292.5440673828125,28356300
2021-09-16,291.5267848065768,293.01435046119434,288.6476028000496,292.927978515625,19550800
2021-09-17,291.9202715592397,292.23696868760265,287.4671227397801,287.7934265136719,41372500
2021-09-20,284.3959685720782,286.68973080217256,277.860228217035,282.4477233886719,38278700
2021-09-21,283.78178370843756,285.5572851714307,282.22703008079156,282.9276123046875,22364100
2021-09-22,284.77985651789885,288.12929500202966,282.6492610078595,286.5553283691406,26626300
2021-09-23,286.81451245521663,288.78194172532284,285.5476653767462,287.49591064453125,18604600
2021-09-24,286.2194218640375,287.72617114272504,284.9717590683759,287.2943115234375,14999000
2021-09-27,284.21363131308823,284.5303284068583,281.14249251178086,282.3229675292969,23571700
2021-09-28,278.1289850116234,279.069528394677,271.3629186493173,272.1018981933594,43186200
2021-09-29,273.6182975889951,275.2210260039281,271.6124707643782,272.5625915527344,26353700
2021-09-30,274.20359797070336,276.23821456164796,270.2783179837312,270.5662536621094,32343600
2021-10-01,270.7582763645691,278.301748595393,269.96171554788884,277.4571838378906,30086300
2021-10-04,275.82561222271863,276.16152262576014,268.96356808295144,271.7083740234375,31350700
2021-10-05,272.61052278816857,278.7047968877301,272.61052278816857,277.130859375,24993000
2021-10-06,274.27081610113123,281.8046798760864,274.01170032174,281.30560302734375,28002600
2021-10-07,283.29225249177205,284.69347521548,282.08301620161416,282.9755554199219,20430500
2021-10-08,284.29037692639525,284.69347521548,281.9294563433223,282.9755554199219,17685700
2021-10-11,281.1233138675637,285.9699246769011,280.960147351055,282.38055419921875,19298600
2021-10-12,283.44582055374815,283.541799129027,280.5762456707699,281.08489990234375,17974100
2021-10-13,283.0331881435553,285.30773721131357,281.6703624588803,284.3768005371094,23416300
2021-10-14,287.1599913093113,291.05648172385895,285.83556297646015,290.55743408203125,27262900
2021-10-15,290.1639328949292,292.18897261999524,288.41722227281656,291.9586181640625,25384800
2021-10-18,291.34445521764906,295.7975751445461,290.49989041550754,294.9146423339844,22729300
2021-10-19,295.93190452763184,296.8436278454899,294.8474080448137,295.8167419433594,17682100
2021-10-20,296.75725195686545,297.2275382211196,293.7820916523756,295.0297546386719,16537100
2021-10-21,294.79942529790196,298.49435169218145,294.0220192983192,298.2448425292969,16918100
2021-10-22,297.89931136627246,298.5615254647834,295.40401483593905,296.7092590332031,17449300
2021-10-25,296.9011486618996,296.93954594501974,294.1179460508695,295.720703125,17554500
2021-10-26,298.4751735047065,299.81878579139044,296.1718339720267,297.6210021972656,28107300
2021-10-27,303.27377289207794,312.96702275678115,303.27377289207794,310.155029296875,52588700
2021-10-28,311.2683233315921,311.7865842427679,308.417932252952,311.28753662109375,26297900
2021-10-29,311.0763923948779,318.6294410245631,310.85564458763923,318.2647399902344,34766000
2021-11-01,318.0151944565091,318.1399636800593,313.2261650477916,316.1053466796875,27073200
2021-11-02,317.0075509960312,320.02110905104064,316.71003784901507,319.7139892578125,26487100
2021-11-03,320.4529715980219,321.41269899381626,317.3338575616903,320.5489501953125,21500100
2021-11-04,319.4836051186062,322.98660357874707,316.23972246138726,322.890625,23992200
2021-11-05,324.8772834386426,325.1460058993081,320.95200246852335,322.52593994140625,22570100
2021-11-08,323.7160006633111,324.0519110698877,320.97119469393846,323.4184875488281,20897000
2021-11-09,323.5336374688277,325.078813563159,321.0575540639552,322.4203796386719,21307400
2021-11-10,321.09594304990367,321.15352434002415,316.6332173342628,317.4777526855469,25500900
2021-11-11,317.90970398049546,320.32820650538764,317.19951507073364,319.04217529296875,16849800
2021-11-12,320.47216845555636,323.6488636296379,320.34739921433277,323.1593933105469,23831000
2021-11-15,323.9464145492368,324.2727183705063,320.5777617974973,322.5356140136719,16723000
2021-11-16,322.161233873272,326.95029273164477,321.9980966435647,325.8370056152344,20886800
2021-11-17,325.8851370775491,329.0099576589885,324.9813404697,326.0581970214844,19053400
2021-11-18,325.1543261152059,329.2598774584323,324.1351564442823,328.12530517578125,22463500
2021-11-19,329.442570826056,331.8078109454933,329.0195159309197,329.8944396972656,21963400
2021-11-22,331.3463268296399,336.2018344650954,326.47160009386823,326.7408142089844,31031100
2021-11-23,324.067875438659,326.3754584116151,320.7123087229874,324.6736145019531,30427600
2021-11-24,323.3275227878649,325.13511563845185,321.04881262656716,324.8947448730469,21661300
2021-11-26,321.47182770530526,324.9139237290462,315.4817784101395,316.981689453125,24217200
2021-11-29,322.03918406869917,325.9716468199308,321.84687569261206,323.6640930175781,28563500
2021-11-30,322.40457691540473,324.76981754216854,316.3183713889176,317.85675048828125,42885600
2021-12-01,322.2218403334276,326.2119893836903,316.7029366546509,317.3663330078125,33337600
2021-12-02,317.57777948841607,320.64491218398075,315.17407231898477,316.7989807128906,30766000
2021-12-03,319.20276398285586,319.8854381080619,305.7804681645628,310.56866455078125,41779300
2021-12-06,311.472416708919,314.8376070697841,306.9342159628672,313.6261291503906,30032600
2021-12-07,318.8662948497607,322.8660390443126,317.38560254163633,322.01995849609375,31021900
2021-12-08,322.3949855406202,322.57766972777796,318.05868616462965,322.0680847167969,24761000
2021-12-09,321.52965193034566,323.52952439611107,319.3278468338982,320.2701110839844,22214200
2021-12-10,322.0776553641923,329.78874012403924,321.89497120742305,329.3464660644531,38095700
2021-12-13,327.55805926915104,330.54828700278097,326.0196804228618,326.3273620605469,28899400
2021-12-14,320.3853706539691,321.75068944249216,311.6262451506804,315.6933288574219,44438700
2021-12-15,315.95294877643335,322.279524033455,312.0012673025278,321.76031494140625,35381100
2021-12-16,322.77946305235776,323.7890378493558,310.57824093079836,312.3858337402344,35034800
2021-12-17,308.52073257010983,312.40513289702955,305.03054387453375,311.3282470703125,47750300
2021-12-20,307.722635580741,310.3667139438823,305.3381764176737,307.5880432128906,28326500
2021-12-21,310.8379051743816,315.10689283678283,307.4823089268054,314.683837890625,24740600
2021-12-22,315.6548897596977,320.760362669551,313.2031195933652,320.3661804199219,24831500
2021-12-23,319.9334876096026,323.4333000256045,319.91426851160736,321.79876708984375,19617800
2021-12-27,322.5391310058425,329.2887615338592,322.5102876848739,329.2599182128906,19947000
2021-12-28,329.93295233791673,330.5675347673697,327.21196780790996,328.10614013671875,15661500
2021-12-29,328.15415682405353,331.0386060056612,326.59655896072684,328.7791442871094,15042000
2021-12-30,328.7406340105007,329.913644365541,325.76965526074713,326.2503967285156,15994500
2021-12-31,325.4716783285754,326.28891555203285,322.91412956697064,323.36602783203125,18000800
2022-01-03,322.4333715730328,324.9812959837682,317.0779035290574,321.8564758300781,28865100
2022-01-04,321.93336411107276,322.28913749513237,313.55885476913005,316.3375549316406,32674300
2022-01-05,313.3089661533288,313.51089879335956,303.80953482347917,304.1941223144531,40054300
2022-01-06,301.0884509560254,306.4247001927171,299.49238536143025,301.79034423828125,39646100
2022-01-07,302.0499018859666,304.30939297872214,298.1462829521569,301.94415283203125,32720000
2022-01-10,297.56945526670665,302.59802345743225,292.95434719242326,302.16534423828125,44289500
2022-01-11,301.3095522143525,304.41512357671206,297.95398587837894,302.8479309082031,29386800
2022-01-12,307.35726904389804,310.95320590504565,304.8670023701138,306.01116943359375,34372200
2022-01-13,308.1264806975711,308.5206922774309,292.2908533568236,293.0600280761719,45366000
2022-01-14,292.53126883368355,298.8482206128136,292.0505272250826,298.2521057128906,39846400
2022-01-18,292.3581164990314,297.8673948134617,290.1178448793746,290.9927978515625,42333200
2022-01-19,294.49261706590465,301.81911235300396,291.04089684223516,291.6466064453125,45933900
2022-01-20,297.16558676731063,299.6462002381442,289.541032877528,289.9833068847656,35380700
2022-01-21,291.0313814474847,292.3966712973026,284.22406327473504,284.6278991699219,57984400
2022-01-24,280.9453743252705,285.6662305381032,265.4173987440913,284.9547424316406,85731500
2022-01-25,280.2914656460491,283.62781225896987,274.18607311423347,277.378173828125,72848600
2022-01-26,296.1271750879496,296.61754086589866,281.74339590875957,285.2816467285156,90428900
2022-01-27,291.0024351218943,295.46370078193985,286.4546101746923,288.2910461425781,53481300
2022-01-28,288.66604220399256,296.5982766943393,283.1086718195925,296.3867492675781,49743700
2022-01-31,297.05023502997614,300.34811523788875,294.5695920371354,299.0020446777344,46444500
2022-02-01,298.45399507702996,298.6655225486515,293.37736510025144,296.8675537109375,40950400
2022-02-02,297.70403751014493,302.98257070424955,296.9829251353378,301.3865051269531,36636000
2022-02-03,297.5694010605456,299.24240163998115,288.4064681116785,289.64678955078125,43730000
2022-02-04,288.6468494123292,296.9059861831538,288.41610284488047,294.1561584472656,35096500
2022-02-07,294.3772490807872,295.9829091831595,288.34873217729285,289.3583068847656,28533300
2022-02-08,289.6467780186861,293.7907677485287,288.3968617508122,292.82928466796875,32421200
2022-02-09,297.9348214827328,299.91547470681274,295.55036170966486,299.22320556640625,31284700
2022-02-10,292.3293725846551,297.2136945346378,289.11802208324127,290.7333068847656,45386200
2022-02-11,291.51204526354115,292.5696824760353,282.8875412205064,283.67596435546875,39175600
2022-02-14,282.4548166597546,285.3296704395343,280.1280445088522,283.637451171875,36359500
2022-02-15,288.45451559979455,289.21406602076195,285.5796615630517,288.89678955078125,27058300
2022-02-16,287.47087375855756,289.8795515618136,282.95219184742473,288.5596008300781,29982100
2022-02-17,285.5343344781432,285.95826419364323,279.40667124960413,280.1100158691406,32461600
2022-02-18,282.34522991631013,283.12563925409984,275.85144328731116,277.4122619628906,34264000
2022-02-22,274.5892573925205,280.89036647915503,274.10752185323537,277.20989990234375,41736100
2022-02-23,279.58004589911764,281.04454083688285,269.8682698302373,270.03204345703125,37811200
2022-02-24,262.55557639782796,284.3781957137695,261.6017198059236,283.8290100097656,56989700
2022-02-25,284.35889947396316,286.7579333141939,280.99636504653614,286.4496154785156,32546700
2022-02-28,283.5591279167411,288.2127089883334,282.29698334683417,287.87548828125,34627500
2022-03-01,285.5728272162815,289.0124260885947,281.4780750548052,284.1758117675781,31217800
2022-03-02,284.5707837842269,290.4576069527269,282.9714477799345,289.224365234375,31873000
2022-03-03,291.8257768521812,292.05700050828193,283.3086664169441,285.1103820800781,27314500
2022-03-04,283.539896997228,284.8598476008339,276.6799879839054,279.2716979980469,32356500
2022-03-07,277.99032843801785,279.10795849514665,268.3556169829133,268.72174072265625,43157200
2022-03-08,267.6523416657214,273.5873289849495,260.13727654877124,265.7735900878906,48159500
2022-03-09,273.0862941142346,279.0212805569592,270.52345705468474,277.9614562988281,35204500
2022-03-10,272.6815567548242,276.1307994626257,270.3306851201847,275.1576843261719,30628000
2022-03-11,277.44115846333716,278.93455646472097,269.2227503051047,269.8393859863281,27209300
2022-03-14,270.0995117672135,274.9746736705197,265.74463254293596,266.34197998046875,30660700
2022-03-15,270.1091737905865,277.3063052834026,268.54835505285934,276.6607666015625,34245100
2022-03-16,278.54907556535204,283.8096481851476,272.854988057363,283.63623046875,37826300
2022-03-17,282.5764817272433,284.81171260660994,278.7996616158856,284.43597412109375,30816600
2022-03-18,284.58046582678224,290.00481304770483,282.0369173074508,289.45562744140625,43390600
2022-03-21,287.9719595079404,289.1762986686458,284.12768891305694,288.2320861816406,28351200
2022-03-22,288.84863696836237,293.8586986740922,287.85626286698505,292.9530334472656,27599700
2022-03-23,289.5327166388402,292.15335927003025,286.84462397235353,288.5499572753906,25715400
2022-03-24,288.21270852641925,293.08786908697914,287.4226553060156,292.99151611328125,24484500
2022-03-25,294.08028132501425,294.3404079254056,288.3572608939785,292.5868835449219,22566500
2022-03-28,293.21315853638436,299.4468179763362,293.21315853638436,299.3504943847656,29578200
2022-03-29,302.4432514351578,304.2834849768808,297.7607660592807,303.8884582519531,30393400
2022-03-30,302.29866543748443,304.40866924528797,300.198276345619,302.3949890136719,28163600
2022-03-31,302.43355970417105,303.6282838118876,296.6431186303352,297.0477600097656,33422100
2022-04-01,298.0690878498517,298.8013353889546,294.3790059993479,298.1172790527344,27110500
2022-04-04,298.76276415932574,303.5993787276326,298.39664041936675,303.4645080566406,24289600
2022-04-05,301.82660661689823,303.3681663887453,298.5508104784777,299.52392578125,23156700
2022-04-06,294.04175386251336,295.7856342398464,285.8715081688589,288.5596008300781,40110400
2022-04-07,285.82338673563873,292.55804141565983,285.52471299808303,290.361328125,31411200
2022-04-08,289.46531686660774,290.1204702874654,285.4572727698381,286.1220703125,24361900
2022-04-11,281.1312167731274,281.9212406623146,274.58924032351246,274.8397521972656,34569300
2022-04-12,278.6744307786593,280.119637735793,270.24405686204636,271.7567138671875,30966700
2022-04-13,272.40228746673256,278.0385717991764,271.0245009783346,277.1136474609375,21907200
2022-04-14,277.56643644763085,277.7784013045191,269.1168039398963,269.608154296875,28221600
2022-04-18,268.72177459231517,272.1420858288505,268.1725889134815,270.27294921875,20778000
2022-04-19,269.17459327763214,275.71657107306396,268.2400250211419,274.8783264160156,22297700
2022-04-20,278.8286195154006,279.1176785794068,274.94583091837654,275.899658203125,22906700
2022-04-21,278.0384980731543,282.5860831842899,269.82973426697856,270.5523376464844,29454600
2022-04-22,271.39053717811265,272.8550320937384,263.393738668187,264.0199890136719,29405800
2022-04-25,263.3070829372568,270.84140624661075,260.8791164146194,270.4656677246094,35678900
2022-04-26,267.36328244773966,268.19185364215673,260.13724778699,260.3492126464844,46518400
2022-04-27,271.7951847238902,280.3411680957989,268.96257753012264,272.874267578125,63477700
2022-04-28,274.77235637930573,280.35086291082894,271.1785981856094,279.0501708984375,33646600
2022-04-29,278.0673990236614,279.2910262219157,266.3997773201998,267.38250732421875,37073900
2022-05-02,267.56556930704056,274.5314764230111,266.1300066784379,274.0786437988281,35151100
2022-05-03,273.5872988286567,273.7511018849256,269.9164755719785,271.4869384765625,25978600
2022-05-04,272.2672940906547,280.2544777268917,266.6213675689915,279.3873596191406,33599300
2022-05-05,275.1095188435156,275.8899280048962,264.3186318325519,267.21868896484375,43260400
2022-05-06,264.77152276793004,269.04933732325316,261.36082642726797,264.6944580078125,37780300
2022-05-09,260.1949931476496,262.4109648333538,253.701207586284,254.9151611328125,47726000
2022-05-10,261.765522095456,263.7502706382624,255.38734673917406,259.655517578125,39336400
2022-05-11,255.97502163371615,261.4475309989085,249.82807066667775,251.03240966796875,48975900
2022-05-12,248.27685759923378,250.38686155412384,240.88703639881442,246.0223388671875,51033800
2022-05-13,247.94931299700548,253.43146634006962,246.0223706452165,251.5815887451172,34925100
2022-05-16,250.46399981871846,256.10995712688276,246.43669669823026,251.94775390625,32550900
2022-05-17,256.3892786113193,258.52818561527994,252.87261500014733,257.0733642578125,28828800
2022-05-18,253.98310507106706,254.56254010236933,244.10384241044304,245.36892700195312,31356000
2022-05-19,245.19508938818183,248.83585464293373,243.24435524609143,244.46115112304688,32692300
2022-05-20,248.42057161150723,249.6760190694131,237.99085911430905,243.90103149414062,39199300
2022-05-23,246.7305445650261,252.5344867374103,244.74115917492952,251.713623046875,33175400
2022-05-24,249.04829526787134,252.3703282848016,244.8087915946299,250.71896362304688,29043900
2022-05-25,249.28973864171456,255.508917485171,248.31435684807386,253.51954650878906,28547900
2022-05-26,253.27814016507855,257.95219866287647,252.4669428526963,256.78369140625,25002100
2022-05-27,259.27522501006564,263.96858669067194,258.38675406725025,263.87200927734375,26910800
2022-05-31,263.1864174502178,265.34961052088613,259.70983610714705,262.5490417480469,37827700
2022-06-01,265.7647953206282,268.1694163803511,260.7817020928469,263.0801086425781,25292200
2022-06-02,255.38337667898296,265.23365327445924,252.63108267756797,265.1660461425781,44008200
2022-06-03,261.0424863281772,264.074846353105,259.20763325124227,260.7624206542969,28059000
2022-06-06,262.732495427998,264.77980709613064,258.0584370323219,259.5359802246094,22400300
2022-06-07,257.49830250093424,263.76578441208926,256.8222901054273,263.1573791503906,22860700
2022-06-08,262.3944559964506,263.64023679590827,260.36644828068603,261.1390380859375,17372300
2022-06-09,258.5992407787773,263.36021011485053,255.55724349069746,255.71176147460938,26439700
2022-06-10,251.64602827171365,251.64602827171365,243.87203349036625,244.31626892089844,31422800
2022-06-13,236.70644141538565,240.48239119497188,233.24917940412797,233.9541473388672,46135800
2022-06-14,235.49930650770008,237.3148557778769,233.2298699199791,236.1077117919922,28651500
2022-06-15,239.79674911112798,246.54710394987805,237.97154789524555,243.1284637451172,33111700
2022-06-16,237.5466256119709,238.9372578860195,234.6881168136664,236.57125854492188,33169200
2022-06-17,236.31050590715876,241.91165700040483,235.6634784930398,239.15936279296875,43084800
2022-06-21,241.67985866138912,246.0159248197663,240.95557232727793,245.04055786132812,29928300
2022-06-22,243.253984977507,248.35297445153836,241.78609384504884,244.45147705078125,25939900
2022-06-23,246.8078191002136,250.47752474998597,244.93432941875366,249.98500061035156,25861400
2022-06-24,252.83392578793828,258.7924022848079,252.747014945619,258.5220031738281,33923200
2022-06-27,259.0144557779908,259.1013666061605,254.2534870945373,255.8083038330078,24615100
2022-06-28,254.92954092954665,257.75907974566,247.53215803754682,247.68667602539062,27295500
2022-06-29,248.7585787991081,252.98841615797966,246.9913181866432,251.33705139160156,20069800
2022-06-30,248.23711675711792,250.63210141382953,244.22940398394073,248.024658203125,31730900
2022-07-01,247.59975426359935,250.86384714723536,245.88076751202806,250.68035888671875,22837700
2022-07-05,247.37761951989364,253.9638045325972,246.00630564678934,253.8382568359375,22941000
2022-07-06,254.70741739613206,258.8020409501888,253.40369581093594,257.08306884765625,23824400
2022-07-07,256.0304226841945,259.8353431316474,255.9338452648158,259.1979675292969,20859900
2022-07-08,255.71173945693104,258.9082544536916,254.26316663768768,258.48333740234375,19658800
2022-07-11,256.5422452532518,257.3920793720454,253.1912122224075,255.44134521484375,19455200
2022-07-12,256.76433395035434,256.822274498301,243.39882584810758,244.9729461669922,35868500
2022-07-13,241.61229886642806,244.85710267048802,239.60360939385333,244.05555725097656,29497400
2022-07-14,241.9792718550764,246.39258278636146,237.50800563214514,245.36892700195312,25102800
2022-07-15,246.95272643826956,251.44329684800084,246.0352998179171,247.91844177246094,29774100
2022-07-18,250.84453005870418,251.89715611893087,244.6156697955208,245.53309631347656,20975000
2022-07-19,248.748908389752,250.81555306514318,244.98262500187312,250.63206481933594,25012600
2022-07-20,250.98936645500257,255.78897202237206,250.03331786878604,253.27810668945312,22788300
2022-07-21,250.88308496004234,255.80823689999386,248.2177023750916,255.7599334716797,22404700
2022-07-22,256.14630415666,256.23321499283503,250.18785755232344,251.43360900878906,21881300
2022-07-25,252.05163888587902,252.5344964316374,248.00529029472085,249.95602416992188,21056000
2022-07-26,250.95072573000826,250.9700588947091,241.01353801634696,243.26364135742188,39348000
2022-07-27,252.2062272013175,260.79142143505817,249.97542707523482,259.5263366699219,45994000
2022-07-28,260.5016528744498,268.3142846363358,258.68610373864,266.9333190917969,33459300
2022-07-29,268.1791756325024,272.33174002161905,267.1458530919337,271.11492919921875,32152800
2022-08-01,268.29496636983305,271.6363322420064,266.38283993190936,268.47845458984375,21539600
2022-08-02,266.5374558232472,268.3626721126067,263.0415707195236,265.3979187011719,22754200
2022-08-03,267.2713876591738,273.7802996377368,267.12650678074345,272.7856140136719,23518900
2022-08-04,272.13853085373546,274.0699612486414,270.56443983776984,273.92510986328125,18098700
2022-08-05,269.5794114121241,273.9251301220604,269.1255240569013,273.21051025390625,16774600
2022-08-08,274.31141927705306,276.11733164460054,269.74360476800535,270.7093200683594,18739200
2022-08-09,270.05262233660574,273.3746556298809,268.09219211802474,272.62139892578125,23405200
2022-08-10,278.29019759892526,279.87395540358807,277.1023571419585,279.2462463378906,24687800
2022-08-11,280.8782402159332,281.22588350260514,276.6870402559907,277.1795349121094,20065900
2022-08-12,278.5895808890098,281.9019775390625,277.1023709654231,281.9019775390625,22619700
2022-08-15,281.02303870721187,284.0940050467814,280.1635382914117,283.4083557128906,18085700
2022-08-16,281.9791529178918,283.958886627976,280.4630025536895,282.6744689941406,18102900
2022-08-17,280.4002359720042,283.8938831580585,280.1389500408416,281.9293212890625,18253400
2022-08-18,280.8357203997343,282.50027733774294,279.76148592010856,280.8163757324219,17186200
2022-08-19,279.5873490654093,279.9260727784797,276.3550169722019,276.9259948730469,20570000
2022-08-22,272.9871317684134,273.3548871851572,268.28380815555704,268.7967224121094,25061100
2022-08-23,267.52899169921875,269.8709667468448,266.5225077065828,267.52899169921875,17527400
2022-08-24,266.5321774149117,268.29351690361904,266.24183017802443,266.8999328613281,18137000
2022-08-25,268.39027578883355,270.0258011315452,265.67085828538086,269.8612976074219,16583400
2022-08-26,270.0838799821935,271.3032734990673,259.3417106465169,259.4481506347656,27549300
2022-08-29,257.28036854850586,258.78039270297364,255.34483826720634,256.68035888671875,20338500
2022-08-30,258.07396828165844,258.4416942626222,252.25768976691393,254.49322509765625,22767100
2022-08-31,256.835171011409,258.4996984815058,252.90601788695525,253.04151916503906,24791800
2022-09-01,250.5253477936383,252.4802522057439,247.17688880265302,252.0060272216797,23263400
2022-09-02,253.2641326770218,256.20611724920184,246.26718053225406,247.80592346191406,22855400
2022-09-06,247.94138995000887,249.5188219970164,243.81870184632467,245.0864715576172,21328200
2022-09-07,246.4897995532209,250.48665988608258,245.05751115670844,249.77052307128906,24126700
2022-09-08,249.20920755279656,252.03506518749612,246.57687045645707,250.18663024902344,20319900
2022-09-09,252.10279358860814,256.6803328721326,251.8995711991458,255.9351348876953,22084700
2022-09-12,257.21261449388913,258.828795252262,256.61260484004885,258.0545654296875,18747700
2022-09-13,250.49629269213037,252.00600375133774,243.47999634028216,243.8671112060547,33353300
2022-09-14,245.3574916342139,246.03492427019088,241.8057953877336,244.0897216796875,23913000
2022-09-15,241.71867215528192,243.29611908968658,236.15402331387534,237.47018432617188,31530900
2022-09-16,236.38627698047728,237.3927608644155,234.25719690326952,236.85081481933594,39791800
2022-09-19,234.65397254260654,237.23790323040416,233.0861980227324,236.6378936767578,26826900
2022-09-20,234.26688762643548,235.66045686379198,231.91521092748422,234.63462829589844,26660300
2022-09-21,236.39593765111695,239.67666009077757,231.19903006597912,231.24742126464844,28625600
2022-09-22,230.20224081204793,235.99915810009645,229.91192314451845,233.2119903564453,31061200
2022-09-23,231.8184307644762,233.35718839815166,227.61833404254136,230.2506561279297,34176000
2022-09-26,229.40869154061323,233.6668515472966,229.26351793341072,229.79579162597656,27694200
2022-09-27,232.24426616908045,234.00560575138226,226.94091751914982,228.7893524169922,27018700
2022-09-28,229.1764596269769,234.51852731554808,227.16350637089323,233.2991485595703,29029700
2022-09-29,231.18938529349765,232.21521385312766,226.853802133828,229.8441925048828,27484200
2022-09-30,230.60870866268925,232.7861798495217,225.22793778149074,225.3924560546875,35694800
2022-10-03,227.8215623611014,233.82170241211634,227.0957386105692,232.97975158691406,28880400
2022-10-04,237.18952317598578,242.2896489224366,237.08306843402076,240.85736083984375,34888400
2022-10-05,238.0605356080036,242.50257374872547,236.23146021082852,241.16705322265625,20347100
2022-10-06,239.9379683013216,242.27028548507374,238.1476119193884,238.834716796875,20239900
2022-10-07,233.13458913635256,233.54106344265196,225.65376961113512,226.6892852783203,37769600
2022-10-10,225.5376480865996,226.99896799750226,219.42136587622,221.86013793945312,29743600
2022-10-11,220.2826425475195,221.6762263708762,216.88579305327787,218.14389038085938,30474000
2022-10-12,218.1342225142281,220.51493088352666,216.74065333491876,218.4729461669922,21903900
2022-10-13,212.76314712814823,228.48932881951694,212.0663551272384,226.6892852783203,42551800
2022-10-14,227.94733171572798,229.5925438135571,220.9794275826942,221.1923370361328,30198600
2022-10-17,228.21837517177028,231.2571570244088,227.5602872186214,229.8732452392578,28142300
2022-10-18,235.39917762563184,236.06692311030656,227.78285659055385,230.8119659423828,26329600
2022-10-19,229.39900168382854,231.88616474151667,226.73764801989628,228.8570556640625,19985700
2022-10-20,228.16994856599382,233.5313599425322,227.29895124255845,228.53768920898438,21811000
2022-10-21,227.17315124335872,235.16688446931025,226.94088233766772,234.31524658203125,26299700
2022-10-24,235.90235677531274,239.85083917309356,233.52166349102654,239.2798614501953,24911200
2022-10-25,239.28956155004425,242.94771196115997,237.90566472884615,242.57997131347656,34775500
2022-10-26,223.71829070804844,230.61846165478653,222.64407069161163,223.86346435546875,82543200
2022-10-27,223.592409520333,226.15699552057893,218.50197115457948,219.44070434570312,40424600
2022-10-28,218.94714217799373,228.97318740219828,218.76326447934332,228.26670837402344,40647700
2022-10-31,226.22473999169745,227.34735093033876,223.69887276321543,224.6472930908203,28357300
2022-11-01,227.0376467456196,228.14089811809833,220.00199193356548,220.81491088867188,30592300
2022-11-02,222.06337802281334,223.8440621960301,212.94701812750728,213.00509643554688,38407000
2022-11-03,212.9953870246754,213.30507890075714,207.08234251389777,207.34364318847656,36633900
2022-11-04,210.53726518655444,214.44702903809562,206.5500636010322,214.25347900390625,36789100
2022-11-07,214.83416409790135,221.04721381188003,214.14704442988435,220.5246124267578,33498000
2022-11-08,221.3278675751174,224.18277156558537,218.56005889650208,221.4923858642578,28192500
2022-11-09,220.04071178794467,221.2601050748425,217.0987128396381,217.2729034423828,27852900
2022-11-10,227.84089369162848,235.48624560984527,227.42476185380536,235.14752197265625,46268000
2022-11-11,235.15722211445575,239.99604710310476,234.1313788126477,239.1444091796875,34620200
2022-11-14,234.18946032496393,236.0475673740293,231.49907477577239,233.76364135742188,31123300
2022-11-15,237.74116029609917,239.03796188941354,232.29263846364998,234.17010498046875,31390100
2022-11-16,235.62584176038104,236.60604855552322,233.3257795259496,234.5971221923828,24093300
2022-11-17,230.76368475624398,236.0722794395261,230.6181168177236,234.54859924316406,23123500
2022-11-18,236.3245938837583,236.5478177930803,231.9767921721455,234.1021728515625,27613500
2022-11-21,234.3059689787537,237.45036963154155,234.07306028423957,234.90768432617188,26394700
2022-11-22,236.4022474427257,238.0714956068187,233.60723931445074,237.7997589111328,19665700
2022-11-23,237.8773882479825,240.95384732065142,237.06217820148206,240.27450561523438,19508500
2022-11-25,240.01245273021934,241.36143645953254,239.44956540890726,240.18714904785156,9200800
2022-11-28,238.81875468278062,239.37192761122702,233.69455635778226,234.626220703125,24778200
2022-11-29,234.27683765009397,235.62582136830417,231.1809796211648,233.23841857910156,17956300
2022-11-30,233.47133933183883,247.79580032500542,232.78228328422537,247.6114044189453,47594200
2022-12-01,246.3788718348064,248.56247947765692,243.51592255366535,247.1746826171875,26041500
2022-12-02,242.44840731366295,248.50427013338341,242.3222385687394,247.49496459960938,21528500
2022-12-05,244.57377324279298,246.33037684588194,240.7403313992676,242.8171844482422,23435300
2022-12-06,243.41888770234414,244.42819318650004,236.58661356400265,237.88706970214844,22463700
2022-12-07,237.60562791314456,238.89638442921668,235.06294286518101,237.15919494628906,20481500
2022-12-08,237.61533452681962,241.4002634352855,235.88785939315616,240.09979248046875,22611800
2022-12-09,237.47948221736485,240.98296029845363,236.95542284837845,238.17823791503906,20609700
2022-12-12,240.14833201376896,245.08813458227053,239.87659533709365,245.05902099609375,30665100
2022-12-13,253.96815091092603,256.13235956018696,245.60251141247596,249.3389129638672,42196900
2022-12-14,249.54274040610767,254.84162114511395,246.80594445741409,249.6300811767578,35410900
2022-12-15,246.2333334693487,246.69916567601095,240.04158720461845,241.6623077392578,35560400
2022-12-16,241.21588885198315,242.4678175315528,236.32459886583192,237.46978759765625,86102000
2022-12-19,237.63473277219197,237.9744109828848,231.66621136200337,233.3548583984375,29696400
2022-12-20,232.33586378495446,235.74230142731602,231.38478542376703,234.66505432128906,25150800
2022-12-21,234.55829818550004,238.37232600874938,233.02491849714485,237.21743774414062,23690600
2022-12-22,234.14096367729437,234.84943370848737,226.9690262734001,231.16156005859375,28651700
2022-12-23,229.1429380757911,231.82149149891836,227.03697155694044,231.6856231689453,21207000
2022-12-27,231.65654287895535,231.87975199416192,228.87123430992634,229.9678955078125,16688600
2022-12-28,229.8999205275325,232.6464155156222,227.26018028486453,227.60955810546875,17457100
2022-12-29,228.6965364200889,234.78152813488126,228.6965364200889,233.89837646484375,19770700
2022-12-30,231.18100636407286,232.87936810259998,229.67674014824095,232.74349975585938,21938500
2023-01-03,235.90728230837536,238.49849510687616,230.39487805775428,232.51055908203125,25740000
2023-01-04,225.4259564644858,225.99854338319813,219.2924526600918,222.3397979736328,50623400
2023-01-05,220.4958596008794,220.83553784778456,215.21637883212745,215.75015258789062,39585600
2023-01-06,216.4197883428899,219.09834182718123,212.8774972822173,218.29283142089844,43613600
2023-01-09,219.76796959383623,224.41663581790868,219.72915641914315,220.41819763183594,27369800
2023-01-10,221.03930492500658,224.48455530245445,220.62200037429594,222.09715270996094,27033900
2023-01-11,224.4651718383663,228.98766979827053,224.2904903213458,228.81298828125,28669300
2023-01-12,228.31800704319014,232.82109060207105,226.6681731391479,231.47210693359375,27269500
2023-01-13,230.00665912880052,232.3067209813569,227.98803350794535,232.1708526611328,21333300
2023-01-17,230.948051370512,233.80130107166906,230.0940134168222,233.25782775878906,29831300
2023-01-18,234.44186787994613,235.22796439382358,228.57038560512123,228.85182189941406,30028700
2023-01-19,226.88172064205048,228.57038281279662,223.87318816519613,225.0863037109375,28623000
2023-01-20,227.92982862321074,233.63632824749806,227.59015038517927,233.1316680908203,35389800
2023-01-23,233.98570310784828,237.93559913009912,232.57847740404011,235.42202758789062,31934000
2023-01-24,235.34439747923588,236.75160844059997,233.3451855854794,234.89796447753906,40234400
2023-01-25,227.56105444486033,236.12080454500452,224.0866898660757,233.5101776123047,66526600
2023-01-26,236.46043582898827,240.98293336442927,234.85912950577273,240.6820831298828,33454500
2023-01-27,241.6429281386719,242.45813826853885,239.54666082597973,240.83741760253906,26498900
2023-01-30,237.2950615090347,238.35290934630353,235.0532267167277,235.54818725585938,25867400
2023-01-31,236.26636386768823,240.63357952072695,235.78111768401726,240.49771118164062,26541100
2023-02-01,240.68213759968472,247.65026657209242,238.22679278385502,245.29197692871094,31259900
2023-02-02,251.182852423541,256.8796381260482,249.65917223320272,256.79229736328125,39940400
2023-02-03,251.88161873138833,256.4041171018203,249.51361478434532,250.7267303466797,29077300
2023-02-06,249.8435718125182,250.67818108032117,247.2620584126065,249.19332885742188,22518000
2023-02-07,252.84235731907512,260.83920438047807,252.40562393796253,259.6649169921875,50841400
2023-02-08,265.1384914873045,268.5934414880708,258.354730598475,258.8594055175781,54686000
2023-02-09,265.7208390034506,265.8955501652922,255.0454213286766,255.8412322998047,42375100
2023-02-10,253.81282222305296,256.2972798694553,252.96849875330074,255.3365020751953,25818500
2023-02-13,259.742590569191,266.49720913120274,259.26702917112374,263.3139953613281,44630900
2023-02-14,264.62413161713886,266.85625191813295,261.33414871350027,264.1388854980469,37047900
2023-02-15,261.0547562578646,263.39950469785816,258.9726863891012,262.0276794433594,28922400
2023-02-16,256.87118053744996,259.51753291113,254.80858804011677,255.05181884765625,29603600
2023-02-17,252.36652933438805,253.0475576685139,249.06830587586964,251.07252502441406,30000100
2023-02-21,247.58946437392655,248.57212619836037,244.77771723097973,245.82847595214844,28397400
2023-02-22,247.2100644145277,247.45329522642257,243.5616022361045,244.69992065429688,22491100
2023-02-23,248.64026115369037,249.88560171481558,243.6978093067613,247.8716583251953,29219100
2023-02-24,243.1918464363868,244.20367985270448,241.3822090117807,242.4718780517578,24990900
2023-02-27,245.62418557007777,245.97443849874284,242.63730436651332,243.38645935058594,21190000
2023-02-28,242.32600492940065,244.68047745107052,241.99519973636188,242.66651916503906,22491000
2023-03-01,243.97020688018864,244.13560203633548,239.1347775749903,239.60179138183594,27565300
2023-03-02,239.8742028427946,244.592871158647,238.95965271701235,244.31072998046875,24808200
2023-03-03,245.3615103876745,248.69862992215678,244.58316883886687,248.3775634765625,30760100
2023-03-06,249.48670630896015,253.07679554061426,249.04889380779935,249.914794921875,24109800
2023-03-07,249.36016545686795,250.71254274610072,246.5289706683779,247.2683868408203,21473200
2023-03-08,247.16140250674363,247.6478641053872,244.01886473628258,246.8306121826172,17340200
2023-03-09,248.8932225660645,252.53194586818475,244.76802281359187,245.4879913330078,26653400
2023-03-10,244.28156241943404,245.9452528022764,240.89579379056408,241.85897827148438,28333900
2023-03-13,240.70116918441778,250.92660047438005,239.07638938766013,247.0446319580078,33339700
2023-03-14,249.79803486123274,254.00107026600773,248.93213379575317,253.72865295410156,33620300
2023-03-15,252.9405940179142,259.26459506275955,252.19142412250247,258.25274658203125,46028000
2023-03-16,258.0289000532813,269.0715820217102,256.1511657925528,268.7213439941406,54768800
2023-03-17,270.7256186044692,275.65831665347815,268.8381452248547,271.8639221191406,69527400
2023-03-20,269.48030285180215,269.96676449553627,262.5433550615518,264.8589172363281,43466600
2023-03-21,267.43710366119547,267.5538496813645,262.2222204606799,266.36688232421875,34558700
2023-03-22,265.99713606358097,273.4302818621783,264.8101688435891,264.9172058105469,34873300
2023-03-23,270.41426299778846,273.44977847868375,267.7484630649204,270.141845703125,36610900
2023-03-24,269.73317213434575,273.0313954676099,267.826251303453,272.9730224609375,28172000
2023-03-27,272.90495366822654,273.83895161321755,268.05978551317787,268.8965148925781,26840200
2023-03-28,268.3225140934646,268.6630431725957,264.6837609123016,267.7776794433594,21878600
2023-03-29,271.4066242065595,273.527619165426,270.8715283691032,272.9146728515625,25087000
2023-03-30,276.53394388967973,276.7576972006701,273.8584053599599,276.3587951660156,25053400
2023-03-31,276.0474774481902,281.43744995850153,275.33723290766795,280.49371337890625,32766000
2023-04-03,278.7619618964318,280.4645776022263,276.2615716824238,279.4527587890625,24883300
2023-04-04,279.4527167048261,282.58553031935185,277.9349590223858,279.404052734375,25824300
2023-04-05,278.11011480832366,279.3749031470758,275.2594568336865,276.6409912109375,22064800
2023-04-06,275.5415076837403,284.1713297291427,274.3934656981096,283.704345703125,29770300
2023-04-10,281.3791115118309,281.75856581319096,277.00095709388467,281.55426025390625,23103000
2023-04-11,278.0128240085293,278.2366070491665,274.01412362630157,275.171875,27276600
2023-04-12,277.07875205265157,279.23864232032844,274.32536331001984,275.8139343261719,27403400
2023-04-13,275.91126538247534,282.05040792429327,275.50265429718814,281.9920349121094,24222700
2023-04-14,279.22894208294247,280.66887902365164,276.00856885442937,278.3922424316406,20987900
2023-04-17,282.07966327684187,283.70445835587293,278.41175289020185,280.9802551269531,23836200
2023-04-18,283.6751635426458,283.86002128619106,279.2386370800672,280.5617980957031,20161800
2023-04-19,278.2462667608946,281.22340905975057,276.8355460862607,280.6396789550781,17150300
2023-04-20,277.52630699953454,281.2039550334732,277.3608970127179,278.3630065917969,23244400
2023-04-21,277.2928296281938,278.51869257683563,275.3956176560884,278.02252197265625,21676400
2023-04-24,274.45190651995864,277.234482358,271.173160031667,274.14056396484375,26611000
2023-04-25,271.941745821894,273.9751515427264,267.91382992661585,267.9624938964844,45772200
2023-04-26,288.66638021749134,291.45866558195,284.8038731912371,287.37237548828125,64599200
2023-04-27,287.9560567732343,296.936147852177,287.2555509397699,296.5761413574219,46462600
2023-04-28,295.7783383038111,300.5651029592613,295.097280309873,298.9403381347656,36469600
2023-05-01,298.6582327311371,300.24410228095644,296.8875053999733,297.2864074707031,21294100
2023-05-02,299.4267555695925,300.8082894344899,295.68099653684254,297.140380859375,26404400
2023-05-03,298.3176970170622,300.25380462015016,295.8562025897096,296.1578063964844,22360800
2023-05-04,297.94789378702626,299.4267555695925,295.18479636598147,297.140380859375,22519900
2023-05-05,297.4420521379096,303.5228215296377,296.03130176252597,302.2385559082031,28197100
2023-05-08,301.73272288949374,301.80083464980765,297.8021042471063,300.29278564453125,21318600
2023-05-09,299.6603622188009,301.6451339704267,298.0161195443124,298.68743896484375,21340800
2023-05-10,300.2634884514186,304.5248958986196,299.3392294255837,303.85357666015625,30078000
2023-05-11,301.7034867589505,302.695857722587,297.9674652772338,301.71319580078125,31680200
2023-05-12,302.1412397708911,302.2385380136494,298.2982115576061,300.6040344238281,19774700
2023-05-15,300.7305724404115,301.50889913783726,299.26144888091557,301.080810546875,16336500
2023-05-16,301.4407853698495,305.21573217875385,301.4407853698495,303.299072265625,26730300
2023-05-17,304.4983225212711,306.58491370331046,302.986977417283,306.1656494140625,24315000
2023-05-18,306.68252689685806,311.0800126585323,305.8927386445008,310.5729675292969,27276000
2023-05-19,308.83731401909836,310.7971739556616,308.47655029580653,310.39739990234375,27546700
2023-05-22,310.65094892902596,314.5413890695808,310.0756729757329,313.16656494140625,24115700
2023-05-23,312.04526511786804,314.66815212283035,307.3845270869392,307.394287109375,30797200
2023-05-24,306.8775496399996,308.6033777226254,304.8104182916671,306.0195007324219,23384900
2023-05-25,315.175173290878,318.7438600972789,312.0160206042334,317.788330078125,43301700
2023-05-26,315.935693050292,325.0816668912498,315.7992015223041,324.58441162109375,36630600
2023-05-30,326.866039835357,327.3632951279749,322.2735326633113,322.9463195800781,29503100
2023-05-31,323.9994366236467,327.5583638731274,319.1631662469999,320.1967468261719,45950600
2023-06-01,317.7980281716673,325.2084138620462,316.61822604492374,324.2821044921875,26773900
2023-06-02,325.9104672337744,329.0793797798021,324.25287030723234,327.0317687988281,25873800
2023-06-05,326.8562514071327,330.1129147289543,326.31022580563945,327.55828857421875,21307100
2023-06-06,326.9635018339944,327.00251216553283,323.8823700342451,325.35467529296875,20396200
2023-06-07,323.3752349770135,326.14437262212346,314.45353595464775,315.31158447265625,40717100
2023-06-08,315.85773263123184,318.4903798108397,315.28245664141156,317.1448059082031,23277700
2023-06-09,316.8815191818162,321.7567696311191,316.3160032224107,318.6366271972656,22529000
2023-06-12,320.3819407440362,323.8141360540533,317.0472861489783,323.57037353515625,24260300
2023-06-13,326.12499527780267,328.5723804542734,322.1468041193806,325.9494934082031,22951300
2023-06-14,325.9982202996805,330.58096729872784,324.50639495848685,328.9233703613281,26003800
2023-06-15,329.05994974194124,341.1115558406534,328.78693687823426,339.41497802734375,38899100
2023-06-16,342.5545998111812,342.70085137133475,333.41838536086453,333.78887939453125,46552000
2023-06-20,330.84420359010136,333.54508130008793,327.48026928452794,329.6156311035156,26375400
2023-06-21,327.9775589781728,329.30364243212927,323.78485594149885,325.2376708984375,25117800
2023-06-22,325.78375659192324,331.6340575859297,325.02321865294914,331.2342834472656,23556800
2023-06-23,326.01771828331994,329.5279043913859,325.13044892910204,326.6612548828125,23146900
2023-06-26,325.39371033432894,327.72406452687306,320.29418775939905,320.4014587402344,21520600
2023-06-27,323.58006632131827,327.76303899280276,321.0839407974331,326.22247314453125,24354100
2023-06-28,326.31020823977883,329.54738110019997,325.481409860504,327.47052001953125,20259500
2023-06-29,326.35897729326905,327.72404134255896,324.3211263632283,326.69049072265625,16997000
2023-06-30,329.32312037613315,334.17887983586667,328.78685480648323,332.04351806640625,26832800
2023-07-03,330.7272007694062,332.3945278816647,328.17257461621756,329.55712890625,12508700
2023-07-05,326.7295145394102,333.12584042536054,326.3785108077479,329.7131652832031,18172400
2023-07-06,328.88436028376566,334.43239728548525,327.1292821478824,332.75531005859375,28161200
2023-07-07,330.8539769415479,333.26235165945616,328.5918537740865,328.8063659667969,21214800
2023-07-10,326.25174994494995,326.8660362322845,319.41663962980306,323.55084228515625,32791400
2023-07-11,322.8001024662545,324.5551808456817,318.84140121091826,324.1749267578125,26698200
2023-07-12,328.20182929500714,333.1258197926784,327.29503995487715,328.786865234375,29995300
2023-07-13,331.08793512161674,335.1636364816071,330.5613998542952,334.110595703125,20567200
2023-07-14,338.91759393807007,342.66178201390807,335.71943143019837,336.626220703125,28352700
2023-07-17,337.0552945851425,338.33260777182664,333.66213945063294,337.10406494140625,20363900
2023-07-18,337.20153461943244,357.62884439822335,333.63287773911316,350.5207214355469,64738600
2023-07-19,352.72436118966306,353.4166384044317,343.6466474604791,346.22076416015625,39732900
2023-07-20,344.74842283159865,349.03863672095343,336.7530012262202,338.215576171875,33778400
2023-07-21,340.4386749626526,341.55997642385313,331.35120253084744,335.1929016113281,69405400
2023-07-24,337.2210689969038,338.2643797019485,333.7693834548789,336.49951171875,26678100
2023-07-25,338.4496147386664,343.11038262849917,336.4605340248674,342.22308349609375,41637700
2023-07-26,332.92109821610006,336.0705206538034,324.79891447113727,329.3426513671875,58383700
2023-07-27,331.9850338749244,332.8138025679025,320.8401897883476,322.4685363769531,39635300
2023-07-28,325.3449259664994,331.52673900384514,324.85740099740747,329.9276428222656,28484900
2023-07-31,328.51386838696095,329.2744062182313,325.0426629130829,327.538818359375,25446000
2023-08-01,326.827001708787,330.0934250583603,325.37418677597503,327.94830322265625,18311900
2023-08-02,325.3059183538415,325.3059183538415,318.2172862001048,319.328857421875,27761300
2023-08-03,317.86629010944046,321.64948875271074,317.8175495134228,318.50982666015625,18253700
2023-08-04,323.5995783751702,326.7782506968959,319.0753323772253,319.60186767578125,23741500
2023-08-07,320.17717126140934,322.8487988022052,319.3483727907042,321.8737487792969,17741500
2023-08-08,318.802368731708,320.5477167225477,314.9411787114309,317.9150695800781,22327600
2023-08-09,318.324602002666,318.9486185830014,313.0398174565163,314.1903991699219,22373300
2023-08-10,317.8857952635295,320.0699275319088,313.16655676040074,314.8728942871094,20113700
2023-08-11,312.26953644201075,314.3658880842269,311.2457160426732,313.0008239746094,24355500
2023-08-14,313.37132372944086,315.974690482468,312.09398089474894,315.9552001953125,18836100
2023-08-15,314.9411305404492,316.97898134379494,312.8935197157339,313.8295593261719,16966300
2023-08-16,313.4582836388938,316.9954627703804,312.4811692512175,313.06744384765625,20698900
2023-08-17,313.2042944549321,314.50384363723833,308.97337191344144,309.6280517578125,21257200
2023-08-18,307.29270464284144,311.0936940527994,304.4199858602723,309.2371826171875,24755000
2023-08-21,310.65399674996837,315.383227213463,309.7843803763491,314.51361083984375,24040000
2023-08-22,318.0507893960546,318.61750272062665,314.1032382228466,315.0803527832031,16084600
2023-08-23,316.40920172771865,321.66608212966844,316.05742502712076,319.51641845703125,21166400
2023-08-24,325.23254709942444,325.35957674760573,312.6375276630827,312.6473083496094,23281400
2023-08-25,314.11295718549064,317.91391657239774,311.5040487015702,315.5884094238281,21684100
2023-08-28,318.207066953983,318.68584344960186,314.3572339791844,316.29193115234375,14808500
2023-08-29,314.51357886440167,321.45109687018396,314.51357886440167,320.8941345214844,19284600
2023-08-30,321.1481929412585,322.26208781651366,318.97899784822044,321.26544189453125,15222100
2023-08-31,321.66608035944125,323.3369376753796,319.30145033255354,320.259033203125,26411000
2023-09-01,323.7278057381443,324.3922364479654,319.30147820313266,321.1384582519531,14942000
2023-09-05,321.47064520868975,327.18677054781415,321.13842988312655,325.91650390625,18553900
2023-09-06,325.7504285755841,326.8056990885685,322.6236503266788,325.2618713378906,17535800
2023-09-07,323.7082248346301,325.45723807010125,321.49993683780025,322.35980224609375,18381000
2023-09-08,322.5357246617766,328.46681688735,321.9201377501079,326.62005615234375,19530100
2023-09-11,329.5220626550476,330.67508035139593,327.7534879124914,330.2060546875,16583300
2023-09-12,328.1345774558951,329.08237965274225,323.8939043767627,324.17724609375,17565500
2023-09-13,323.7277859536388,329.141008354495,323.59100543664357,328.36907958984375,16544400
2023-09-14,331.38835303568044,333.0592103619418,328.8674109262189,330.94866943359375,20267000
2023-09-15,329.2094292987057,329.6784251727831,322.10578782450574,322.6627502441406,37679800
2023-09-18,320.29806225418173,322.83856545069517,318.8910152474716,321.52923583984375,16834200
2023-09-19,318.7054373268487,321.85174708859677,317.0834237409372,321.128662109375,16505900
2023-09-20,321.96892330963425,322.04707932853614,313.1748951347457,313.4289245605469,21436500
2023-09-21,311.95356654433346,317.9041899225686,307.79104947595397,312.2173767089844,35560400
2023-09-22,313.96639594173394,314.0934255806642,308.9147015377864,309.7550354003906,21447900
2023-09-25,309.34464808220946,310.39994834578414,307.7910397456029,310.2729187011719,17836000
2023-09-26,307.918083681108,308.650919524038,302.92501329864484,304.99652099609375,26297600
2023-09-27,305.15284644995364,307.10707545013054,302.60259191792346,305.63165283203125,19410100
2023-09-28,303.8728115871533,308.2600757204857,302.3680768122536,306.4621887207031,19683600
2023-09-29,310.4781242122937,312.1587623008752,307.7715278533527,308.5238952636719,24147300
2023-10-02,309.04173366618016,314.523360821819,307.96690188868587,314.4353942871094,20570000
2023-10-03,313.48763043750324,314.03484198855955,304.0877937628594,306.2179260253906,21033500
2023-10-04,306.84323355961436,312.71570064039577,306.8139213204077,311.660400390625,20720100
2023-10-05,311.7873983700248,312.6570444101147,307.6932870679997,312.05120849609375,16965600
2023-10-06,309.3055602997531,321.65630098463043,309.06128169271835,319.7704772949219,25673600
2023-10-09,317.3179038998877,322.7408769349448,315.78382712320234,322.2718811035156,19891200
2023-10-10,323.38579530400693,323.5226056424412,320.17111018080624,320.8746337890625,20557100
2023-10-11,323.6300784570828,325.203248275294,321.60747414676473,324.8124084472656,20063200
2023-10-12,323.0047438226922,325.99471177384464,321.1970760539996,323.58123779296875,19313100
2023-10-13,324.7732817040409,326.190079660526,318.8910340646987,320.2297058105469,21072400
2023-10-16,323.47370563502346,328.4472441018182,323.03402205271703,325.02734375,22158000
2023-10-17,322.0471280716989,325.8285559881701,319.91702585909127,324.4606018066406,18338500
2023-10-18,324.8807739787621,327.909834737972,320.7866620472197,322.55523681640625,23153600
2023-10-19,324.54847946828954,329.17024042475526,323.3368673878529,323.73748779296875,25052100
2023-10-20,324.12841643957864,324.3238512632102,318.0019193859901,319.1940002441406,25027700
2023-10-23,318.0214589074995,325.11531975085603,316.9661883632888,321.7833557128906,24374700
2023-10-24,323.71800459686386,324.24565474799095,320.1026990318568,322.96563720703125,31153600
2023-10-25,337.1240202368528,338.2770379621599,329.89337919706037,332.87359619140625,55053800
2023-10-26,332.7465699625012,333.81162115649903,319.4578072066944,320.3860778808594,37828500
2023-10-27,322.8679522434815,329.0140110865285,320.88441090808146,322.26214599609375,29856500
2023-10-30,325.77974409067264,331.6815239306809,324.235886505314,329.5904846191406,22828100
2023-10-31,331.09524685603606,331.24180806391223,327.03044704898707,330.3721618652344,20265300
2023-11-01,332.0136865785613,339.46907368839175,331.8768762591472,338.14996337890625,28158800
2023-11-02,339.29318001958046,340.8467882699962,336.87970636333785,340.3484802246094,24348100
2023-11-03,341.6284859220493,346.2795596471139,339.3811050850171,344.7259216308594,23637700
2023-11-06,345.361075900052,349.3574699781312,345.26335850207806,348.3705749511719,23828300
2023-11-07,351.1749086935178,354.16487636600215,349.4454269438777,352.279052734375,25833900
2023-11-08,353.40267618539207,355.54255878691407,352.2985323074461,354.8879089355469,26767800
2023-11-09,354.0085034994957,356.44153841470893,352.1128993476677,352.43536376953125,24847300
2023-11-10,353.21708130319655,361.6300519453443,352.8067099465058,361.20989990234375,28042100
2023-11-13,359.7930947254669,360.03737334526807,357.5261819771122,358.288330078125,19986500
2023-11-14,362.5192275200011,363.4377174527681,358.9429851939613,361.796142578125,27683900
2023-11-15,363.5193564786247,365.3306930182784,359.4365063311856,361.9430236816406,26860100
2023-11-16,363.2060393855787,368.48338982170065,362.4423444484434,368.3071594238281,27182300
2023-11-17,365.80068027610133,366.544804095545,359.3288587696676,362.1192932128906,40157000
2023-11-20,363.46060991672704,370.95070053235196,363.24520725093254,369.55059814453125,52465100
2023-11-21,367.81760182816333,368.35609354646346,363.36268990163154,365.2719421386719,28423100
2023-11-22,370.0988850281661,371.85147806167527,367.1322205576516,369.9520263671875,23345300
2023-11-24,369.44291677497637,370.0695536363756,367.29872033158176,369.54083251953125,10176600
2023-11-27,368.90443134275364,372.68376401378913,368.33656782207504,370.6961669921875,22179200
2023-11-28,370.4416329997911,374.994431479148,370.2556020402747,374.7007141113281,20453100
2023-11-29,375.7385254123956,376.26721663239306,369.55062106548934,370.93115234375,28963400
2023-11-30,370.578664516551,372.1452267516367,367.6218003340975,370.9898986816406,30554400
2023-12-01,368.8847624612835,370.25549290656926,363.5486694410809,366.6817932128906,33040500
2023-12-04,361.3849610271203,361.79616532164505,355.31454343634607,361.42413330078125,32063300
2023-12-05,358.7903292029664,365.28172122334854,357.9776614584204,364.7334289550781,23065000
2023-12-06,365.7320676922202,366.3586745191065,360.33723121289296,361.09112548828125,21182100
2023-12-07,360.5331119373255,363.68580733396766,358.6630319776083,363.1962585449219,23118900
2023-12-08,361.4828549867559,366.6328881744278,360.53312909562084,366.40771484375,20154400
2023-12-11,360.77793808950827,363.8327181906465,358.44768073859893,363.5389709472656,27708800
2023-12-12,363.0983520859286,366.59373770012405,362.7164896784692,366.5545654296875,24838300
2023-12-13,368.16027437565873,369.7464376106383,363.0200118977458,366.5447692871094,30955500
2023-12-14,365.50699652896213,365.94760248987683,356.51888591572833,358.28125,43277500
2023-12-15,359.1820223907122,364.6160030546236,358.62392949147795,362.9809265136719,78502300
2023-12-18,361.7275930990288,365.20337736605416,360.9736688806633,364.8606872558594,21802900
2023-12-19,363.7249858043668,365.4580078125,362.1094806161989,365.4580078125,20603700
2023-12-20,367.1616214647713,368.1700908565403,362.78505374172363,362.8731689453125,26316700
2023-12-21,364.7726511936181,366.58398798641923,362.3053356484184,365.732177734375,17708000
2023-12-22,365.8691843460341,367.33783074743565,364.9194584779402,366.7503662109375,17107500
2023-12-26,367.1615638820972,369.06101542962205,365.6929176265688,366.82867431640625,12673100
2023-12-27,365.8790367110042,367.2203958335403,365.0174259193831,366.2510986328125,14905400
2023-12-28,367.5238451750327,368.59105792655595,366.3391454974242,367.43572998046875,14327000
2023-12-29,368.14066782074684,369.2764245304369,365.6733528250178,368.1798400878906,18730800
2024-01-02,366.045381402949,368.04274869324354,359.1035836301592,363.1178894042969,25258600
2024-01-03,361.2968150611858,365.45797986261033,360.8072662610182,362.85357666015625,23083500
2024-01-04,362.92215399405467,365.30135421024977,359.49531207816057,360.24920654296875,20901500
2024-01-05,361.25764113124956,364.2830491168241,358.8392688743441,360.0631408691406,21004600
2024-01-08,361.58071261682426,367.35741205524755,361.2967958412056,366.8580627441406,23134000
2024-01-09,364.2341014424794,368.1308907001316,363.4312342532303,367.9350891113281,20830000
2024-01-10,368.50300659957884,376.13998679528584,368.45406366512276,374.76922607421875,25514200
2024-01-11,377.9316297717882,382.5137988372754,372.42910667865823,376.59027099609375,27850800
2024-01-12,377.4323150873344,380.55563874578314,376.6098767088899,380.35003662109375,21661200
2024-01-16,385.43158211314164,385.7938434606626,379.51782397721394,382.1124267578125,27202300
2024-01-17,379.87031666196907,381.9557695556543,376.7665639671979,381.32916259765625,22234100
2024-01-18,383.53215294829613,385.75469397471676,381.9655906494616,385.63720703125,23392100
2024-01-19,387.48767542805655,390.33685302734375,385.2749052923237,390.33685302734375,29331100
2024-01-22,391.6585969965062,392.24606151114637,385.3630068278654,388.22198486328125,27016900
2024-01-23,387.47789064929606,391.03201985975426,385.6959257751216,390.5620422363281,20525900
2024-01-24,393.14680862672975,397.1513137154345,392.0795959641375,394.1454772949219,24867000
2024-01-25,395.8687348533506,398.5025096949156,394.11614184479663,396.4072265625,21021200
2024-01-26,395.917682766026,397.68007633393063,394.01823107466254,395.48687744140625,17803300
2024-01-29,397.57238286313674,401.41045873539736,395.8785331996652,401.1558837890625,24510200
2024-01-30,403.64280098293807,404.41626660201007,397.9542461080957,400.04949951171875,33477600
2024-01-31,398.4535945955144,406.6388669659615,388.9073919493629,389.2696533203125,47871100
2024-02-01,393.430744217634,399.4717890769623,393.401372487154,395.3399963378906,30657700
2024-02-02,395.36942496681314,404.02464472350925,395.12465055102524,402.6245422363281,28256700
2024-02-05,401.33206284957225,402.5657352720622,395.5455929874579,397.1708984375,25352300
2024-02-06,397.39617518548,399.44248577195293,394.48825385108364,397.0143127441406,18382600
2024-02-07,398.9235343367266,405.64012962816963,398.88436206584436,405.3953552246094,22340500
2024-02-08,405.39538860876115,406.87383568951475,403.9071708692484,405.4541320800781,21225300
2024-02-09,406.5702855474464,412.0238664464446,406.41362634312986,411.7594909667969,22032800
2024-02-12,411.769283442755,411.94551383927785,406.0807287884979,406.580078125,21202900
2024-02-13,396.4757753769111,401.49855072964925,394.9581860838381,397.8269348144531,27824900
2024-02-14,400.2791549212446,402.01535139218385,396.8459767481885,401.6720275878906,20401200
2024-02-15,400.34788638470263,401.3189759217452,396.5713838346197,398.79803466796875,21825500
2024-02-16,400.17133095818804,400.49504745207923,395.73763633762957,396.3457946777344,22296500
2024-02-20,395.5413968145009,396.7675320143623,390.41126629664336,395.1000061035156,24307900
2024-02-21,392.5301035768011,394.609624467944,389.63641199991355,394.501708984375,18518900
2024-02-22,402.3587454167674,404.9483275530714,400.76967888893086,403.7908630371094,27009900
2024-02-23,407.7340858290021,407.92043082910567,401.1619895410124,402.5058288574219,16295900
2024-02-26,403.60448178020243,404.2911294979053,399.5827521513917,399.75933837890625,16193500
2024-02-27,400.2007433350152,400.5244598178457,396.13979878680874,399.70050048828125,14835800
2024-02-28,400.38709194736896,401.48570431449235,397.5817089338175,399.9358825683594,13183100
2024-02-29,400.8383181687279,406.2921650523384,398.1702468207432,405.74285888671875,31947300
2024-03-01,403.4180998812608,407.93028353505224,403.03556125394095,407.5673522949219,17823400
2024-03-04,405.54668869062186,409.38204334564557,404.4480762959748,406.9984436035156,17596000
2024-03-05,406.056714869292,406.3411866044012,392.9910415291509,394.962646484375,26919200
2024-03-06,395.2765034020267,397.4246943464113,390.78395787151743,394.4132995605469,22344100
2024-03-07,398.3664647487739,401.9565926355365,394.5605358436286,401.3288269042969,18718500
2024-03-08,400.1712786506048,402.58433424165736,396.61057729290076,398.4645080566406,18002200
2024-03-11,396.0515271512708,397.93485423983793,393.5992565104688,396.7969970703125,16120800
2024-03-12,399.8378618870692,407.63609534203414,399.023721117664,407.35162353515625,22457000
2024-03-13,410.1177430442753,410.19620253246603,403.5947092048327,407.1750183105469,17115900
2024-03-14,412.21684262615895,419.6521433696343,410.009799228429,417.1017761230469,34157300
2024-03-15,411.28501994441507,414.53182378938754,404.9091164524236,408.4698181152344,45079900
2024-03-18,406.341265451297,412.6975620459207,405.88023735043,409.3526611328125,20106000
2024-03-19,409.8528643144651,413.61957818454806,407.61639479250874,413.3645324707031,19837900
2024-03-20,413.94328882066856,417.82767717758037,412.6288753346162,417.11163330078125,17860100
2024-03-21,421.62378632435974,422.5949058623587,419.0047780206844,421.1725769042969,21296200
2024-03-22,421.49625883993525,421.6531778067011,417.9355573407252,420.5545654296875,17648500
2024-03-25,417.12140106535213,419.2499850699005,413.5606994442316,414.7868347167969,18060500
2024-03-26,417.48433323864253,417.8570831519167,413.30568457627095,413.5999450683594,16725600
2024-03-27,416.3366986755512,416.3465173372015,411.0103740796991,413.3841552734375,16705000
2024-03-28,412.92315255513495,413.81578270674646,411.1182848623514,412.687744140625,21871200
2024-04-01,415.856044584665,419.720825298805,414.15906261710444,416.4642028808594,16316000
2024-04-02,412.0893571765106,414.31603809824145,409.86270618972446,413.39398193359375,17912000
2024-04-03,411.71659648353796,415.17920112214335,411.0888008867087,412.4228515625,16502300
2024-04-04,416.87612828288866,420.48589287991564,409.5978068668824,409.9018859863281,19370900
2024-04-05,411.9912731648726,418.36717662742586,410.33353586981326,417.39605712890625,16554800
2024-04-08,417.052799785157,419.1225019527215,415.2184760981184,416.4838562011719,14272400
2024-04-09,418.2985199584035,419.5736887198931,413.5705349702072,418.1415710449219,12496900
2024-04-10,414.1295898580884,415.9344571556194,411.6871382875885,415.1791687011719,16216600
2024-04-11,417.69033834286756,421.1725504908495,414.2963744060529,419.7600402832031,17966400
2024-04-12,415.95410040174403,417.06253143112855,411.75581460240056,413.84515380859375,19253800
2024-04-15,418.45542004596757,418.6712210349568,405.53684662340567,405.74285888671875,20273500
2024-04-16,406.65512826574127,410.4119935798852,405.8311689524943,406.6649169921875,16765600
2024-04-17,409.2839508985917,410.8828360715611,402.4960529094379,403.97723388671875,15855500
2024-04-18,402.7903496970384,404.02630364117994,396.23788993068626,396.5517578125,21029900
2024-04-19,396.31635459832717,397.738683518828,390.1758594431205,391.5000915527344,30565800
2024-04-22,392.4417885622407,395.1589237744009,388.1944686964581,393.30499267578125,20286900
2024-04-23,396.52237683143863,400.4067954016844,395.36491217740183,399.788818359375,15734500
2024-04-24,401.7407592748994,404.5952057239604,399.01383568119996,401.25030517578125,15065300
2024-04-25,386.50730115245716,392.2554394295144,380.6218512778305,391.4216613769531,40586500
2024-04-26,404.30097191316094,405.1151126000372,398.0133463554319,398.5626525878906,29694700
2024-04-29,397.5130677635141,398.56264677395114,391.56876617151903,394.5703430175781,19582100
2024-04-30,393.8247569040791,394.4819784580858,381.7399926784336,381.89691162109375,28781400
2024-05-01,385.11436938308555,394.05045900742965,382.85829240714,387.39990234375,23562500
2024-05-02,390.0679505478797,392.29460134045365,387.11540734616494,390.2445068359375,17709400
2024-05-03,394.59976579857647,399.37678414031285,394.1877711661832,398.8961486816406,17446700
2024-05-06,400.95597517816435,406.02725292029163,398.6115906220434,405.64471435546875,16996600
2024-05-07,406.743340415855,406.7531590756513,401.27967532834964,401.52490234375,20018200
2024-05-08,400.3773092630151,404.3597941214035,398.9451617518151,402.7020568847656,11792300
2024-05-09,402.73150019277335,404.84044690561177,401.28956389363333,404.4480895996094,14689700
2024-05-10,405.05627644521434,407.4496950958414,403.9380266126503,406.8218994140625,13402300
2024-05-13,410.0294855785296,410.36299080631596,402.97675254945415,405.8213806152344,15440200
2024-05-14,404.1538152820149,409.5193847249845,403.69278719697195,408.6071472167969,15109300
2024-05-15,410.6608977071615,416.46852499785643,410.0418061194269,415.75115966796875,22239500
2024-05-16,414.49335406459187,418.05067177577746,413.0684896947791,413.6973876953125,17530100
2024-05-17,415.2205635959117,415.5939858480529,410.7886784280323,412.930908203125,15352200
2024-05-20,412.9309356548489,419.3772981518083,412.71474538865465,417.9720764160156,16272100
2024-05-21,419.4362019217813,425.4698558470045,417.4905197677202,421.6079406738281,21453300
2024-05-22,422.63977275649836,424.91959180983645,419.7310556819618,423.06231689453125,18073700
2024-05-23,425.46982612085486,426.0889176680517,418.05062390261264,419.6032409667969,17211700
2024-05-24,419.78997344657733,423.5929302999633,417.0581313925194,422.7085266113281,11855300
2024-05-28,422.1877338257991,423.35712243524114,419.2102222377172,422.86578369140625,15718000
2024-05-29,418.3160195321069,423.4750768037088,418.3160195321069,421.7357482910156,15517100
2024-05-30,416.95003623481153,416.95003623481153,407.0643033400361,407.48687744140625,28394500
2024-05-31,409.5308671519035,409.5308671519035,397.50290358954135,407.9389343261719,47995300
2024-06-03,408.3319416725267,409.2163453409128,401.83645840787784,406.35675048828125,17484700
2024-06-04,405.2856495851976,409.226195718034,402.58328662384173,408.86260986328125,14348900
2024-06-05,410.57248754759564,416.7338647316788,409.0886349128657,416.66510009765625,16988000
2024-06-06,416.6651450920817,417.94261399588106,413.29453808136446,417.1662902832031,14861300
2024-06-07,418.8172023955245,418.89580340788024,415.67262210037114,416.5079040527344,13621700
2024-06-10,417.3431202309482,420.66454478320344,416.5471539046789,420.45819091796875,13982900
2024-06-11,418.1096457911631,425.3224952545953,417.88361916349896,425.1849060058594,14551100
2024-06-12,427.7792095971262,435.7192312163597,425.74505981738713,433.4197692871094,22366200
2024-06-13,433.21338970261115,435.7093989946261,431.75901618030764,433.93072509765625,15960600
2024-06-14,430.68790003484014,435.4637283515464,429.15492551069684,434.9035949707031,13582000
2024-06-17,434.9232741023748,443.12863803595843,433.0856717940259,440.6031494140625,20790000
2024-06-18,441.919864030814,442.3424381224516,437.1833815521162,438.6082458496094,17112500
2024-06-20,438.5689831798124,438.7950098147065,433.62611625090886,437.9794006347656,19877400
2024-06-21,439.63028836717615,442.77483854275334,438.7753636944757,441.98870849609375,34187100
2024-06-24,442.0082999216464,444.90721036131976,438.6770389987755,439.91522216796875,15913700
2024-06-25,440.4851865060809,443.60028735592437,439.01117026568124,443.138427734375,16413400
2024-06-26,441.2221891732116,445.7425115856911,440.42622281234816,444.32745361328125,16507000
2024-06-27,444.3470555991846,448.2679587829335,443.9441542700809,445.0054626464844,14806300
2024-06-28,445.22171482768863,447.4916975183524,438.6770788922511,439.2077331542969,28362300
2024-07-01,440.88808384173325,449.447196335744,437.94005138791704,448.81829833984375,17662800
2024-07-02,445.3494912239479,451.62878536550966,445.26102385148636,451.32415771484375,13979800
2024-07-03,450.2530351597629,453.0339994689676,449.9484075142332,452.788330078125,9932800
2024-07-05,451.64833517582963,460.2369558495132,451.01943724833905,459.46063232421875,16000300
2024-07-08,458.4681407863274,459.59824381659064,456.41434856608595,458.16351318359375,12962300
2024-07-09,458.91035499777627,459.2346253511444,450.0662582205172,451.57958984375,17207200
2024-07-10,453.2305642637646,458.37978529575963,450.9114295315087,458.1734313964844,18196100
2024-07-11,454.9600551032178,456.72886266734906,443.7280281074878,446.823486328125,23111200
2024-07-12,446.459846610387,448.45468069664645,442.8436006787632,445.693359375,16324300
2024-07-15,445.44771219074863,449.3391368001631,443.61011000854984,446.0962829589844,14429400
2024-07-16,446.3517811207802,446.43038212668165,438.92274152217504,441.7331848144531,17175700
2024-07-17,434.92321432561624,437.1440749862863,431.5722805813875,435.83709716796875,21778000
2024-07-18,436.6428994208888,436.94752703468305,426.8750830594602,432.7416687011719,20794800
2024-07-19,425.5976305961669,433.49836608097274,424.51667935003445,429.53814697265625,20940400
2024-07-22,434.1370778123692,436.89839903999433,431.3069619660928,435.26715087890625,15808800
2024-07-23,436.21054835742433,440.62279084734524,435.4244183311835,437.14410400390625,13107100
2024-07-24,432.82031037979385,433.8324669900576,420.18306232506063,421.4703674316406,26805800
2024-07-25,421.37209200547386,422.3547694868196,410.2776848331151,411.1522521972656,29943800
2024-07-26,410.95572197330205,421.49002544679837,410.04180915234855,417.9032287597656,23583800
2024-07-29,424.10394408211863,424.66407745687695,417.34314804369717,419.3379821777344,15125800
2024-07-30,420.3108034246303,421.6177512482942,410.13024936818454,415.5939636230469,32687600
2024-07-31,413.2158387504739,414.47366459871824,405.06943486429435,411.10308837890625,42891400
2024-08-01,413.5008583778063,420.05530026736574,405.9342299111822,409.88458251953125,30296400
2024-08-02,405.3445889736249,407.8111188309651,397.33577420400843,401.41387939453125,29437900
2024-08-05,382.42860065253456,394.09297731515574,378.9007621776494,388.30499267578125,40709200
2024-08-06,393.07097221564607,398.6427664419344,391.5969560698374,392.6877136230469,24946500
2024-08-07,401.56129474356715,402.9763225660977,390.5847753290331,391.52813720703125,20650900
2024-08-08,395.4687471216862,398.82948747665125,393.01205329948556,395.71441650390625,20203000
2024-08-09,397.0312365091721,400.98158973460994,395.29190792260925,398.98675537109375,19276700
2024-08-12,400.0086698442997,401.67923346079886,397.2375123110676,399.76300048828125,16762900
2024-08-13,402.49490035510087,407.762067699129,402.4752575998139,406.8383483886719,19414300
2024-08-14,407.61463319199424,410.48406481515934,405.3053649551057,409.6389465332031,18267000
2024-08-15,413.27153919674845,414.56116454959863,411.16483466760724,414.482421875,20752100
2024-08-16,414.05913029915934,414.787612725286,410.8104315549657,411.9622497558594,22775600
2024-08-19,412.4446299731582,415.19125033166955,409.9835081573214,414.97467041015625,15234000
2024-08-20,415.14205004692775,419.2373304106215,415.08298552534507,418.1938171386719,16387600
2024-08-21,417.48497282390196,419.7689009161739,415.1616884163413,417.5440673828125,16067300
2024-08-22,417.76066831830366,420.1529016775488,408.1622927487291,409.0876770019531,19361900
2024-08-23,410.4953972510095,412.73993890763575,405.68142906839694,410.308349609375,18493800
2024-08-26,409.89487877847426,410.7907306533513,404.94310328054127,407.0596618652344,13152800
2024-08-27,406.43946532338146,407.91613833509496,403.8700687036349,407.40423583984375,13492900
2024-08-28,408.4280692350888,408.5461982686738,400.97578558888256,404.2146301269531,14882700
2024-08-29,408.48716903331825,415.4865852646763,404.2146650393698,406.6954650878906,17045200
2024-08-30,409.1369250633482,410.9975176628722,405.72088654420793,410.6529846191406,24308300
2024-09-03,411.4109748667296,413.35034007836833,400.7001678121759,403.07269287109375,20313600
2024-09-04,399.59755429893164,404.8446523736478,398.0814949690352,402.5410461425781,15135800
2024-09-05,401.28095677141835,406.67574622741506,399.8141378862011,402.03900146484375,14195500
2024-09-06,402.6985921439958,404.2638620080845,394.56703607993364,395.45306396484375,19609500
2024-09-09,400.9068736495872,402.2949499033103,395.89603343829765,399.4105224609375,15295100
2024-09-10,401.8519747424291,409.85551750473985,401.3597503882825,407.7586669921875,19594300
2024-09-11,409.03846009013733,417.39642045511704,403.2105102076021,416.4612121582031,19266900
2024-09-12,416.72697057085117,420.7238298297295,413.2223356546228,420.3595886230469,17395700
2024-09-13,419.2077526362247,425.1144444971336,418.84351144501346,423.89373779296875,15874600
2024-09-16,423.90362815097126,426.7880557127787,421.5606353721957,424.6321105957031,13834700
2024-09-17,433.3838900790578,434.9786922694464,425.54765628869114,428.38287353515625,18874200
2024-09-18,428.235163297131,429.249144206207,423.7165475930165,424.1103210449219,18898000
2024-09-19,434.36830593406904,434.63409626466625,430.1056262859268,431.8677978515625,21706600
2024-09-20,430.4206328981448,432.409208323067,427.4672869965637,428.5009460449219,55167100
2024-09-23,427.52635570448473,429.6724465370328,423.6968661035608,426.7683410644531,15128900
2024-09-24,426.2662748026867,426.61083784634445,419.4735849772464,422.495849609375,17015800
2024-09-25,423.1455340479856,426.38437839634133,421.9051492250097,425.39007568359375,13396400
2024-09-26,428.3237537072511,428.53047950890726,422.45644824495844,424.6025390625,14492000
2024-09-27,424.8093096047705,425.1341945131492,420.82230422369577,421.3637390136719,14896100
2024-09-30,421.5507517579481,423.7264049247719,418.7549211722127,423.6082458496094,16807300
2024-10-01,421.78703621784,421.81656847562806,412.2969368087723,414.147705078125,19092900
2024-10-02,416.00826255732983,416.2445506428297,410.22955427128664,410.6430358886719,16582300
2024-10-03,411.1353624953208,413.0254873918148,407.8473070657378,410.06231689453125,13686400
2024-10-04,411.73581262468696,413.2223397680441,408.51667620718774,409.5897216796875,19169700
2024-10-07,409.5306729821077,410.6233966552464,402.6395318501973,403.171142578125,20919800
2024-10-08,404.5099947662806,409.19598053892946,401.82246884384335,408.2607421875,19229300
2024-10-09,409.3928325735408,413.8425600403991,407.857094965171,410.96795654296875,14974300
2024-10-10,408.77257820362894,410.85960430218415,406.72490841573625,409.3730773925781,13848400
2024-10-11,409.6684790592566,410.6430736171545,406.8234080163179,409.8456726074219,14144900
2024-10-14,411.2730758524341,417.4455877275933,411.0269637053987,412.6217956542969,16653100
2024-10-15,415.61453317923247,415.9098858066577,408.80216519233556,412.22802734375,18900200
2024-10-16,408.71356498849764,409.8850312589263,404.09649835161355,409.6487731933594,15508900
2024-10-17,415.7917465890575,415.9295838303706,409.127039576057,410.2394714355469,14820000
2024-10-18,410.6529471112624,413.12389293089865,409.78662744422246,411.6570739746094,17145300
2024-10-21,409.6487883889798,412.44461909285747,407.31564977599334,412.2674255371094,14206100
2024-10-22,411.9819175179694,423.8838984262341,411.53893363879695,420.8616638183594,25482200
2024-10-23,424.1595150969288,424.3760949935698,415.95907136722593,417.99688720703125,19654400
2024-10-24,418.7155841953702,419.35549993342784,415.8311564953273,418.12493896484375,13581600
2024-10-25,420.12336158504047,425.7937660019832,419.9363139175779,421.4917297363281,16899100
2024-10-28,424.9471252042487,425.2227696357769,419.670464602579,419.9559631347656,14882400
2024-10-29,421.3440208086144,426.43363353122214,419.17822176857095,425.23260498046875,17644100
2024-10-30,430.6372663836306,431.68077966192817,425.3803136298507,425.8036193847656,29749100
2024-10-31,408.9005934690843,409.6881704469,399.9814907408766,400.0307312011719,53971000
2024-11-01,402.6493843637014,409.0384470027673,401.162857168779,403.98822021484375,24230400
2024-11-04,403.4270984352044,404.0374819155361,399.2628993191041,402.1079406738281,19672300
2024-11-05,402.0193362267301,408.44778544240023,401.7338376736444,405.061279296875,17626000
2024-11-06,406.00632872643234,413.91145024796907,404.1358522419557,413.6456298828125,26681800
2024-11-07,414.72850912180576,420.21189508853655,413.3502870767265,418.81396484375,19901800
2024-11-08,418.7056683805596,419.8673104700194,415.22071206919446,415.9689025878906,16891400
2024-11-11,415.9492425000552,418.2036383732599,409.530647967578,411.5093994140625,24503300
2024-11-12,411.7456609678349,417.8394007087299,410.71200186963034,416.4513244628906,19401200
2024-11-13,415.0829505962656,422.65333320998997,411.70626883397995,418.58758544921875,21502200
2024-11-14,418.39068982634956,421.51140536702854,413.4684464166278,420.2513122558594,30246900
2024-11-15,413.29122260558944,416.22486023548765,407.207337406915,408.5461730957031,28247600
2024-11-18,408.4181684038627,411.8932706114857,405.6912567139895,409.2943420410156,24727000
2024-11-19,406.68563392869004,411.4405385103304,405.1498961868294,411.2928771972656,18133500
2024-11-20,410.38713903081657,410.8006207181085,404.19494808048387,409.0285949707031,19191700
2024-11-21,413.80287334750346,414.07906953202513,404.717960528392,407.2629089355469,20780200
2024-11-22,405.7832472742104,411.73135363774225,405.4774597411712,411.3367919921875,24814600
2024-11-25,412.698073057269,415.36138685697927,409.21601445717323,413.1025085449219,27691100
2024-11-26,413.89166578168545,423.2133401022422,413.1617251409629,422.1775817871094,23458900
2024-11-27,419.33668746447955,421.4279216336492,416.28865548862075,417.2454833984375,18332400
2024-11-29,414.38481768654003,419.1097738504757,412.1259094010287,417.70904541015625,16271900
2024-12-02,415.84477479075025,427.11953971126485,415.58829615007085,425.1269836425781,20207200
2024-12-03,424.0023874596203,426.5966745404958,421.93090130394285,425.34393310546875,18302000
2024-12-04,427.1490673141917,433.69890467425466,426.75450568960144,431.4794616699219,26009400
2024-12-05,431.9727342727058,438.62119043191433,430.2465005729482,436.60888671875,21697800
2024-12-06,436.2931878578621,440.04159877439776,435.7703869006791,437.54595947265625,18821000
2024-12-09,436.5891705079944,442.2413336019405,434.51768404131514,439.96270751953125,19144400
2024-12-10,438.3548667232301,443.5138201555157,435.60274857576576,437.3092346191406,18469500
2024-12-11,438.019420871054,444.2338797106506,438.019420871054,442.892333984375,19200200
2024-12-12,443.01071967285327,449.96499320791463,443.01071967285327,443.4546203613281,20834800
2024-12-13,442.34983294961415,445.2992167545738,439.5286583553318,441.1957092285156,20177800
2024-12-16,441.19569319284585,446.039014950384,439.23272866925197,445.45703125,23598800
2024-12-17,444.8849272856994,449.1068002031095,443.4644812477741,448.2880554199219,22733500
2024-12-18,445.19070178831043,446.50262602359174,431.08488976149135,431.44989013671875,24444500
2024-12-19,435.6224173363725,437.1612287919841,430.39440791706704,431.0947570800781,22963700
2024-12-20,427.2280306144627,437.71367214918683,422.80889160222836,430.670654296875,64263700
2024-12-23,430.80871372187636,431.70635881030796,426.9518110200716,429.3389587402344,19152500
2024-12-24,428.74709084992185,433.6298778354008,428.2933464556966,433.363525390625,7164500
2024-12-26,433.1169536147247,434.9517090842379,430.70024449975995,432.1601257324219,8194200
2024-12-27,428.69777768381334,429.30935275325726,420.5598195240772,424.68304443359375,18117700
2024-12-30,420.27376177490316,421.7435167493127,416.17025429217676,419.0604553222656,13158700
2024-12-31,420.31326102478425,420.93470998738326,414.9471377359365,415.7757263183594,13246500
2025-01-02,419.7509810335182,420.2836558558519,409.21603069875914,412.8953552246094,16896500
2025-01-03,415.36136467137544,418.2713132207811,413.8423008464514,417.6005554199219,16662900
2025-01-06,422.1873855590837,428.42156165470556,419.70162020085996,422.0394287109375,20573600
2025-01-07,423.1738448521772,424.801430542522,415.0851952170159,416.6338806152344,18139100
2025-01-08,417.7091221666062,421.1714636571387,415.81521390570896,418.794189453125,15054600
2025-01-10,418.8631994200863,418.9420997125399,409.383695034764,413.2603454589844,20201100
2025-01-13,409.6007318390263,412.81646832203865,406.69081302742603,411.5242614746094,17604800
2025-01-14,412.1357932076061,414.03957499111027,405.14208486737954,410.0248718261719,16935900
2025-01-15,413.43787278736687,422.3353628905166,412.58953664498,420.5203552246094,19637800
2025-01-16,422.87794590094956,423.6571954367501,418.62648132777844,418.8138732910156,15300000
2025-01-17,428.1947089431654,428.57942688248704,422.3551241092644,423.20343017578125,26197500
2025-01-21,424.35752761269225,425.0480029513297,419.819993531564,422.68060302734375,26085700
2025-01-22,431.6175824572203,441.1957044539868,430.0787709144918,440.1402587890625,27803800
2025-01-23,435.9973147591307,440.6828062638951,435.50410512705025,440.6433410644531,18389300
2025-01-24,439.1143639891968,440.5841189283991,435.40541825453283,438.029296875,15549500
2025-01-27,418.2515848986201,429.2896173703644,417.7485015093757,428.6582946777344,35647800
2025-01-28,428.6978201786795,442.29067649663904,425.5215489294809,441.126708984375,23491700
2025-01-29,440.6235877197962,440.81100977301065,434.41900262341227,436.3227844238281,23581400
2025-01-30,413.0827588425547,417.1172097708342,407.54896156269734,409.3540954589844,54586300
2025-01-31,413.2899333042713,414.976701732093,409.27519987674,409.42315673828125,34161900
2025-02-03,406.0101743775102,409.7684293585694,403.11009933813943,405.33941650390625,25679100
2025-02-04,407.0853452090854,408.29865167160733,404.1753965052981,406.7696838378906,20532100
2025-02-05,406.74997908357795,408.2098602907994,404.8264495269334,407.6772155761719,16316700
2025-02-06,408.3776221066391,412.52059553158176,408.3776221066391,410.17291259765625,16309800
2025-02-07,410.82388435232116,412.96439718513943,402.5576865372201,404.1852722167969,22886800
2025-02-10,408.0914590052598,409.8176925215145,405.33937124502273,406.6217041015625,20817900
2025-02-11,404.0768132724711,406.8880841725034,403.74140422239867,405.85235595703125,18140600
2025-02-12,401.67976029438313,405.17169274595005,398.8783333348811,403.48492431640625,19121700
2025-02-13,401.472636502677,405.4183135199023,400.84131373042015,404.9645690917969,23891700
2025-02-14,402.25191655873215,403.35670130819824,400.3678521686821,402.8832092285156,22758500
2025-02-18,402.4590402622825,405.0237362453633,400.9794114377888,404.0767822265625,21423100
2025-02-19,402.34067225656025,409.8473079963777,402.11378500109834,409.1370849609375,24114200
2025-02-20,410.4714772753562,414.4448231183109,407.75338500421714,411.3017272949219,23508700
2025-02-21,412.49761092708707,413.19936436928833,403.15727713591093,403.4735412597656,27524800
2025-02-24,403.7700887978409,404.62009578289485,394.6867174896375,399.3124084472656,26443700
2025-02-25,396.44608593506547,397.25657880262406,392.09714469383994,393.283203125,29387400
2025-02-26,393.3919661639477,398.91710270889797,389.6755831630129,395.0920104980469,19619000
2025-02-27,396.61410618114576,401.03224256641477,387.6197164134029,387.97552490234375,21127400
2025-02-28,388.1040123360274,393.0163471729864,382.0846775634414,392.3837585449219,32845700
2025-03-03,394.1925506012372,394.1925506012372,381.6794393165997,383.9823913574219,23007700
2025-03-04,378.9514422192701,388.0249203607145,376.5792952112664,384.1009826660156,29342900
2025-03-05,384.82253320835395,397.00948665687173,384.29868393839774,396.36700439453125,23433100
2025-03-06,389.7051801734712,397.4838599812305,388.12373889118527,392.284912109375,23304600
2025-03-07,387.76795648683793,390.2191619837315,381.0666253730808,388.7464599609375,22034100
2025-03-10,381.3631114017718,381.9166113327009,372.8431337183802,375.7490234375,32840100
2025-03-11,374.6025176419591,381.5212976511773,372.53677123025375,376.03570556640625,30380200
2025-03-12,378.5066728711865,380.7503233781215,374.55308456142495,378.82293701171875,24253600
2025-03-13,378.7142611357114,380.8492026304598,373.0705217726956,374.37518310546875,20473000
2025-03-14,375.3734493768336,385.7022111357248,375.10659301872727,384.05157470703125,19952800
2025-03-17,382.2131473268013,388.1533930243756,381.09625384575537,384.18994140625,22474300
2025-03-18,382.57889637930924,382.8754034622388,376.6781641211092,379.070068359375,19486900
2025-03-19,381.0567221702146,385.158563988563,379.54447585576617,383.3201599121094,19185500
2025-03-20,381.2642891356356,387.24410971121733,378.8328407062668,382.3515319824219,18470500
2025-03-21,378.7735544022507,387.19468720298374,378.35841433019584,386.72027587890625,39675900
2025-03-24,390.81222312553433,390.81222312553433,385.28708673252123,388.5191345214844,21004500
2025-03-25,389.3493790004213,391.7610400507305,388.08423198363494,390.5749816894531,15775000
2025-03-26,390.4168571879551,390.72325787798576,384.0614710304359,385.4452209472656,16108400
2025-03-27,385.60336562359333,387.6888690270636,382.9050306805178,386.0481262207031,13766800
2025-03-28,383.5771397086297,384.6149747790714,372.5565178920864,374.4048156738281,21632000
2025-03-31,368.2174858935481,372.694923815259,362.9789628551185,371.034423828125,35184700
2025-04-01,370.302940607575,378.4078083047587,368.8994337189865,377.7554626464844,19689500
2025-04-02,373.5844258095808,380.6119141988697,372.25008378933455,377.7060546875,16092600
2025-04-03,370.4413221297822,373.10011248760316,365.06444000689004,368.7807922363281,30198000
2025-04-04,359.90499587925865,370.2436198076782,355.30895597122804,355.6647644042969,49209900
2025-04-07,346.808801297969,366.6953473866903,340.78946619633433,353.7077941894531,50425000
2025-04-08,363.98712785508354,369.3145725706382,346.18608632628985,350.4460754394531,35868900
2025-04-09,349.4379409733939,388.667426732123,349.0030438091915,385.9591979980469,50199700
2025-04-10,377.627015987976,379.4456631401157,363.5324628545339,376.9252624511719,38024400
2025-04-11,376.2234920445777,385.52428234575257,374.4937970946495,383.94287109375,23839200
2025-04-14,388.6575350248574,390.07093573374146,379.75206690221165,383.310302734375,19251200
2025-04-15,384.0021677861047,387.3429548173336,379.702634359307,381.2544250488281,17199900
2025-04-16,376.25315416820064,377.18221973337427,363.730149078798,367.2982482910156,21967800
2025-04-17,369.41339637295704,369.9767899290697,362.6330071079686,363.5126647949219,21120200
2025-04-21,358.6102676210093,360.2510105389955,351.5432339047138,354.95318603515625,20807300
2025-04-22,359.1637239988867,363.5027713530303,355.6845470865514,362.5638122558594,19485000
2025-04-23,371.6966574972633,375.9764343670437,368.69192149171533,370.0460510253906,20545500
2025-04-24,371.34077108557176,383.9428330432701,370.8366789549492,382.80615234375,22232300
2025-04-25,382.5096738423667,387.60980644654984,380.1375268589871,387.30340576171875,18973200
2025-04-28,387.41210451108003,388.18305301396595,382.1538550582223,386.62139892578125,16579400
2025-04-29,386.75975859738145,390.51568553400665,385.85045019118235,389.4679870605469,14974000
2025-04-30,385.77135703314644,392.05757796403765,379.979364791359,390.673828125,36461100
2025-05-01,426.10788113002934,431.9196612018972,419.96994327038766,420.4641418457031,58938100
2025-05-02,426.73058824697114,434.34125858777406,425.00089318437847,430.2295227050781,30757400
2025-05-05,427.8474632490504,434.40054108405303,427.09627177369964,431.10919189453125,20136100
2025-05-06,427.1852727603517,432.65110795280134,426.1672248726853,428.2823791503906,15104200
2025-05-07,428.80620435216304,433.0365428333408,426.1078693467033,428.3218994140625,23295300
2025-05-08,432.8487017029497,438.52212113478646,430.6050513161737,433.0859375,23491300
2025-05-09,434.89471877509555,435.6261229679929,430.8225275981773,433.63946533203125,15324200
2025-05-12,440.7658165502587,444.1560114514232,434.67728663767485,444.04730224609375,22821900
2025-05-13,442.5844751269483,445.4409573721911,440.19254074927665,443.9287109375,23618800
2025-05-14,442.940276452347,448.6334230518337,442.940276452347,447.6845703125,19902800
2025-05-15,446.3576953837484,451.7246558325709,446.0210270484144,448.6946105957031,21992300
2025-05-16,447.6251846388841,449.9125712368337,444.33770477780746,449.8234558105469,23849800
2025-05-19,446.46660651740484,455.0913410046994,446.3873726676465,454.3783874511719,21336500
2025-05-20,451.13050930908776,453.8535912700005,449.87295142774695,453.6852722167969,15441800
2025-05-21,450.12052955644793,453.2991005803846,447.38753565613104,448.1401062011719,19216900
2025-05-22,450.4967689255183,455.74487819469795,449.45702863862556,450.4076232910156,18025600
2025-05-23,445.57541331723985,449.24908978205974,444.5158796844098,445.7734375,16883500
2025-05-27,452.0118507212909,456.43809825868186,451.6553587930952,456.1806335449219,20974300
2025-05-28,456.70544210957024,457.9927052337918,452.45742544945836,452.8832092285156,17086300
2025-05-29,457.0321797296883,457.2005290082406,450.8532686393741,454.1902770996094,13974800
2025-05-30,455.2200705832806,457.16087682654637,451.08099341488645,455.8537902832031,34770500
2025-06-02,452.6653804963421,457.5867035205711,452.41782757710985,457.4480895996094,16626500
2025-06-03,456.9529759669727,459.5968543955761,456.3489311405408,458.43829345703125,15743800
2025-06-04,459.4582001214203,461.1316602074749,458.48778183720145,459.3294677734375,14162700
2025-06-05,460.4088263203011,465.0529216385449,459.4879366863286,463.1022033691406,20131700
2025-06-06,465.4885869985769,468.7067748339504,464.19141216551986,465.7757568359375,15285600
2025-06-09,465.10242514198006,468.7958952647425,464.0329796350046,468.12255859375,16469900
2025-06-10,466.57783210788693,468.172058367284,462.38922592870773,466.31048583984375,15375900
2025-06-11,465.4192790589967,470.81594475736864,465.0628173622344,467.99383544921875,16399200
2025-06-12,470.37032681118086,475.7174938929388,468.88500933710617,474.1826477050781,18950600
2025-06-13,471.74673205457395,474.48960742449077,468.13246560456287,470.3109130859375,16814500
2025-06-16,470.5584575569121,475.98482813726486,470.3505215770748,474.45001220703125,15626100
2025-06-17,470.74663593423935,474.0539393845567,469.4395492382731,473.3608093261719,15414100
2025-06-18,473.3211811212961,476.291816149254,469.8158233270243,475.53924560546875,17526500
2025-06-20,477.5097592999014,478.7277002496467,472.2022093150259,472.7270202636719,37576200
2025-06-23,473.52910172023695,482.97572926336846,467.8849134818946,481.24285888671875,24864000
2025-06-24,484.1640031375646,487.0356109071577,482.0350238939456,485.3126220703125,22305600
2025-06-25,487.2237477118272,489.71907018583636,484.59969288856837,487.45147705078125,17495100
2025-06-26,488.15453290095326,493.1650012559548,487.9861836300842,492.5807800292969,21578900
2025-06-27,492.6797975508017,494.4126679494895,488.2040517426954,491.0855712890625,34539200
2025-06-30,492.17479474651304,495.8583832017286,490.4815111095117,492.5411682128906,28369000
2025-07-01,491.61036068604886,493.1748817381986,486.1741086010328,487.2336120605469,19945400
2025-07-02,485.1937811955959,488.66943364597034,483.9164299655294,486.28302001953125,16319600
2025-07-03,488.9764203666982,495.2345653483035,488.6100468852986,493.9571838378906,13984800
2025-07-07,492.51144569917784,493.8680307430937,490.3824968234557,492.8481140136719,13981600
2025-07-08,492.37283752871576,493.3234624825612,489.27347018920887,491.7589111328125,11846600
2025-07-09,495.40288075164045,501.8194631786975,494.8483646402868,498.58148193359375,18659500
2025-07-10,498.12595942487985,499.502368126141,492.8778497571002,496.57135009765625,16492100
2025-07-11,493.5907480120544,500.0865333029929,492.92729298333927,498.3932800292969,16459500
2025-07-14,496.6109349689791,499.0369655948213,496.1257409313552,498.09625244140625,12058800
2025-07-15,498.0962552049,503.3245715280963,497.8685258646023,500.8688659667969,14927200
2025-07-16,500.2351113436526,501.7600457375481,496.9773367906475,500.6708068847656,15154400
2025-07-17,500.730191050298,508.3449206172861,500.67078077223215,506.6912841796875,17503100
2025-07-18,509.4440643876484,509.6025320949179,502.4630844244223,505.05743408203125,21209700
2025-07-21,501.75013722027745,507.0775109565722,500.6014880788464,505.0673522949219,14066800
2025-07-22,505.968437121084,506.19619667447284,500.32421875,500.32421875,13868600
2025-07-23,501.78975657062705,501.82937349813983,495.7989881406536,500.9183654785156,16396600
2025-07-24,503.79000158856684,508.6420329312165,502.33438916388565,505.8793640136719,16107000
2025-07-25,507.4537578741833,513.216797186473,505.3644257046499,508.6816711425781,19125700
2025-07-28,509.0480107678364,509.9589885432546,505.12675096242896,507.48345947265625,14308000
2025-07-29,510.4838436674275,512.5533521818816,506.5526719682665,507.55279541015625,16469200
2025-07-30,510.12731827097724,510.89971236727115,504.4534248625209,508.2162170410156,26380400
2025-07-31,549.7952354974353,550.0131135040644,526.6936395202101,528.2779541015625,51617300
2025-08-01,529.7631541007601,530.5553112156109,515.7615489434008,518.979736328125,28977600
2025-08-04,523.0990575737549,532.9813491761439,522.9604134562841,530.3969116210938,25349000
2025-08-05,531.9219176627233,532.0407382325785,522.0792108748774,522.584228515625,19171600
2025-08-06,525.7034415927023,526.495598904166,518.9006917137275,519.8017578125,21355700
2025-08-07,521.6434435727333,522.9208551796034,512.483986539974,515.7418212890625,16079100
2025-08-08,517.4845698020915,519.524403327164,514.3257923084495,516.9300537109375,15531000
2025-08-11,517.1875615378566,522.4258201385037,514.6327984158801,516.6627807617188,20194400
2025-08-12,518.6233183732385,525.7825288027884,517.5836082950698,524.0595703125,18667000
2025-08-13,526.9014833945702,527.4857348349631,514.2861971986356,515.484375,19619200
2025-08-14,517.445017549053,520.8018496782777,515.0487221853349,517.3657836914062,20269100
2025-08-15,517.6528943134479,520.9502551513766,513.9990113965767,515.0783081054688,25213300
2025-08-18,516.4844919382945,517.7024328589179,508.9885829187347,512.0383911132812,23760600
2025-08-19,509.9590305231463,510.1174378041072,503.57215290768977,504.78021240234375,21481000
2025-08-20,504.87920872605446,505.9981527246316,499.5023667236012,500.76983642578125,27723000
2025-08-21,499.57962247206007,503.48747238505433,498.6175369804135,500.1251220703125,18443300
2025-08-22,500.1350363394598,506.56216679087737,498.310055406757,503.0907287597656,24324200
2025-08-25,502.4956437530773,504.04291093011733,500.00611695670057,500.1449890136719,21638600
2025-08-26,500.24412923099453,500.8590951140394,494.44189267773186,497.9430847167969,30835700
2025-08-27,497.90339657266526,503.1502356611414,495.82052770460996,502.6047058105469,17277900
2025-08-28,502.9518399416591,506.919197559233,501.3748189208979,505.4810485839844,18015600
2025-08-29,504.5090396010348,505.44137107101903,500.3730559294206,502.55511474609375,20961600
2025-09-02,496.3859077753076,501.87077891116434,492.75577163159113,500.9979553222656,18128000
2025-09-03,499.67883751509856,503.6461955733364,498.2208322179546,501.2261047363281,16345100
2025-09-04,500.1846427841772,504.00323087503085,499.0440334241921,503.82470703125,15509500
2025-09-05,504.9157294675595,507.79205789513924,488.35199810583333,490.9605407714844,31994800
2025-09-08,494.0451377441344,497.1099483047291,490.990285532587,494.1344299316406,16771000
2025-09-09,497.33805669614713,498.15137232357364,493.63851485593227,494.34271240234375,14410500
2025-09-10,498.8754294126598,499.1233892811019,492.66650462093776,496.2867126464844,21611800
2025-09-11,498.15138006137016,499.0638857033828,493.8170463660224,496.9215087890625,18881600
2025-09-12,502.5154742767582,508.367321245748,499.73833579713096,505.73895263671875,23624900
2025-09-15,504.6379958107742,511.26344571936806,502.8625947427051,511.15435791015625,17143800
2025-09-16,512.6620043570016,513.0091239663263,504.4495745277025,504.885986328125,19711900
2025-09-17,506.4530503919847,507.1175961354426,501.80132099339164,505.8579406738281,15816600
2025-09-18,507.31595138937655,508.883074673213,503.5172196080818,504.30078125,18913700
2025-09-19,506.39351766303514,515.0621842649809,506.1455578149837,513.703369140625,52474100
2025-09-22,511.3825425873763,513.5149611406991,508.35738375283694,510.2518310546875,20009300
2025-09-23,509.60711582016205,510.3907077578639,503.17008724169204,505.0744323730469,19799600
2025-09-24,506.215041937542,508.29788064425674,502.7832857896144,505.9869079589844,13533700
2025-09-25,504.1519591362548,505.8480263178102,500.91858324777104,502.892333984375,15786500
2025-09-26,505.8976246789574,509.74596656687834,502.4856945681329,507.28619384765625,16213100
2025-09-29,507.3258652143003,512.6321819161793,504.7272507672145,510.4005432128906,17617800
2025-09-30,509.05168089535164,513.9315141469417,505.5009089039439,513.7232666015625,19728200
2025-10-01,510.5989672146665,516.262392605391,507.5143608700387,515.4689331054688,22632300
2025-10-02,513.4158303625842,517.343476169315,506.5126054199375,511.53131103515625,21222900
2025-10-03,512.8801529316524,516.2425031799986,510.7973143114264,513.1281127929688,15112300
2025-10-06,514.377848960065,526.6965386672223,513.9712214168786,524.256591796875,21388600
2025-10-07,523.9788048028778,525.4764919541412,517.1847292577561,519.7039794921875,14615200
2025-10-08,519.0098207695767,522.6498549115006,518.8213688365025,520.5669555664062,13363400
2025-10-09,518.07745494396,520.0512058016051,513.1777655449532,518.136962890625,18343600
2025-10-10,515.3994727403434,519.3073226434543,505.47115003636685,506.790283203125,24133800
2025-10-13,512.1957373474249,512.1957373474249,507.50435654569844,509.8550109863281,14284200
2025-10-14,506.0662576446326,511.07506506957225,501.87076583985106,509.3789978027344,14684300
2025-10-15,510.75765569343554,512.9694382549203,505.838110317394,509.2401123046875,14694700
2025-10-16,508.3970827878481,512.6321960787722,503.9833851231019,507.4349670410156,15559600
2025-10-17,504.8859867353243,511.2734052578957,503.1700935064365,509.3889465332031,19867800
2025-10-20,510.4104293345006,514.4670788802013,509.2400661752128,512.5726318359375,14665600
2025-10-21,513.2770012430817,514.4572928075203,508.85337476268893,513.4356689453125,15586200
2025-10-22,516.8971823641815,520.943843958813,513.4852520447155,516.2921142578125,18962700
2025-10-23,518.1964086283891,519.6742395740552,514.3777908083965,516.3118896484375,14023500
2025-10-24,518.5237814648117,521.0628883153897,516.4607987679614,519.3370971679688,15532400
2025-10-27,527.440505176098,530.2176440204488,524.6930900412312,527.1826171875,18734700
2025-10-28,545.511702993095,549.2013167264516,536.3570441492753,537.6464233398438,29986700
2025-10-29,540.4930267482002,541.8121902511471,532.3500025514267,537.1306762695312,36023000
2025-10-30,526.1509968235328,530.6043464776645,517.8592331602406,521.4695434570312,41023100
2025-10-31,524.5640198650095,525.0004316167937,510.896444053691,513.5843505859375,34006400
2025-11-03,515.5680732671589,520.6760707602963,510.3907002836433,512.810791015625,22374700
2025-11-04,507.5837777929312,511.3428275978434,503.6957537451755,510.1328125,20958700
2025-11-05,509.1111488921848,510.6286922229766,502.4459869529857,503.0212707519531,23024300
2025-11-06,501.5335702984596,501.5732523540539,491.7639450704796,493.0434265136719,27406500
2025-11-07,492.89463000746537,495.30479262227396,489.2248119110569,492.76568603515625,24019800
2025-11-10,495.95940345274505,502.7138276367279,494.72950196106785,501.8707580566406,26101500
2025-11-11,500.68055811559174,505.4414057875519,498.2505695472254,504.5289001464844,17980000
2025-11-12,505.203338237195,507.494515261433,495.0469117437556,506.9688415527344,26574900
2025-11-13,506.1455630365654,509.309533151825,497.1991825232493,499.182861328125,25273100
2025-11-14,494.16416907736203,507.42505738590404,493.38060745410195,506.0166320800781,28505700
2025-11-17,504.300789978241,507.94082387806293,500.7896697837805,503.3486022949219,19092800
2025-11-18,491.3275301094218,498.87544447228873,482.8076324047851,489.76043701171875,33815100
2025-11-19,486.1005289347495,491.14898819063853,478.88983663624714,483.14483642578125,23245300
2025-11-20,489.60385435710714,490.45844852333465,472.50235794747454,475.41387939453125,26802500
2025-11-21,475.4834301610789,475.9007957312625,465.3179114267742,469.1436462402344,31769200
2025-11-24,472.0055061050608,473.89352206444323,465.0694984877541,471.0118103027344,34421000
2025-11-25,471.08139630740516,476.12935785467323,461.95927573241335,473.98297119140625,28019800
2025-11-26,483.244222260298,485.23161394332453,478.1664510662567,482.4393310546875,25709100
2025-11-28,484.5260924315005,489.5243812398697,483.5820692635899,488.9082946777344,14386700
2025-12-01,485.3608038657598,486.77183499200703,481.59468809959253,483.6715087890625,23964000
2025-12-02,483.6516286444489,490.38888506208144,483.2541563831954,486.91094970703125,19562700
2025-12-03,473.31720798581483,481.18726202656165,472.20427350128017,474.71832275390625,34615100
2025-12-04,476.7355376297969,478.28570075231454,473.48613274494215,477.8087158203125,22318200
2025-12-05,479.4781253050461,480.35258253184975,475.86108806940297,480.1141052246094,22608700
2025-12-08,481.8331697469475,489.19642891935564,481.3263751862239,487.92449951171875,21965900
2025-12-09,486.016607703579,489.01755801519323,485.42038417588924,488.9181823730469,14696100
2025-12-10,480.97857754952304,481.19719183884354,472.084987996716,475.5430603027344,35756200
2025-12-11,473.6252734590456,482.96600869209163,472.86010822118624,480.4221496582031,24669200
2025-12-12,476.79515128743174,479.4085762318817,473.3370788032073,475.5132751464844,21248100
2025-12-15,477.0733420562278,477.6894285774835,469.5411111878212,471.8266296386719,23727700
2025-12-16,468.9350114671635,474.87732355778707,467.911505956298,473.38677978515625,20705600
2025-12-17,473.903466892556,476.9739832708393,472.0055042784347,473.1184387207031,24527200
2025-12-18,475.1754171439269,486.51349034093164,474.87732052138307,480.9289245605469,28573500
2025-12-19,484.2875835443981,484.7745151206103,479.44828972039977,482.856689453125,70836100
2025-12-22,483.05539282771,485.6489546100234,479.6470235443271,481.86297607421875,16963000
2025-12-23,481.922585996358,484.75459468390824,481.6840783901604,483.7807922363281,14683600
2025-12-24,482.6181454723109,486.0762176057581,481.77349801821515,484.9433898925781,5855900
2025-12-26,483.64168016456847,485.0427948985028,482.8964083055729,484.6353759765625,8842200
2025-12-29,481.80333660098637,485.27135560420123,481.1276307272214,484.02923583984375,10893400
2025-12-30,482.8666136001516,486.5929730105466,482.43933166580535,484.4068603515625,13944500
2025-12-31,484.76453377627826,485.0626606980731,480.25314655477007,480.5711364746094,15601600
2026-01-02,481.3363251826272,481.6046121327098,467.1960229709088,469.95849609375,25571600
2026-01-05,471.0714124582114,473.0687506521617,466.54016219074447,469.8690490722656,25250300
2026-01-06,470.81304872472026,475.7219083069673,466.78859294331005,475.4933776855469,23037700
2026-01-07,476.73554642416184,486.61288592496,474.9369593023546,480.4221496582031,25564200
2026-01-08,478.20618966596595,479.6172511411785,472.86010104573086,475.0959167480469,18162600
2026-01-09,471.07145138115897,476.7951491709672,469.2231916595613,476.258544921875,18491000
2026-01-12,473.6649886945649,477.95773148860775,472.68120923483104,474.1717529296875,23519900
2026-01-13,471.68755017526297,472.78062170166186,463.01260460367837,467.7028503417969,28545800
2026-01-14,463.51936213123724,465.24841354789686,454.2879494306214,456.4840087890625,28184300
2026-01-15,461.1940901109254,461.32327541703046,453.02590941718984,453.7811279296875,23225800
2026-01-16,454.9437362325269,460.26996150673693,453.60227115836847,456.9609375,34246700
2026-01-20,448.37541805572727,453.92022725149957,446.44764578645413,451.65460205078125,26130000
2026-01-21,449.74673993987386,449.836168925793,435.9144806057656,441.31024169921875,37980500
2026-01-22,444.79810039972057,449.9851935867555,441.89652570286836,448.2959289550781,25349400
2026-01-23,449.02131930234236,468.1301005814363,447.6897705604439,463.0125732421875,38000200
2026-01-26,462.3766075757791,471.2602507862521,459.0874767807031,467.3152770996094,29291200
2026-01-27,470.7137217228436,479.82589540353166,470.17711748937944,477.5503234863281,29213900
2026-01-28,480.16374552458444,480.69040309270366,474.9865988275796,478.5937194824219,36875400
2026-01-29,437.21619626544543,439.71038237575016,418.365786117595,430.7671203613281,128855300
2026-01-30,436.4014165119217,436.8286984461687,423.7616041817895,427.577392578125,58566800
2026-02-02,427.5276741085398,428.02452201181774,419.58805431821895,420.70098876953125,42219900
2026-02-03,419.3496095186449,419.3893355198486,405.98438775489564,408.61767578125,61424100
2026-02-04,408.40896545860215,417.15347618992746,406.66005118226167,411.578857421875,45012400
2026-02-05,404.87141244319446,405.72597626088844,389.84673704915224,391.188232421875,66289200
2026-02-06,396.6535630940219,399.25704122003975,390.4429643868461,398.61114501953125,53515300
2026-02-09,402.2977759502542,412.2744908996196,398.3428555009064,410.99261474609375,45480500
2026-02-10,416.97464756162884,421.0090502850332,410.0982892644293,410.6646728515625,44857900
2026-02-11,413.5563153661985,413.8345489802859,398.4819668946231,401.8207702636719,42491000
2026-02-12,402.44681466699853,403.6392618034954,395.50089045865866,399.3067321777344,40802400
2026-02-13,401.900312028468,402.98343690196634,395.54063411681335,398.7900390625,34091600
2026-02-17,396.70323107498865,397.99502346077054,392.0427954340728,394.35809326171875,32078800
2026-02-18,395.62013745533494,400.02220283554806,393.82155037537984,397.08087158203125,23223400
2026-02-19,399.07278661262325,402.7976819572589,395.0690225854118,396.8517761230469,28234000
2026-02-20,394.51123443489973,398.5050592846536,393.56508699389525,395.6267395019531,34015200
2026-02-23,393.405742102137,393.7642745182822,381.55377772275136,382.9182434082031,43238300
2026-02-24,382.5895619940176,387.78846403174964,380.1693467763097,387.429931640625,33884700
2026-02-25,388.95376053046306,399.84960746436826,388.5852587696308,398.9831237792969,43625500
2026-02-26,403.0765245044552,405.8453028142193,397.1306190557743,400.0986022949219,34405900
2026-02-27,389.30236795593413,395.2183958601928,388.30640407164015,391.15484619140625,51367200
2026-03-02,391.2743390590049,399.57073485574693,389.0533591512552,396.9413757324219,35474900
2026-03-03,391.5532542396072,405.05852201627056,391.0851500003899,402.2996826171875,38199200
2026-03-04,399.6504140582061,409.3710312257941,398.69429724653685,403.5645751953125,35808000
2026-03-05,402.78771732924594,409.9486695143622,402.7677785996419,409.0224304199219,39001300
2026-03-06,407.54843921074234,411.38287590243635,406.8612216895844,407.30938720703125,31123900
2026-03-09,403.2857003455267,408.55432729115563,401.8714182880504,407.757568359375,30131900
2026-03-10,408.37506928692744,408.5443965203919,401.30371964643086,404.122314453125,31706400
2026-03-11,403.9330670994013,407.35918518479474,399.96912002302975,403.245849609375,25512100
2026-03-12,402.9968458288957,404.4808221962511,400.0886180975,400.2380065917969,27263900
2026-03-13,399.3815063856616,403.16615688192843,392.65875035547907,393.9534912109375,26848000
2026-03-16,396.4633374914087,399.01300251860397,393.1965772756644,398.33575439453125,27733700
2026-03-17,398.6544574759768,402.7677932271478,396.1446394015159,397.7979431152344,26228300
2026-03-18,395.5271224277118,396.3936061005556,389.42185925959103,390.20867919921875,25908500
2026-03-19,388.52551763585893,390.90585551603124,385.4977789148814,387.4498596191406,25138800
2026-03-20,385.2288602760525,385.43800417098345,378.58576812261686,380.3287048339844,50853200
2026-03-23,382.3505545919761,385.64719283721575,380.1395134056624,381.4541931152344,29680100
2026-03-24,380.8167328036651,380.9263046350485,370.34917314154325,371.2355651855469,42733600
2026-03-25,375.39872248264555,375.5381416220395,368.13813722010167,369.5424499511719,31181200
2026-03-26,369.32332012922615,373.2075730440749,363.7160388213271,364.4928894042969,36836600
2026-03-27,360.43934753557875,360.9871459448897,355.07111764854045,355.3300476074219,37883400
2026-03-30,360.43933630538186,363.88536295562653,354.84202394218255,357.5111999511719,44797000
2026-03-31,363.07862179545566,371.3949263066763,361.6046146993887,368.67596435546875,45244400
2026-04-01,371.98254731341393,372.48052926345224,366.7139201659809,367.8791809082031,29417200
2026-04-02,365.7278929006101,372.1319638369453,362.680245817395,371.9526672363281,24099100
2026-04-06,371.9825539180967,372.22160592655575,368.0086676124431,371.3750305175781,16146600
2026-04-07,368.8452727581139,370.9467724245638,365.080530373921,370.78741455078125,21443300
2026-04-08,383.4261612830284,383.44606961738685,369.91092498913014,372.8191223144531,33064800
2026-04-09,370.9965328148009,371.9924966612836,365.5685176937085,371.5642395019531,30435300
2026-04-10,371.47460743717505,374.1238749235223,368.5365019241105,369.37310791015625,28111100
2026-04-13,372.10205289266787,382.98796126737693,369.5225100750242,382.8186340332031,35745800
2026-04-14,386.3543213772784,393.09698589720546,384.95994763093,391.5233459472656,37504500
2026-04-15,396.3936283702306,412.69755239260473,395.1287651714373,409.5602722167969,45063400
2026-04-16,418.16537187855886,419.12151906860663,410.4765600541581,418.56378173828125,41642400
2026-04-17,423.10539315661504,429.83808848207923,418.99205736838906,421.0835876464844,48568200
2026-04-20,419.4501847919345,421.6213787702164,414.6197538627068,416.38262939453125,27582200
2026-04-21,418.5438369146158,425.45582843737157,415.516128706763,422.4480285644531,32048500
2026-04-22,424.4698510786937,431.9495495900464,421.9600330275293,431.1726989746094,29378200
2026-04-23,418.19529609754903,421.9500690544079,409.7495112929088,414.0719909667969,38308000
2026-04-24,415.28707116170386,423.23487407473965,414.12178001797366,422.90618896484375,27457400
2026-04-27,420.6752229306716,425.38611256831246,415.3866572294081,423.1053771972656,30867300
2026-04-28,422.8563830057505,428.1847957314844,420.197146128082,427.5174865722656,30438100
2026-04-29,422.8663369761165,425.0973167681131,418.59367375245296,422.746826171875,38288300
2026-04-30,409.15192465494977,412.74737011555624,396.4035989759817,406.1341552734375,70909400
2026-05-01,411.1338775963461,415.4264794885345,408.7834174283456,412.76727294921875,31372400
2026-05-04,409.87897009526375,419.0816663151199,409.14193618030583,411.9505615234375,28066500
2026-05-05,413.6437044066962,415.09780308537887,407.1500007946646,409.7196044921875,25700900
2026-05-06,406.3532485673598,416.73120520087787,403.4748984673602,412.2891845703125,30285900
2026-05-07,418.41437649189606,426.25263786097554,417.06984955189336,419.07171630859375,34942400
2026-05-08,415.70537649227293,416.9403619714099,412.32904436576047,413.44451904296875,33383800
2026-05-11,406.22377045102496,411.02432350049145,403.86334099070683,410.99444580078125,35657900
2026-05-12,412.8071154720842,413.8229876767416,404.9987623844293,406.1241760253906,38594200
2026-05-13,401.57265715241186,404.6700902960666,399.41140211310335,403.57452392578125,29667100
2026-05-14,402.8474630718804,410.17774231087935,399.2619871856725,407.7774658203125,27077500
2026-05-15,412.5979239362014,426.4418454559798,411.2434277199191,420.2170715332031,50771200
2026-05-18,414.93848271907115,423.40417602339767,413.9325494355234,421.83056640625,32564100
2026-05-19,428.16486989475214,430.9535870211983,414.808990493047,415.7352600097656,33018700
2026-05-20,412.49835957243755,420.3963455784958,409.63991780241736,419.36053466796875,27864000
2026-05-21,423.9518891931334,425.5388979071037,414.92886694253497,418.3025207519531,31393500
2026-05-22,418.7517174636334,423.60257118762803,415.54772693408205,417.7835388183594,22390300
2026-05-26,415.6475333356961,418.9812539216563,412.24393696715845,415.248291015625,30398000
2026-05-27,410.23773822181624,415.15846763645,408.8104019854481,411.8946228027344,28901500
2026-05-28,412.2040283766931,428.68298564682067,411.89461329838434,426.18768310546875,47250500
2026-05-29,431.7372486144539,449.48383969057267,431.54760317786213,449.3940124511719,79654400
2026-06-01,463.96658383705716,465.4438139523178,457.40892124774234,459.6546936035156,53628900
2026-06-02,446.0403151791343,452.64787129328397,439.6024225764256,440.48077392578125,37036800
2026-06-03,437.62618910935214,439.56254639446627,423.45285793258154,426.53704833984375,39037000
2026-06-04,434.9911260035114,435.33048350032107,425.60879436274143,427.2456970214844,26899500
2026-06-05,427.5351398188391,428.66302140752947,413.6213308264138,415.8870849609375,34782200
2026-06-08,413.3618539280056,416.37616844333525,407.79232157753756,410.9663391113281,32086700
2026-06-09,408.26144336727174,411.20591258759293,397.7312786929967,402.6520080566406,35317300
2026-06-10,397.80110870103243,404.2789346443135,396.41373636313654,396.61334228515625,32576000
2026-06-11,394.46741202742857,396.1043451719433,383.278483574852,389.6065673828125,47224100
2026-06-12,390.6945042817559,391.003919361718,381.55171206615995,390.00579833984375,34865800
2026-06-15,396.05442037645633,400.99513175706005,392.11186050588947,399.0088806152344,32266400
2026-06-16,395.0463355104342,396.094350419825,389.9559121071713,393.0899963378906,31506800
2026-06-17,389.51671695343225,389.6364865987809,376.6110198431126,378.1980285644531,41987800
2026-06-18,377.11008548581106,380.6534028700893,372.5786075934489,378.6871032714844,59714200
2026-06-22,375.0339909424311,380.9129385065033,366.3802985575179,366.6497802734375,45171100
2026-06-23,371.6802994138851,376.51120135394876,369.9735210485466,373.23736572265625,40647600
2026-06-24,370.87185096853153,378.16811350773463,364.09460041679364,364.7733154296875,44509900
2026-06-25,362.0883479855026,363.5456265920902,348.54386902384044,352.1670227050781,66179000
2026-06-26,356.4789138154501,375.90234020580533,354.762144454129,372.2691955566406,186201600
2026-06-29,376.790685328561,379.7850483907747,359.2237492715265,367.8774719238281,51229900
2026-06-30,370.3328407149792,373.44697342275583,366.7595808670141,372.319091796875,44945700
2026-07-01,380.1144231011508,388.09939143880604,374.18561213385976,383.5579528808594,48065800
2026-07-02,383.7575696594082,391.4630649298244,382.97903650468743,389.7562561035156,42128900
2026-07-06,386.31276024010407,388.418780928489,380.5036887115837,386.0133056640625,34224500
2026-07-07,391.75251064257776,394.8267404517197,387.4905448392632,388.109375,29297500
2026-07-08,383.3084264217563,384.58602015004215,380.6134873969759,382.6197204589844,25908300
2026-07-09,373.74643420118315,383.92725049460796,372.64849496928053,383.6377868652344,31083200
2026-07-10,387.07131223677504,391.1736053926777,380.783162110783,384.37640380859375,24644600
2026-07-13,387.02143811329415,392.91034623109437,383.4281962321871,390.2553405761719,28914900
2026-07-14,382.1007052927433,387.46061042423804,377.93852713765,384.20672607421875,27863900
2026-07-15,387.07132248997675,398.2103568181361,385.6739591427675,394.8866271972656,36253700
2026-07-16,397.56157784187184,405.2271399033625,391.31333055964967,400.3463439941406,37047400
2026-07-17,394.1180409920291,397.64143734197864,388.6583483977542,393.08001708984375,33049800
2026-07-20,390.67455694621333,402.4224305318551,388.91785418191677,401.53411865234375,27915800
2026-07-21,398.0606303262699,400.7156358198418,395.57531880381754,397.00262451171875,24126600
2026-07-22,398.8291961465565,400.246541441447,386.2329133568751,389.6065673828125,28142500
2026-07-23,389.23725659651495,391.04385321150613,376.68090752842744,380.8630065917969,30351800
2026-07-24,386.32274187573427,388.29903252889795,379.9347732203772,380.9828186035156,27659400
2026-07-27,389.3470355932277,393.45931979821836,387.2609663085435,388.368896484375,27856200
2026-07-28,392.4212554523594,399.56780545733704,390.5647345556998,392.61090087890625,32367500
2026-07-29,392.6607942930367,400.4960502148319,388.00954678983055,389.8061828613281,47209000
2026-07-30,437.07720086969465,457.8281459885008,431.6274684759506,450.2524108886719,110160700
2026-07-31,449.1544591210436,465.962813447145,448.4857046349594,463.8468017578125,60846000
2026-08-03,475.2353605631651,490.7261876465455,474.10747895013026,486.73370361328125,66762100
2026-08-04,479.99640781848416,498.50158065157444,478.2696778930625,491.884033203125,50455500
2026-08-05,495.42733843271316,497.3038108374591,484.7674131728324,486.5440673828125,33388900
2026-08-06,487.6319998350186,500.61756372489685,487.60205742358346,498.9207458496094,36441500
2026-08-07,498.2719734340298,504.23075699317457,497.79289485093346,499.0505065917969,28846200
2026-08-10,502.4940586092805,512.7647021753171,501.32624359045303,505.109130859375,31206100
2026-08-11,503.3823542433026,504.38047525067043,498.61133704649393,502.86334228515625,23049800
2026-08-12,499.0505227551261,500.557695253814,490.59643643442394,491.5047302246094,29001500
2026-08-13,492.34314786956145,500.3979918654044,492.0836571155829,495.9463806152344,23039000
2026-08-14,495.42733437790497,499.07050046550256,492.991947114923,494.4691467285156,16217600
2026-08-17,489.21906226283284,491.73431632358415,477.51109147171053,479.44744873046875,29635800
2026-08-18,480.6352093836093,483.36006030134655,476.2534434403709,480.72503662109375,24087600
2026-08-19,479.16797047398614,488.3806080919379,478.4592826108848,483.3999938964844,19961900
2026-08-20,483.29998779296875,484.1600036621094,479.5,481.1499938964844,20020800
2026-08-21,479.8800048828125,486.3599853515625,478.5299987792969,483.239990234375,22510800
2026-08-24,483.2099914550781,490.6099853515625,481.8599853515625,487.30999755859375,17230800
2026-08-25,485.44000244140625,492.44000244140625,484.29998779296875,491.7099914550781,19519000
2026-08-26,487.8500061035156,497.3999938964844,487.30999755859375,496.3699951171875,20758900
2026-08-27,494.8800048828125,506.4800109863281,490.0799865722656,505.05999755859375,28688800
2026-08-28,505.3299865722656,517.780029296875,504.8699951171875,513.530029296875,29207300
2026-08-31,510.3800048828125,512.1900024414062,506.3900146484375,507.2900085449219,27208900
2026-09-01,497.5199890136719,505.9700012207031,496.7799987792969,501.0199890136719,21046900
2026-09-02,499.8500061035156,500.2699890136719,493.80999755859375,496.82000732421875,15336100
2026-09-03,501.6600036621094,515.6500244140625,500.79998779296875,510.1199951171875,24125900
2026-09-04,510.0,511.0,499.3599853515625,499.70001220703125,18101800
2026-09-08,493.010009765625,495.19000244140625,490.1499938964844,493.95001220703125,18882300
2026-09-09,493.07000732421875,494.3900146484375,489.79998779296875,491.6499938964844,12889600
2026-09-10,488.32000732421875,494.5199890136719,486.0,492.44000244140625,16038800
2026-09-11,495.6499938964844,498.9700012207031,492.5799865722656,495.6300048828125,14510500
2026-09-14,497.05999755859375,509.95001220703125,495.3399963378906,505.4100036621094,23091900
2026-09-15,500.05999755859375,505.8999938964844,495.5400085449219,497.1199951171875,17794600
2026-09-16,493.0299987792969,495.9700012207031,487.2300109863281,490.29998779296875,16670300
2026-09-17,497.79998779296875,501.4700012207031,493.1700134277344,497.75,17841600
2026-09-18,497.9700012207031,498.6499938964844,491.1000061035156,493.7799987792969,39622300
2026-09-21,494.95001220703125,501.8699951171875,491.3299865722656,501.6099853515625,27959900
2026-09-22,507.32000732421875,508.5,493.6499938964844,498.0,21652800
2026-09-23,500.760009765625,509.44000244140625,495.8800048828125,500.5899963378906,19445600
2026-09-24,495.07000732421875,498.8999938964844,491.2200012207031,497.92999267578125,16657600
2026-09-25,499.0400085449219,519.4000244140625,497.25,516.1699829101562,38193100
2026-09-28,505.4700012207031,513.3300170898438,502.2200012207031,509.2200012207031,19626900
2026-09-29,508.30999755859375,513.6400146484375,502.3999938964844,508.9599914550781,21341800
2026-09-30,511.6099853515625,519.8300170898438,510.30999755859375,512.9000244140625,27223300
