date,open,high,low,close,volume
2018-01-02,28.938361200945756,29.081159249427323,28.711052267803357,28.73145294189453,30451500
2018-01-03,28.80722182819333,29.1423571697212,28.783906296262938,28.98207664489746,26710800
2018-01-04,29.00830078125,29.07824069984721,28.824704742969683,29.00830078125,20491200
2018-01-05,29.037450193253495,29.253103055998835,29.028708951824903,29.180248260498047,21852000
2018-01-08,29.21520970404592,29.652344994704574,29.203550272770418,29.611543655395508,26531700
2018-01-09,29.733949204300245,29.82720800483866,29.232703578762173,29.25601577758789,21938100
2018-01-10,29.06950388762721,29.110301901765492,28.713967854175756,29.046188354492188,23791200
2018-01-11,29.054930276115396,29.273497954554042,28.78682001248379,29.14818572998047,19613100
2018-01-12,29.25601372325373,29.562007155595374,29.229786667646813,29.395896911621094,20853600
2018-01-16,29.53286295640835,29.698976522607555,29.241440503628624,29.34343719482422,21512100
2018-01-17,29.477502325189214,29.99914869649998,29.346360350067858,29.929208755493164,26045700
2018-01-18,30.52370437368797,30.581988196735104,30.19731029551482,30.395477294921875,36923700
2018-01-19,30.49456668531876,30.57907757342531,30.20897057671116,30.479995727539062,25135800
2018-01-22,30.45376078920365,30.730615615844727,30.319707330626823,30.730615615844727,21924900
2018-01-23,30.683990935413824,30.93461206369357,30.474164484780797,30.861757278442383,24863400
2018-01-24,30.99289152105588,31.019118570209688,30.54701167497638,30.829692840576172,20469300
2018-01-25,30.847186246466606,31.12695262324559,30.847186246466606,31.065753936767578,17571300
2018-01-26,31.18232751666475,31.59323254068993,31.08907204999652,31.587406158447266,20358900
2018-01-29,31.505813039546762,32.05077498940797,31.470841398840996,31.92546272277832,25065600
2018-01-30,31.8059697994758,31.870083341496045,31.22603639808388,31.395061492919922,27541500
2018-01-31,31.40671900002457,31.526204849640244,30.91129979136324,31.065753936767578,29438400
2018-02-01,30.879234132972222,31.054088901911687,30.651925267905042,30.751007080078125,19160400
2018-02-02,30.64318532838708,31.027866545232815,30.35176289281005,30.447933197021484,27759300
2018-02-05,30.133198051170936,30.485819197854347,28.294316007364365,29.16858673095703,37684800
2018-02-06,28.454599727104227,29.457097647695978,28.340946921514174,29.404640197753906,49241400
2018-02-07,29.28806879696278,30.479992354910028,29.145270758459667,29.97291374206543,33495600
2018-02-08,30.08365512689161,30.15650990801179,29.142356013459615,29.14818572998047,41925300
2018-02-09,29.296807557079294,29.462921112438,28.101972577086602,28.958757400512695,42553800
2018-02-12,29.180244127326098,29.273499586389644,28.79265133403562,29.011219024658203,27405300
2018-02-13,28.94710546793366,29.497896981901228,28.94710546793366,29.427953720092773,19868400
2018-02-14,29.392984945497176,29.7980635934468,29.203559150616208,29.63778305053711,21922800
2018-02-15,29.88549687667941,30.203146483486915,29.67567037647159,30.083663940429688,22484700
2018-02-16,30.04286541351729,30.58199761285675,29.719382758834595,30.535369873046875,48192900
2018-02-20,28.265175514000024,28.54202703435304,27.4229598516434,27.425874710083008,156265500
2018-02-21,27.717296044076384,27.784324445108826,26.589487667654065,26.671085357666016,148511100
2018-02-22,26.644858182466766,27.21604701258491,26.609886552949003,27.035364151000977,61095000
2018-02-23,27.06742243706292,27.245192117828783,26.741028325145905,27.070337295532227,38374500
2018-02-26,27.073251796022923,27.33553235846056,26.87508311120974,27.137365341186523,44097900
2018-02-27,27.285988727461802,27.312217449718727,26.66817049934666,26.671085357666016,40128300
2018-02-28,26.81097420896422,26.840116126349315,26.2281258560263,26.23103904724121,42431100
2018-03-01,26.277661439109757,26.28057462954747,25.56075979044373,25.96000862121582,56728800
2018-03-02,25.43254113108507,25.907561418496368,25.423798221802723,25.86967658996582,57130200
2018-03-05,25.68607705316479,26.373838639635128,25.665678044610132,26.22229766845703,40149600
2018-03-06,26.330120259142348,26.373834796159386,25.828871351607496,25.95418357849121,33164100
2018-03-07,25.639449195874185,25.799731396998965,25.45293660300903,25.569507598876953,34359000
2018-03-08,25.730747883947526,25.83628661214073,25.60468852852731,25.774723052978516,28766100
2018-03-09,25.86852397549522,26.009241104125977,25.660378840970246,26.009241104125977,29263200
2018-03-12,26.003379728796602,26.22031822790381,25.762986696157206,25.818687438964844,25422000
2018-03-13,25.91250875941657,26.06202098353084,25.792313874673834,25.886123657226562,21519000
2018-03-14,25.94768357635141,26.08840242413324,25.65159308434283,25.70142936706543,33121800
2018-03-15,25.7043618100908,26.029769639967245,25.18253437459388,25.654523849487305,49845600
2018-03-16,25.71608488488945,26.41087731860583,25.651590779074958,26.14116859436035,85188000
2018-03-19,26.06494833737274,26.11478461775305,25.53432589817319,25.636932373046875,36160200
2018-03-20,25.757132736360894,25.84214915902402,25.613483314717005,25.783517837524414,24774000
2018-03-21,25.765924293154935,26.29068226617741,25.704360742895442,25.850940704345703,35508000
2018-03-22,25.660386914015348,25.87732546953561,25.502081352611413,25.54605484008789,36744600
2018-03-23,25.607611771497538,25.70728599049072,25.00076807186013,25.041810989379883,30375300
2018-03-26,25.2763448018262,25.707291331618627,25.244096908323527,25.651592254638672,27599400
2018-03-27,25.786447248005615,25.809900111056574,25.059408493425874,25.22650909423828,19637400
2018-03-28,25.28807149722,25.868531928120355,25.267550872041316,25.730745315551758,34728900
2018-03-29,25.768852820005442,26.19100596095498,25.73074213368295,26.082536697387695,27823800
2018-04-02,25.79817111773719,25.868531379671808,24.871783927838003,25.079927444458008,57386700
2018-04-03,25.2851352251991,25.490348140545958,25.07992230985224,25.446372985839844,29086500
2018-04-04,25.09458588414189,25.651593454811785,25.047680160030843,25.569507598876953,19609800
2018-04-05,25.68090624127132,25.900777008140146,25.519666784244404,25.742469787597656,19142700
2018-04-06,25.455174323152015,25.768856568685855,25.24996135696484,25.414133071899414,19050000
2018-04-09,25.46104188504244,25.636937536336422,25.28221399652575,25.2939395904541,25104300
2018-04-10,25.45810495658232,25.53432633551481,25.112174837222817,25.343772888183594,27382200
2018-04-11,25.2118537745651,25.463970802577727,25.15322077626093,25.185468673706055,18837000
2018-04-12,25.26754772122933,25.45517059368739,25.038881926050866,25.04474639892578,20568900
2018-04-13,25.17959980761149,25.29100131072107,24.974388543044338,25.217710494995117,22677600
2018-04-16,25.2704765183121,25.69556015992559,25.247023662446818,25.458099365234375,21062100
2018-04-17,25.645728942349216,25.848009667586627,25.62520831713709,25.768856048583984,20405700
2018-04-18,25.856811757734175,25.962350504369816,25.654530977287447,25.672121047973633,17562000
2018-04-19,25.625205390338788,25.809896028596388,25.381881764987472,25.76592254638672,19764900
2018-04-20,25.76006111823766,25.909571636678724,25.40826653196414,25.499147415161133,24974700
2018-04-23,25.472765372838044,25.528466133095385,25.217714434950143,25.241168975830078,22081500
2018-04-24,25.43758232175159,25.4786252473629,25.08578941111376,25.367223739624023,25409100
2018-04-25,25.305661498913302,25.71022462518401,25.179602156395724,25.55484962463379,20281200
2018-04-26,25.554854520460946,25.891989684868093,25.475700886623663,25.780588150024414,17347500
2018-04-27,25.760057514343696,25.768850868037504,25.528459500030777,25.590023040771484,16953300
2018-04-30,25.78058472461859,26.28482212429442,25.774721928164034,25.933029174804688,26057700
2018-05-01,25.701427368935974,25.80110160411309,25.314454341952956,25.625205993652344,20873100
2018-05-02,25.543123646333743,25.578302102255257,25.258757052093358,25.311527252197266,18249000
2018-05-03,25.267550531940127,25.296866189652512,24.953868297470834,25.279277801513672,20628300
2018-05-04,25.2118520967973,25.827489311876136,25.024227521198455,25.66038703918457,20914500
2018-05-07,25.64865874626463,25.651590982794374,24.9978397900914,25.056472778320312,32350800
2018-05-08,25.071130056838598,25.167873730430802,24.895234450966466,25.1356258392334,19654200
2018-05-09,24.203372755744393,24.5317127652349,24.03920107351843,24.349952697753906,96795600
2018-05-10,24.379456828633543,24.712814431775975,24.193600946479897,24.394207000732422,47572800
2018-05-11,24.39420419440043,24.639060736781065,24.175898971572682,24.597759246826172,29804400
2018-05-14,24.74821043146767,25.013716843509805,24.67740860905319,24.895713806152344,28497600
2018-05-15,24.79836643058441,25.040272274908475,24.721663177660638,24.93406867980957,27968700
2018-05-16,25.037324441297358,25.409032821655273,24.99897365704054,25.409032821655273,41200800
2018-05-17,25.67748936021999,25.839744621938802,24.736415594446548,24.925220489501953,89162100
2018-05-18,24.851468710691904,24.91047108624062,24.630212756469913,24.674463272094727,36129300
2018-05-21,24.821967301196068,24.939970359177998,24.727564854810524,24.931119918823242,32147100
2018-05-22,24.928173608610805,25.01962535547483,24.571211998324827,24.59481430053711,24201900
2018-05-23,24.470906526356842,24.491556427960205,24.240800147131623,24.48860740661621,28197600
2018-05-24,24.48565653996482,24.48565653996482,24.1257459833599,24.441404342651367,25728600
2018-05-25,24.44140924782489,24.585963641311732,24.285055391385562,24.326356887817383,17740500
2018-05-29,24.178846776572712,24.34405104003333,24.1345962675926,24.308650970458984,25284600
2018-05-30,24.32340480576624,24.848519702654084,24.26735313978163,24.816068649291992,27942300
2018-05-31,24.762964233122517,24.872116847685948,24.341102257647567,24.349952697753906,34406100
2018-06-01,24.49745623984528,24.6095595567361,24.44140458139987,24.48270606994629,15713700
2018-06-04,24.63315909520153,25.22907576473131,24.574158414127584,25.199575424194336,32766000
2018-06-05,25.208426184389847,25.214325914962476,24.85441534125121,24.96356964111328,24844200
2018-06-06,25.060921563246676,25.11992224217825,24.883916150354505,24.94586753845215,22088400
2018-06-07,25.010772596561353,25.29987967125857,24.984221275069693,25.060924530029297,23117100
2018-06-08,25.01077413638211,25.131727913225575,24.82196922894784,24.886871337890625,22807200
2018-06-11,24.901626017620618,24.9399768103788,24.71872080842448,24.86917495727539,18756900
2018-06-12,24.875073244238436,24.954725535357476,24.624316906741072,24.810171127319336,24185100
2018-06-13,24.74821617523895,24.88981985293246,24.736416712788987,24.807218551635742,19075200
2018-06-14,24.845567255356006,25.01962197227982,24.683311999893714,24.718713760375977,22552200
2018-06-15,24.633162996289087,24.77771907674004,24.503360464540663,24.69216537475586,37509000
2018-06-18,24.500410945599352,24.653815786629696,24.432559810711375,24.48566246032715,25506900
2018-06-19,24.367655863753395,24.668564103399955,24.299804733971882,24.66561508178711,28057500
2018-06-20,24.695115426209593,24.727566480293927,24.532860155787915,24.66561508178711,23899800
2018-06-21,24.603662100102472,24.942921126554126,24.45615868931232,24.842618942260742,24276000
2018-06-22,24.91636395819183,25.031416279973136,24.810160386660353,25.022565841674805,32439000
2018-06-25,24.954723105143835,25.54768916570114,24.922272049844526,25.50933837890625,47818500
2018-06-26,25.52703591125671,25.680440736496728,25.299880227001367,25.364782333374023,30378600
2018-06-27,25.341185724026634,25.810249026487284,25.237932817045348,25.633243560791016,30899100
2018-06-28,25.621437800393373,25.75124031369647,25.279228105232825,25.32938003540039,25401000
2018-06-29,25.341183812306415,25.42968653847797,25.229080471692388,25.267431259155273,24766800
2018-07-02,25.26742876514254,25.352982461094925,24.603660916446515,24.78066635131836,24375300
2018-07-03,24.807219971306438,25.09042734290088,24.807219971306438,24.910472869873047,13188600
2018-07-05,25.057970813070863,25.246775686220865,24.860315500485868,24.94881820678711,16102500
2018-07-06,24.83966818190558,25.037323515031428,24.727564854810524,24.931119918823242,16841100
2018-07-09,25.07567608882972,25.509339286134928,25.00782495409475,25.350034713745117,19726200
2018-07-10,25.3500303786209,25.763041912254145,25.335280207855263,25.72764015197754,18145200
2018-07-11,25.683392206318533,25.70994184113035,25.485736859818623,25.527036666870117,16787700
2018-07-12,25.647986871186365,25.786641509420793,25.435581382022878,25.524084091186523,14665800
2018-07-13,25.524084861513803,25.9577462926501,25.51818344282235,25.872194290161133,19165800
2018-07-16,25.848596270963167,25.87809661518265,25.615539162701893,25.854496002197266,13341600
2018-07-17,25.783691345552352,26.16720253069077,25.783691345552352,26.016748428344727,17734500
2018-07-18,26.058047690589976,26.31175466921266,25.94299535026165,25.981346130371094,15136500
2018-07-19,25.919395209597546,26.10230036177984,25.786641987415678,25.878093719482422,14649300
2018-07-20,25.7836984241375,26.010854150654403,25.724697725948353,25.978403091430664,14445300
2018-07-23,25.857450568722914,26.004953999870846,25.777798277010227,25.85154914855957,12450000
2018-07-24,25.996097630330027,26.108200955183552,25.84564352340532,25.948896408081055,16768500
2018-07-25,25.745345815628255,25.966601794320113,25.698144585188636,25.93120002746582,17427300
2018-07-26,26.108207209012594,26.38256416804673,26.013804741901957,26.028554916381836,19644900
2018-07-27,26.14951001288457,26.220311866744165,25.969553823948246,25.999055862426758,14038200
2018-07-30,25.96069607664724,26.238005369632482,25.92824671313505,26.220304489135742,18032100
2018-07-31,26.25571528890352,26.450419977249926,26.196712896285227,26.323566436767578,20124300
2018-08-01,26.214405024211693,26.294055611157162,25.92529626666212,26.0314998626709,15150000
2018-08-02,25.943000131635717,26.208506620126297,25.848597674568037,26.184906005859375,12918300
2018-08-03,26.311754979961655,26.633313082875844,26.25570500778889,26.432708740234375,17241600
2018-08-06,26.347161497541645,26.544816854635403,26.29405884897382,26.4533634185791,13954800
2018-08-07,26.500567171773465,26.656922734495605,26.447466206196673,26.482866287231445,13580100
2018-08-08,26.541861502096765,26.61856475170585,26.364857768646203,26.565462112426758,15123300
2018-08-09,26.544693328247046,26.595136549431576,26.33698814412088,26.411169052124023,14183700
2018-08-10,26.319192465665544,26.814716160171905,26.30435492222316,26.758338928222656,24734700
2018-08-13,26.76427191288304,26.865156671376333,26.51799316578652,26.598106384277344,17637600
2018-08-14,26.59810300028318,27.03725106032638,26.595136850555576,26.957136154174805,17510400
2018-08-15,26.779104691781406,26.82658176742567,26.607006871753015,26.770204544067383,25850700
2018-08-16,29.704775157921027,29.734446841918437,29.051987922858327,29.268596649169922,127893900
2018-08-17,29.01044793252787,29.57421671383101,28.962972559501083,29.03418731689453,49389900
2018-08-20,28.980773790769945,29.164739572255257,28.470412725092956,28.485248565673828,38037900
2018-08-21,28.47338195669866,28.592068687116072,28.295348465366132,28.508989334106445,31593900
2018-08-22,28.54459488010493,28.737464223309235,28.256776486933955,28.387332916259766,23297100
2018-08-23,28.336882849662402,28.443703264082732,28.206326451874098,28.241933822631836,18289200
2018-08-24,28.215235988523276,28.384367650036957,27.99566280181851,28.173694610595703,25782900
2018-08-27,28.265671615366553,28.36952588744034,27.97785327329756,28.052032470703125,21120900
2018-08-28,28.12028283418943,28.589104248387507,28.049069777194763,28.50602149963379,29949000
2018-08-29,28.56833643546065,28.73153410683387,28.34579369326442,28.378433227539062,23588400
2018-08-30,28.336893386119577,28.633617058489946,28.322059239925284,28.51492691040039,21176100
2018-08-31,28.541631053170192,28.615813669902856,28.22117308306186,28.443714141845703,18974100
2018-09-04,28.425901713991884,28.56536166279842,28.259739630817016,28.295345306396484,24842100
2018-09-05,28.38733218634903,28.731531185126137,28.295349288458535,28.669219970703125,28423800
2018-09-06,28.642514218477174,28.69889313654271,28.488220098193974,28.618778228759766,18452400
2018-09-07,28.425906886101288,28.627678077274034,28.378431511455148,28.4348087310791,20017200
2018-09-10,28.517895022456468,28.83835468998831,28.511959326499557,28.752304077148438,24997800
2018-09-11,28.862089304884435,28.97781160057158,28.630648109217045,28.675155639648438,19390500
2018-09-12,28.562397777546565,28.704823895326037,28.46448088273146,28.476348876953125,17700000
2018-09-13,28.283485453809813,28.3725022205007,28.161830847257423,28.22414207458496,22958700
2018-09-14,28.049069861649464,28.141052757182916,27.99566049320595,28.06687355041504,18958200
2018-09-17,28.114348854463532,28.330957583917748,28.00159611406687,28.135120391845703,15989400
2018-09-18,28.02830175156292,28.363595522105154,27.936317152504447,28.316120147705078,20279400
2018-09-19,28.35765962881165,28.45261037126352,28.15292230263145,28.259742736816406,17025300
2018-09-20,28.292379747522908,28.422937863530446,28.173691322903853,28.411069869995117,16656900
2018-09-21,28.461515662697696,28.57130395757616,28.375466754160577,28.455581665039062,28590300
2018-09-24,28.31908691702972,28.485250721103185,28.146989115845514,28.164791107177734,16011000
2018-09-25,28.482283066379086,28.63954331969643,28.185561154429585,28.21820068359375,18579600
2018-09-26,28.218201509216005,28.36359377319297,28.046102014237466,28.06687355041504,17755800
2018-09-27,27.94818928101475,28.176664327997507,27.83840098252369,27.93038558959961,16090200
2018-09-28,27.97488935380048,28.001594887327613,27.799823706780174,27.865102767944336,18918900
2018-10-01,27.977858514760555,28.087645105770967,27.9036776056047,28.010498046875,14982900
2018-10-02,27.87103696007097,28.369530068946997,27.847299273831787,28.2330379486084,23263800
2018-10-03,28.336889091353523,28.348758783504906,27.903676738113454,27.912578582763672,18982200
2018-10-04,27.912579259229624,28.04016953921952,27.65443254953005,27.954120635986328,18135900
2018-10-05,27.850274264514095,27.948192882060443,27.562454108347207,27.687076568603516,20080200
2018-10-08,27.66926423935075,28.167757320504265,27.60101903190337,28.09654426574707,17287800
2018-10-09,28.378435432211628,29.00155278177521,28.244911134803353,28.805715560913086,34796700
2018-10-10,28.663286183955044,29.034189043404048,28.396235921409357,28.414039611816406,27008400
2018-10-11,28.42887711486189,28.57130494858312,27.773123659869086,27.868074417114258,29779500
2018-10-12,28.117318621494956,28.2389749129489,27.79389282473343,28.13215446472168,25661700
2018-10-15,28.04016532333982,28.185559271201438,27.838394165039062,27.838394165039062,24916500
2018-10-16,28.099515191838343,28.506023727312208,27.99269474907197,28.428874969482422,33725100
2018-10-17,28.241942288714842,28.669222376628966,28.15885953060967,28.651418685913086,28618200
2018-10-18,28.603937636301026,28.856153738274095,28.408103845430766,28.535694122314453,34195200
2018-10-19,28.48525119753623,28.97484077335257,28.48525119753623,28.826478958129883,26852100
2018-10-22,28.88285830705047,28.95407306605093,28.704824805255928,28.823514938354492,21368700
2018-10-23,28.63361286013877,29.07572706021212,28.51789057696775,29.01934814453125,28217400
2018-10-24,28.930333593628937,29.425858870437164,28.8650545299782,28.948137283325195,31094100
2018-10-25,29.081658538703753,29.517840427140726,28.781970466489405,29.42882537841797,32211300
2018-10-26,29.319040777755372,29.574217947172855,29.084628354648288,29.35761260986328,44776800
2018-10-29,29.526734759303462,30.185457535537587,29.40211235734976,29.61278533935547,38118300
2018-10-30,29.73445769083267,30.44362410080216,29.689950148597536,30.390213012695312,38125500
2018-10-31,30.410981388792504,30.410981388792504,29.707750749341393,29.755226135253906,37064700
2018-11-01,29.660265286328276,30.019296709151842,29.589053929507354,29.844234466552734,23205300
2018-11-02,29.933249878999003,30.1379872014689,29.764119933229875,30.069740295410156,21909600
2018-11-05,30.02523946806357,30.612747731816132,29.85907393687571,30.535600662231445,22850400
2018-11-06,30.425804487419427,30.69285299683085,30.280410542281665,30.660213470458984,19106100
2018-11-07,30.758140373608516,30.99848511583478,30.57713900604347,30.953977584838867,26017800
2018-11-08,30.95694010142406,31.232888783500027,30.867921659055714,31.120134353637695,17884200
2018-11-09,31.155749138061317,31.42279773724612,31.099373607579693,31.321914672851562,25351200
2018-11-12,31.3041071336988,31.514776780809086,30.75517076243412,30.820449829101562,26829300
2018-11-13,30.76111102871285,30.903537178321614,30.42581549814711,30.54450225830078,23870100
2018-11-14,30.562296164171606,30.60680368497611,29.97182021352124,30.126117706298828,31445700
2018-11-15,30.360529552220633,30.502955669603192,29.262660290673473,29.53564453125,48247800
2018-11-16,29.32200313611772,29.500036628607955,28.75823437155614,28.98670768737793,42705600
2018-11-19,29.06089290008981,29.152875804163884,28.612842979056236,28.716693878173828,27643200
2018-11-20,28.18259615008029,28.24787521499378,27.77312146626537,27.939285278320312,37861800
2018-11-21,27.99863224728221,28.164796080697947,27.687074422932614,27.9422550201416,28052700
2018-11-23,27.93038061576658,28.35172494972242,27.93038061576658,28.21820068359375,14670000
2018-11-26,28.393267755186177,28.506022189285595,28.111381669937636,28.2330379486084,30103800
2018-11-27,28.185559743929378,28.348755683730175,28.01346026259865,28.200395584106445,27126900
2018-11-28,28.322060262035535,28.965945764498173,28.20337010966259,28.91847038269043,30212400
2018-11-29,28.787908011419496,29.02825273326452,28.704825256515047,28.868022918701172,18723900
2018-11-30,28.900662858451632,29.206286649478432,28.802744259759937,28.974842071533203,31992000
2018-12-03,29.08462837316906,29.550481976340283,28.98077747589752,29.301237106323242,27246300
2018-12-04,29.15287528776707,29.36354832566482,28.369531599609257,28.428874969482422,31278900
2018-12-06,28.324457354997243,28.464676663413506,27.775509466181262,28.273738861083984,31101600
2018-12-07,28.193182691066074,28.38113642292303,27.5815853446876,27.802356719970703,25489500
2018-12-10,27.912745673673598,28.118601979899154,27.54877092473424,28.02611541748047,21830700
2018-12-11,28.118605423043128,28.19020710572274,27.82026251786658,27.999267578125,19357500
2018-12-12,28.133518222013258,28.133518222013258,27.76357707860881,27.778493881225586,28917600
2018-12-13,27.820256613940877,27.948544855358886,27.57561801014831,27.733739852905273,24126900
2018-12-14,27.46225128514248,27.614405058606113,27.319047934484775,27.402584075927734,34480800
2018-12-17,27.214628389493015,27.450316580576356,26.89838639886563,27.080373764038086,27005400
2018-12-18,27.089328764300593,27.226565748926745,26.934190932306077,27.17286491394043,28820100
2018-12-19,27.235511176654132,27.745673283239256,26.925235569580632,27.014738082885742,36694500
2018-12-20,26.883468504053003,26.883468504053003,25.699056096385526,26.03916358947754,49121400
2018-12-21,25.916845329119038,26.692530917828837,25.89596044237751,25.994413375854492,44764500
2018-12-24,25.81839503715381,26.125686626774936,25.59165554550643,25.60359001159668,18330900
2018-12-26,25.78259035516805,26.975951390815975,25.74678867053947,26.97296905517578,30084900
2018-12-27,26.77606610613285,27.330978585696208,26.385238429006808,27.32501220703125,29644500
2018-12-28,27.468219178283203,27.885896468318844,27.34291496700136,27.48611831665039,29622000
2018-12-31,27.647222902599143,27.86202793010912,27.52192039666464,27.79042625427246,21017400
2019-01-02,27.33993264480448,27.93959731193573,27.33993264480448,27.847110748291016,24458100
2019-01-03,27.808330163123557,28.25584111317606,27.656176371820955,27.70391082763672,24831900
2019-01-04,27.808320450342247,27.942573347042913,27.653184376685726,27.87693977355957,24087300
2019-01-07,27.930649732667625,28.393077476612884,27.799379128498963,28.205121994018555,23369100
2019-01-08,28.360260961102387,28.569099635849554,28.017169340337425,28.402029037475586,21602700
2019-01-09,28.55417629503797,28.682461124265494,28.27373599947048,28.30953598022461,18816900
2019-01-10,28.00821685008352,28.336391642316094,27.781479051148143,28.330425262451172,28188900
2019-01-11,28.339372625867586,28.428873435533692,28.208102040301004,28.294620513916016,16183800
2019-01-14,28.187217154785245,28.476607868469294,28.127548244831264,28.327436447143555,21255300
2019-01-15,28.48257637584602,28.81970155983942,28.455725108292356,28.715280532836914,21174600
2019-01-16,28.619811081917238,28.897267329581368,28.589975773508115,28.745115280151367,16230000
2019-01-17,28.736166761938772,29.00168857817855,28.688432311028404,28.861469268798828,16843500
2019-01-18,28.924122238093158,29.29704915168232,28.894288631284017,29.156829833984375,18361800
2019-01-22,28.983781462983213,29.365660401901234,28.873395782519744,29.08521842956543,24189600
2019-01-23,29.496935631535706,29.640138975936583,29.097155787399924,29.44919776916504,25037400
2019-01-24,29.297043616190095,29.374611662085357,28.76898068127259,29.344778060913086,22829100
2019-01-25,29.46113021100822,29.5088646530969,28.864447977781413,28.921131134033203,21654600
2019-01-28,28.798813842878058,28.959918018138765,28.66456263965197,28.956933975219727,17627400
2019-01-29,28.870420834534816,28.98677120906648,28.79284936586414,28.852519989013672,15760200
2019-01-30,28.843563168636816,28.879364853857084,28.121580156917293,28.282684326171875,35547900
2019-01-31,28.23196890889127,28.900252879634085,28.23196890889127,28.589977264404297,44169000
2019-02-01,28.61682439013391,28.640691610380983,27.778487638786086,28.002243041992188,37775700
2019-02-04,28.002248960006874,28.273738861083984,27.850095185385708,28.273738861083984,21805800
2019-02-05,28.41694487820332,28.62279950225818,28.348325532105854,28.521364212036133,18299700
2019-02-06,28.470643423896547,28.64368208991191,28.407992170058723,28.533294677734375,12794700
2019-02-07,28.375169644722302,28.885333424976064,28.34235370887657,28.85848045349121,21030300
2019-02-08,28.742129852085135,28.846547451570725,28.38411982537553,28.515390396118164,18507600
2019-02-11,28.536276635270504,28.745116977995977,28.533292592117817,28.700363159179688,16628400
2019-02-12,28.885341445325498,28.989759074689697,28.78987253278318,28.930091857910156,17643900
2019-02-13,29.028548387980372,29.237387086657513,28.96589711980103,29.219486236572266,16375500
2019-02-14,29.14191396060789,29.595389578511377,28.94500805229861,29.392518997192383,21602400
2019-02-15,29.529754439003717,29.83406201978342,29.49395615803484,29.83108139038086,28443000
2019-02-19,30.54410665861449,31.081118297529233,30.451621813968924,30.49040412902832,62091900
2019-02-20,30.374056759537748,30.532176906719002,29.43129713437427,29.798255920410156,52895400
2019-02-21,29.7326250042935,29.81019305879711,29.508869556432742,29.65207290649414,19239600
2019-02-22,29.78035257051256,29.8817861194612,29.5774786441425,29.699800491333008,24260700
2019-02-25,29.86985352132401,29.872837563945783,29.550629245522682,29.571514129638672,27705000
2019-02-26,29.54168834447568,29.55362110388209,29.19859505120229,29.443235397338867,25464300
2019-02-27,29.27317905038559,29.353727727621134,29.11505549626514,29.27019500732422,23706900
2019-02-28,29.270201830707055,29.67594301147897,29.168764828395222,29.532739639282227,34127700
2019-03-01,29.675941117628845,29.702794095490464,28.974841105935024,29.21649742126465,31057500
2019-03-04,29.273182869804756,29.4134021838521,29.049427410324206,29.192630767822266,23051400
2019-03-05,29.27616823812688,29.592408610347142,29.264235476629754,29.33881950378418,18357900
2019-03-06,29.3179349866177,29.535722371882898,29.1956130976747,29.314950942993164,14089800
2019-03-07,29.150859834025635,29.297047229187452,29.010640525528988,29.073291778564453,18379800
2019-03-08,29.103120419821906,29.36267751769355,28.939032206887344,29.115053176879883,16977000
2019-03-11,29.24930842156908,29.410412595158366,29.183673134978132,29.380578994750977,16035900
2019-03-12,29.39550132870596,29.45815258420303,29.252297971250186,29.347766876220703,15211500
2019-03-13,29.44621486533237,29.640136686063073,29.353726605151127,29.54466438293457,16446900
2019-03-14,29.517673890844303,29.523674089928146,29.27171721752926,29.46068572998047,14777400
2019-03-15,29.478681128435184,29.547669691366607,29.2747189719608,29.520675659179688,43800000
2019-03-18,29.484675258940058,29.92559714535088,29.472678295171725,29.892602920532227,17310300
2019-03-19,29.99158902458346,30.14155967035617,29.865608876483115,29.949594497680664,16243200
2019-03-20,29.754632025421593,29.85961491994923,29.55667006785217,29.5866641998291,18969300
2019-03-21,29.469680392028877,29.73363077763887,29.424689200089347,29.712636947631836,19653000
2019-03-22,29.568657828110563,29.853605425783194,29.376692697138605,29.47867202758789,20124300
2019-03-25,29.334708581521785,29.58066528002422,29.283717181911808,29.445688247680664,16222200
2019-03-26,29.50267575235448,29.649649731087802,29.403693066721342,29.490678787231445,14837700
2019-03-27,29.4366867119683,29.652649242943784,28.494858032615834,29.15773582458496,25413600
2019-03-28,29.27171122127816,29.355696828206842,28.953769387127593,29.133737564086914,24162900
2019-03-29,29.27170885994431,29.295706216819852,29.10674119092964,29.253711700439453,22319700
2019-04-01,29.385697067032055,29.50267692128866,29.262720446280355,29.34070587158203,25517400
2019-04-02,29.322702609909122,29.4876737248655,29.064749023834594,29.076745986938477,18822000
2019-04-03,29.130749481332707,29.21473512290471,29.031766771545225,29.15174674987793,17062500
2019-04-04,29.169733094563338,29.478674644731928,29.16673299551168,29.42768669128418,12078900
2019-04-05,29.469687731917137,29.754635451112776,29.44269369655171,29.64365577697754,13968000
2019-04-08,29.52966264126747,29.76961904874292,29.472674496257707,29.763622283935547,16267200
2019-04-09,29.63465591428923,29.763632743168962,29.43969062108885,29.601661682128906,13102500
2019-04-10,29.547664922560035,29.910601411693854,29.544664823332717,29.87460708618164,12273300
2019-04-11,29.904605872382664,30.243545053112527,29.835617309837126,30.23454475402832,16820700
2019-04-12,30.29453181998849,30.60047672253341,30.29453181998849,30.462499618530273,15486000
2019-04-15,30.384510618075925,30.867423559919647,30.372513655153746,30.72344970703125,15335700
2019-04-16,30.861427947414,31.011402020349703,30.756448499184557,30.873428344726562,14485200
2019-04-17,30.894423943253187,31.014403894991176,30.71745583145014,30.942415237426758,11187600
2019-04-18,30.927408961844773,31.13437114179355,30.86142052293254,30.948406219482422,11183400
2019-04-22,30.828436216274646,31.05639572716082,30.645471333738058,30.705459594726562,15238200
2019-04-23,30.75345328356218,30.98141281219031,30.576485153786198,30.915424346923828,15152400
2019-04-24,30.936421700483077,31.14938416329945,30.9214246340263,31.05339813232422,14093400
2019-04-25,30.966412250918005,31.239362947984038,30.84343563367782,31.050397872924805,11883300
2019-04-26,30.129554929542675,30.69645343556394,29.89259862428776,30.4534969329834,24323100
2019-04-29,30.5584821984421,30.594476524060987,30.22854336722313,30.462499618530273,19139100
2019-04-30,30.525489747393888,30.870429094855268,30.429507161899803,30.846431732177734,18400800
2019-05-01,30.82543827829703,30.837435243478428,30.378516141057467,30.40251350402832,16011600
2019-05-02,30.423514669733635,30.61247976785787,30.066578307093298,30.339529037475586,15021000
2019-05-03,30.690464005150204,30.81944083204193,30.534493146037352,30.618478775024414,15950700
2019-05-06,30.219547105483674,30.759451764050482,30.15655874354212,30.732454299926758,13841100
2019-05-07,30.53448983837367,30.645469487559932,30.222544721331207,30.3845157623291,13726800
2019-05-08,30.069574773638678,30.306531142620734,29.952594922578438,30.084571838378906,17646000
2019-05-09,29.933802995101686,30.135832600374272,29.80715705584976,30.01521873474121,18720300
2019-05-10,30.08155804825579,30.79017486861282,30.063465278057528,30.729867935180664,26228100
2019-05-13,30.289613949646608,30.500691627226047,29.85539790027124,30.120750427246094,22084500
2019-05-14,30.19614476719906,30.41626715548404,30.120757645883547,30.241374969482422,19061100
2019-05-15,30.214230816976666,30.26247704551496,29.89158049710672,30.117734909057617,20220900
2019-05-16,31.007283525249953,31.34801975717617,30.40721989720237,30.54894256591797,51366000
2019-05-17,30.22629519781298,30.741927043880317,30.12678669228369,30.41324806213379,37113900
2019-05-20,30.27153061878984,30.750977009056307,30.229316450452405,30.61227035522461,21582300
2019-05-21,30.609253189637545,30.65146735641879,30.274545539951166,30.491655349731445,20667300
2019-05-22,30.636397476672297,30.886673369761183,30.473565963955583,30.826366424560547,22022700
2019-05-23,30.702722384015306,30.735891882525916,30.349922045924295,30.714786529541016,19363800
2019-05-24,30.81128836886452,31.025378705327793,30.78113489755543,30.95903968811035,13449600
2019-05-28,30.925867438104238,31.230421578357944,30.87761775265834,30.883649826049805,30815100
2019-05-29,30.790170151365995,31.022353189845127,30.59718523327514,30.79318618774414,19560600
2019-05-30,30.904760574756107,31.206298697268828,30.729868394681866,30.81429672241211,15058800
2019-05-31,30.56099924765567,30.763032271901025,30.334844834426008,30.588136672973633,17782500
2019-06-03,30.645431309152478,30.962046110419596,30.576076276173005,30.74493980407715,19844100
2019-06-04,30.94093618003603,30.9529968728613,30.588132445450356,30.925859451293945,17894700
2019-06-05,30.9831556523587,31.595279916621994,30.937925458363196,31.486726760864258,20708700
2019-06-06,31.507835132838807,31.86063547234366,31.420387331639695,31.694787979125977,24191100
2019-06-07,31.730988191433223,32.071727993816864,31.676709863771034,31.981264114379883,20428200
2019-06-10,32.107887571588336,32.4998893888627,32.074721531711724,32.42148971557617,18977100
2019-06-11,32.56624569640544,32.85873919713906,32.49086201868569,32.548152923583984,20241900
2019-06-12,32.542100038663605,32.840625423048074,32.542100038663605,32.8134880065918,13905300
2019-06-13,32.867767014155916,33.0426625781855,32.61749126188075,32.762229919433594,16455000
2019-06-14,32.80143769028181,33.04568489385719,32.70494522349964,32.888885498046875,13577700
2019-06-17,32.903970185236176,33.033632184499744,32.644646186709046,32.91603088378906,12441000
2019-06-18,33.109008120711934,33.15725435448364,32.840639523745175,33.063777923583984,14733600
2019-06-19,33.10899666972044,33.12106081212303,32.82856747400997,33.05472183227539,11773800
2019-06-20,33.11504114125057,33.31707419204784,32.95220966625792,33.265811920166016,15004500
2019-06-21,33.271836616377755,33.829686016943086,33.24771522706989,33.51005172729492,39535800
2019-06-24,33.61861181235903,33.83873417866406,33.47990173152883,33.54322814941406,18098400
2019-06-25,33.434675072567664,33.60052259944318,33.28993635388811,33.38642883300781,18315000
2019-06-26,33.42561761250564,33.49497263370288,33.19946323549389,33.21755599975586,12485100
2019-06-27,33.187413638124006,33.323104239189874,32.82556513359551,33.1994743347168,16443900
2019-06-28,33.3351707740518,33.62464824803599,33.24169432011093,33.317081451416016,19520100
2019-07-01,33.56132697230187,33.76336007738952,33.17535698736962,33.35628128051758,16544100
2019-07-02,33.4196002532696,33.65480284137764,33.27184548911834,33.65178680419922,12188700
2019-07-03,33.52514035496466,33.89301751590576,33.47086203908414,33.868892669677734,9621900
2019-07-05,33.77237841201803,33.84474945319815,33.53416339467563,33.76634979248047,10738200
2019-07-08,33.748278377413016,34.05283255818228,33.6819393646533,33.98950958251953,14147100
2019-07-09,34.04075483563736,34.18850607105919,33.95330705777805,34.03773880004883,16270200
2019-07-10,34.11012303890432,34.25787433145166,33.88999721677468,34.06790542602539,13737000
2019-07-11,34.17645671407362,34.35738095013071,34.07996424828888,34.351348876953125,11689800
2019-07-12,34.40260588475503,34.607654931318635,34.260883244342374,34.556392669677734,11229900
2019-07-15,34.57750628744703,34.701139642336585,34.511170730994024,34.67098617553711,10038000
2019-07-16,34.77652090459995,34.82476713831159,34.38753499826683,34.604644775390625,10464600
2019-07-17,34.61971562498642,34.72826876968098,34.43577538047313,34.556392669677734,8065500
2019-07-18,34.48100210011558,34.61066056999482,34.297061892520425,34.59257125854492,9670800
2019-07-19,34.67701322586934,34.77049310972032,34.33326095926919,34.34532165527344,11388900
2019-07-22,34.40563085402814,34.47800193650992,33.86889016176542,34.01966094970703,13550700
2019-07-23,34.11012003636565,34.1342414265935,33.64273100414248,33.79953384399414,17262600
2019-07-24,33.7814518293887,34.01062236371732,33.64274171347433,33.772403717041016,12531900
2019-07-25,33.82668060404856,33.89000358442184,33.66988117177603,33.838741302490234,11554500
2019-07-26,33.80858662855101,34.176463799265356,33.71812621719033,34.07997131347656,14187000
2019-07-29,34.02568509742642,34.067899251811795,33.70002220380613,33.85380554199219,11239800
2019-07-30,33.79048538208008,33.89300991658572,33.67288411612862,33.79048538208008,9105600
2019-07-31,33.745250475209225,33.87491241804148,33.05773919425775,33.28389358520508,18633900
2019-08-01,33.26580960843976,33.823655585227755,32.96426807156377,32.98236083984375,22365000
2019-08-02,33.09091640963781,33.21153025992375,32.61146669239198,32.9883918762207,16970100
2019-08-05,32.56623465275639,32.56623465275639,31.839525203275564,31.90888023376465,22710000
2019-08-06,32.02045218550863,32.51799123440585,31.839527953861637,32.34611511230469,21049200
2019-08-07,32.27072855602918,32.759222954597796,31.939037001358887,32.62654495239258,21835500
2019-08-08,32.72958056555482,32.981088403300404,32.6568532350361,32.88412094116211,13123200
2019-08-09,32.7447297897046,32.865937377076975,32.33564724666323,32.50836944580078,12580500
2019-08-12,32.33867149500034,32.375035150883264,31.768986934874665,31.884136199951172,17605200
2019-08-13,31.893235496957896,32.75988440865792,31.772027896005,32.547767639160156,20025900
2019-08-14,31.962935634934286,32.74473723544523,31.859906387976373,32.181114196777344,27938400
2019-08-15,34.09923661790696,34.43559523612991,33.38107348076811,34.14772033691406,59438700
2019-08-16,34.568929081344535,34.826498642327785,33.956819045817774,34.23863220214844,32895600
2019-08-19,34.65074695728828,34.78104371657647,34.42347928058662,34.48711395263672,21534300
2019-08-20,34.50226025661289,34.55680227227017,33.941664880017456,33.95378494262695,18336900
2019-08-21,34.53862306054086,34.56589753826445,33.9022729096499,33.944698333740234,24469200
2019-08-22,33.99924759667913,34.1780315579225,33.741678012014404,33.91136932373047,17986200
2019-08-23,33.82350153091,33.911376354247174,33.37199347551628,33.584110260009766,18710100
2019-08-26,33.80530769547697,34.02045181957082,33.70227848969315,33.93560791015625,17807100
2019-08-27,34.06591796875,34.184098166526255,33.790166485825786,34.06591796875,17201100
2019-08-28,34.0234910743739,34.26590973484377,33.84167621206399,34.156822204589844,16113000
2019-08-29,34.60529941091382,34.72347960371817,34.33560970716074,34.568939208984375,15811500
2019-08-30,34.847707086016605,34.96285635865411,34.514382799413866,34.623470306396484,17115900
2019-09-03,34.4477222004298,34.94165213742605,34.39014928974953,34.738624572753906,17828100
2019-09-04,35.05679711813091,35.138613625124485,34.79316923366694,35.12346267700195,17348700
2019-09-05,35.656782229724925,35.74466049952477,34.9295263459368,34.981040954589844,17479200
2019-09-06,34.98103196007823,35.07496850402934,34.73255509773383,34.76588439941406,13039200
2019-09-09,34.69620250728323,35.33558016070855,34.66589714257192,35.250736236572266,17921100
2019-09-10,35.14771553328233,35.441648859248815,34.99317166032697,35.165897369384766,14572200
2019-09-11,35.15073338911011,35.36285010791267,34.914373075212985,35.15679168701172,15852300
2019-09-12,35.34769552609205,35.474968331034006,35.1204278618683,35.42951202392578,13422900
2019-09-13,35.50224416000606,35.81435924728025,35.43860948281217,35.58406066894531,16915800
2019-09-16,35.31436856844486,35.505272586818734,34.96285895873676,35.02043533325195,18270900
2019-09-17,34.94468373357516,35.35982809454611,34.92347448385543,35.30528259277344,13813500
2019-09-18,35.4264806888487,35.52344812237895,35.20527134697539,35.502235412597656,11868000
2019-09-19,35.574962042627554,35.69920396071019,35.38405804311742,35.48708724975586,10141800
2019-09-20,35.5598070729765,35.64768184733522,35.3931432349465,35.44768524169922,33997200
2019-09-23,35.33558289803471,35.881027487644936,35.320431948420264,35.641639709472656,15487500
2019-09-24,35.83253026153497,36.3203982846254,35.75980295650915,35.87798309326172,21819300
2019-09-25,35.899208068847656,35.97496281427811,35.69921137951531,35.899208068847656,13840800
2019-09-26,35.999200060995534,36.22646774690543,35.814357803391026,35.84769058227539,11960700
2019-09-27,36.12344510376255,36.129503402734926,35.68102975859971,35.89314651489258,10304100
2019-09-30,35.959802521945306,36.19312846437922,35.9264697490506,35.962833404541016,10204200
2019-10-01,36.01435247538161,36.09313809350391,35.67193552397469,35.711326599121094,11187900
2019-10-02,35.57497350788262,35.62042982817423,35.032563226416926,35.18710708618164,17833500
2019-10-03,35.11437064394876,35.39315292172769,34.720439089090945,35.24467086791992,15619500
2019-10-04,35.27194254931558,35.84768894565557,35.20830787759241,35.80526351928711,13881000
2019-10-07,35.78707640078954,35.84768017468261,35.417385057252986,35.52344512939453,14085000
2019-10-08,35.39618679786193,35.95980969914038,35.35073048551178,35.629512786865234,15375300
2019-10-09,35.81132561461234,36.1507116895334,35.76284188962362,36.03859329223633,11710200
2019-10-10,36.029500368044886,36.32646448176944,35.93859468482122,36.24464797973633,13024500
2019-10-11,36.338583589879306,36.57797479149627,35.97495739872231,36.43555450439453,18383700
2019-10-14,36.31737894679434,36.50222121480628,36.090111248088284,36.11132049560547,13719900
2019-10-15,36.159813218543825,36.35980646584204,36.02042030757646,36.22041702270508,13550100
2019-10-16,36.15373616744524,36.39615474944116,36.09010150641062,36.187068939208984,11344800
2019-10-17,36.26282408459019,36.43857712510489,36.168887533191004,36.31433868408203,11732700
2019-10-18,36.49918483090994,36.54463766591671,36.099191560060696,36.10222244262695,16776900
2019-10-21,36.15071124934556,36.311313369675794,36.00526007615047,36.28404235839844,10230300
2019-10-22,36.28707598213177,36.41434533481136,36.177984993123744,36.23556137084961,7634100
2019-10-23,36.11132897228909,36.31738747184762,35.96587774968754,36.16587448120117,8520000
2019-10-24,36.105269359934084,36.23253874160636,35.911334403513365,36.090118408203125,8700900
2019-10-25,36.05980605263776,36.159804385775445,35.81738742737803,36.07192611694336,7692900
2019-10-28,36.13555783897697,36.27191982172746,35.917379360142036,36.126468658447266,10213800
2019-10-29,35.90829672738043,35.97799317285777,35.4780049246501,35.49921417236328,14373300
2019-10-30,35.50830040839705,35.86889916834378,35.46890586776585,35.78708267211914,8988600
2019-10-31,35.735574567073684,35.84163120925953,35.4022467559726,35.53254699707031,14643900
2019-11-01,35.73254540715932,35.747696356773766,35.52345952821593,35.641639709472656,11287800
2019-11-04,35.87799137803087,36.09313899261285,35.50527252327907,35.62648010253906,13938000
2019-11-05,35.65982319407249,36.10223861555362,35.4780117725983,36.017391204833984,12651300
2019-11-06,36.008291075629785,36.247678815403084,35.971927415256,36.2113151550293,10843200
2019-11-07,36.36282538751238,36.641607649907044,36.223435990229675,36.43252182006836,13324200
2019-11-08,36.456765650987315,36.629487840709714,36.041624831904706,36.19313430786133,11498100
2019-11-11,35.96889690077189,36.25071006981176,35.84162755598923,36.07192611694336,13317000
2019-11-12,36.24161202826813,36.362819577350656,36.00222087673847,36.096160888671875,15189300
2019-11-13,36.10829102870767,36.77494313822633,35.95677808223489,36.659793853759766,23135400
2019-11-14,37.756741535153054,37.99309842630682,36.21435130619116,36.55979919433594,67512600
2019-11-15,36.56888438223454,36.66585183485873,35.87193038301952,36.02041244506836,30413100
2019-11-18,35.893146089196584,36.62646381123586,35.82951140984644,36.4385871887207,19644000
2019-11-19,36.39616385121452,36.47191859333607,36.274952795990224,36.329498291015625,11146200
2019-11-20,36.42646340110234,36.50827990445409,35.87799147425481,36.09919738769531,15227700
2019-11-21,36.008285228200975,36.362822189697894,35.959801511519096,36.32040023803711,12908400
2019-11-22,36.40828731786579,36.4537401673852,36.141628519987194,36.16889953613281,11529300
2019-11-25,36.3628266021825,36.368888367939164,35.726476443078425,36.035560607910156,17644500
2019-11-26,36.04767418312974,36.15070337547186,35.89313386244533,36.11737060546875,18877500
2019-11-27,36.17797597238554,36.30221787869415,35.97798281139734,35.9870719909668,10302300
2019-11-29,36.102225225955486,36.353736480909845,36.059803270244416,36.087074279785156,9471900
2019-12-02,36.105262240711355,36.1749552177995,35.70829975440592,36.1446533203125,17012700
2019-12-03,35.877988039393244,36.047679328132475,35.687084039125644,35.95980453491211,19784400
2019-12-04,36.09617361328874,36.12041374451889,35.8476931951151,35.96586990356445,16669800
2019-12-05,36.02674381886902,36.15458401717324,35.74062212817391,36.11805725097656,13058400
2019-12-06,36.24589335259663,36.46505044162237,36.19719216430022,36.458961486816406,13022400
2019-12-09,36.39505109040096,36.483323541684065,36.27634082374704,36.33113098144531,14448000
2019-12-10,36.3280764327892,36.39199652402567,36.227629579879405,36.264156341552734,12846900
2019-12-11,36.34330123528773,36.41939576497196,36.07848739524863,36.22154998779297,10519200
2019-12-12,36.221552774659834,36.55941669251401,36.12415037581623,36.452880859375,12447000
2019-12-13,36.27025911334577,36.72378887951208,36.22764338069797,36.61421203613281,16098900
2019-12-16,36.65376940787056,36.93684661328931,36.65376940787056,36.6902961730957,16052100
2019-12-17,36.815091925069915,37.04337898286635,36.73899740026579,36.9155387878418,13727400
2019-12-18,36.98554144306415,37.0372871043338,36.477221745178184,36.48331069946289,15309000
2019-12-19,36.507669614380994,36.68116654210731,36.4589684168276,36.55028533935547,13392300
2019-12-20,36.97642486332886,37.17123317200373,36.5320285327521,36.61421203613281,23863200
2019-12-23,36.58680196825498,36.735950011760316,36.22458578879686,36.230674743652344,13457400
2019-12-24,36.26111949759484,36.404182097034536,36.224592728232174,36.37678527832031,6682200
2019-12-26,36.40721892423515,36.480272454598264,36.206328682504704,36.379825592041016,12671400
2019-12-27,36.50765917678186,36.50765917678186,36.29763554009049,36.401126861572266,10632000
2019-12-30,36.46506224696746,36.46810672535608,36.26112399554909,36.34330749511719,8837400
2019-12-31,36.373734161163576,36.46505106790254,35.97499469911882,36.17284393310547,14736000
2020-01-02,36.17893287868841,36.49244790239361,36.130231684879064,36.203285217285156,20294700
2020-01-03,35.99935185195506,36.15763336566784,35.79237262126557,35.88368606567383,16197600
2020-01-06,35.734528982425445,35.94455612173635,35.542768707455046,35.81062698364258,19336500
2020-01-07,35.69191946790684,35.771058469158646,35.36927450765565,35.478851318359375,20540700
2020-01-08,35.39970604003505,35.53059068750027,35.21099026154259,35.357093811035156,17627400
2020-01-09,35.35405701447935,35.72540318135683,35.33274915365867,35.72235870361328,16691100
2020-01-10,35.68582980079308,35.71626760666671,35.30230578334142,35.42405700683594,18164400
2020-01-13,35.42405486489249,35.47580052510226,35.11663234748064,35.27186584472656,18337800
2020-01-14,35.14706915399499,35.372311684154596,35.04357783651267,35.36317825317383,19757400
2020-01-15,34.891391787273925,35.26882688643574,34.85790950092151,35.08924102783203,22362600
2020-01-16,35.15621808194247,35.28710279626335,35.089253485463395,35.27796936035156,16108200
2020-01-17,35.32362646652243,35.399721008835805,34.89444558442829,34.99184799194336,30135000
2020-01-21,34.87922356857083,35.21404300830544,34.857915705267466,35.1836051940918,22061100
2020-01-22,35.07098215932786,35.46972516931658,35.058807730919455,35.33884048461914,14778300
2020-01-23,35.37232312533473,35.40276093834916,35.01619583632767,35.25056838989258,12915300
2020-01-24,35.30840124332568,35.3175311934165,34.74529128076157,34.812255859375,13150200
2020-01-27,34.45308381420604,35.37840651215267,34.29785028030743,35.265785217285156,21055200
2020-01-28,35.30231233853219,35.58234508130516,35.29318238842823,35.491031646728516,15810600
2020-01-29,35.47885616175798,35.649312098019365,35.27492141723633,35.27492141723633,11326500
2020-01-30,35.189691735542304,35.527555630190676,35.10446377156179,35.48494338989258,13744500
2020-01-31,35.247521084255695,35.38753919295073,34.66919571660757,34.84878158569336,23327400
2020-02-03,34.97357485841475,35.12272290649116,34.73006890748914,34.78181457519531,13041300
2020-02-04,35.0770707637426,35.38145237120912,34.97053493692949,35.08620071411133,15696600
2020-02-05,35.18666064263958,35.59757822940817,34.95837348147766,35.55496597290039,17048700
2020-02-06,35.56103373508077,35.68278845263585,35.3266612159477,35.40275573730469,16058700
2020-02-07,35.341885666546816,35.539731453123615,35.23534983654409,35.44537353515625,11068800
2020-02-10,35.23231300097693,35.60670375943322,35.01924477813809,35.08012390136719,18434700
2020-02-11,35.1349081502323,35.15621601605584,34.833570967169145,35.12577819824219,17390400
2020-02-12,35.156209078853884,35.43624182422098,35.12881574490398,35.26274490356445,14206800
2020-02-13,35.26275178803377,35.777157178101554,35.18056828675481,35.74671936035156,15999600
2020-02-14,35.81672147975392,36.09066877974794,35.66148792758296,35.88368606567383,24391800
2020-02-18,36.060228199938685,36.510713397892765,35.722360818088774,36.41331100463867,34539600
2020-02-19,36.37374747760848,36.507676667601295,35.81977081298828,35.81977081298828,21563400
2020-02-20,35.67670372366922,35.950647516388365,35.570171381150125,35.82280731201172,15068700
2020-02-21,35.746714507689845,36.145454046147286,35.70714325995573,36.093711853027344,18726300
2020-02-24,35.75280522264553,36.057190370225236,35.293189989560865,35.40581130981445,19848000
2020-02-25,35.414932872723824,35.63408998773143,34.714852772542876,34.81834411621094,23292900
2020-02-26,34.91270410965858,35.05576322264066,34.59310010967761,34.63267135620117,20019900
2020-02-27,34.26132688156713,34.720945539616764,33.588640040647824,33.603858947753906,28476900
2020-02-28,32.778972974478094,33.0316088449248,31.768422525924336,32.77592849731445,52369200
2020-03-02,32.75157874691493,35.43014381905248,32.657217374351994,35.27186584472656,51222600
2020-03-03,35.33275683625841,35.77411215366727,34.19436574953498,34.367862701416016,33340800
2020-03-04,34.77268850415431,35.564082062079336,34.5383124762684,35.54277420043945,24625200
2020-03-05,34.82139064361611,35.68888232481273,34.67224604332734,35.284053802490234,25638300
2020-03-06,34.66006013490778,35.88976420247216,34.39828734307334,35.68278503417969,29411100
2020-03-09,34.64484414866749,36.71769114190018,34.313069219339454,35.66148376464844,59243400
2020-03-10,35.94760040733442,36.73290488398292,34.9796621220927,36.462005615234375,37797300
2020-03-11,35.76800996628616,36.23067297800996,34.33436770545858,34.83051300048828,31620000
2020-03-12,32.27065363050365,33.9356273523446,31.345331115364583,31.6710205078125,56323200
2020-03-13,32.946394825228,34.87922391401328,31.619284515385374,34.73007583618164,42962100
2020-03-16,32.021061731574605,33.88692932151347,31.04703794076664,32.49589920043945,36753900
2020-03-17,34.325245014683446,36.30373417518872,33.62212039997559,36.300689697265625,52806000
2020-03-18,35.00401799488831,38.9853452527576,34.851828929509736,37.311241149902344,77355900
2020-03-19,38.051108739624794,38.827659908491924,35.962973744727634,36.51940155029297,57100500
2020-03-20,36.53467964179141,37.54053129598182,34.208077606240664,34.843997955322266,55423500
2020-03-23,34.9051474824806,35.93545586199778,34.305915440564824,34.938777923583984,39366000
2020-03-24,35.42488345517913,35.88347779083633,34.03075625492557,35.16807174682617,42705000
2020-03-25,34.53827273739683,34.8531750240964,33.03408363826977,33.44681930541992,53287500
2020-03-26,33.44681615299169,33.896240170151124,32.66720713203039,33.57522201538086,58250700
2020-03-27,33.66388260418214,34.327314011478734,33.20223032370541,33.50184631347656,36160500
2020-03-30,34.19891135300506,35.40348432432703,33.91763953008796,35.21699142456055,29212500
2020-03-31,34.94794485644961,35.52271674921323,34.43737589064602,34.73699188232422,26258400
2020-04-01,34.28757457121624,35.32094099993634,34.18057083837967,34.89597702026367,28269600
2020-04-02,34.60247340047299,36.41545226761605,34.34566166836801,36.27481460571289,29515500
2020-04-03,35.83456087156264,36.6600320698099,35.77952829208045,36.528568267822266,28625100
2020-04-06,36.400159991519125,38.641156874659245,36.36347160763983,38.5433235168457,47768700
2020-04-07,37.904346464579675,38.67172703748549,37.18893701711644,37.29594421386719,41369700
2020-04-08,37.81569348996027,37.852381881366874,36.867932204340896,37.25009536743164,27876600
2020-04-09,36.14334293266105,37.56498799463703,35.9721363147461,37.23785400390625,32828700
2020-04-13,37.07582377867458,38.421034347777976,37.045251288303675,38.30791473388672,24194100
2020-04-14,38.85823683044061,39.68064676140683,38.53416067866444,39.43912124633789,34098900
2020-04-15,39.43911469156234,39.70815470828736,38.86434277105337,39.36573791503906,22435200
2020-04-16,39.43912639196235,40.63758727327725,39.209829145497444,40.45720672607422,31882200
2020-04-17,40.19732717766847,40.65286360978564,39.662298067186796,40.39299392700195,30915300
2020-04-20,40.47553675441455,40.77820719440258,39.671467698442555,39.69898223876953,24401700
2020-04-21,39.76624257216748,40.0597426609794,39.18230034315986,39.50331497192383,27900600
2020-04-22,39.74484461520211,40.472482515406135,39.40854370674643,40.23095703125,19448100
2020-04-23,39.698987218577926,40.07809242737991,39.050841973682545,39.29542541503906,28839900
2020-04-24,39.54612818454801,39.71121896033512,39.30459917248622,39.57364273071289,17343600
2020-04-27,39.74484850923952,39.83962744162252,39.185362757845915,39.2251091003418,17923800
2020-04-28,39.21899392142678,39.81822602631052,39.04167134915634,39.133392333984375,20732100
2020-04-29,38.39046785646781,38.44855489749001,37.467163108278925,37.78818130493164,44612100
2020-04-30,37.62919857741502,37.7392602469757,37.005509951908884,37.16143035888672,40497900
2020-05-01,37.14002633451148,37.81568956106123,36.92601540527126,37.58027648925781,31143900
2020-05-04,37.86155308055607,38.032763245102224,37.210349863045565,37.81875228881836,17807700
2020-05-05,37.849314390478526,38.295680376603265,37.68422016956659,38.133644104003906,19337400
2020-05-06,38.28039108844914,38.36599614040739,37.55886929113725,37.69644546508789,17309100
2020-05-07,37.911402756930684,38.071083923174356,37.30953840474303,37.429298400878906,27345600
2020-05-08,37.69339693867095,37.77323579514654,37.346402417465974,37.751739501953125,20830800
2020-05-11,37.78243128025761,38.172418230916456,37.77322059498906,37.975887298583984,25341900
2020-05-12,38.224626422661785,38.586974369256325,38.009674072265625,38.009674072265625,19100100
2020-05-13,37.92368147997567,38.765065671871604,37.79777870690245,37.98816680908203,29175300
2020-05-14,38.338250717986824,38.42422885478302,37.24813537642196,37.899131774902344,22233000
2020-05-15,37.914480317533744,38.67295455932617,37.797791702320445,38.67295455932617,31770000
2020-05-18,39.15200566090795,39.477503938669614,38.722100816464895,39.20113754272461,38633700
2020-05-19,40.457059718128036,40.5307557583116,38.32596112672108,38.368953704833984,74746200
2020-05-20,38.84183881852729,38.87254578795073,38.27067794185186,38.52248001098633,32246400
2020-05-21,38.35053005278038,38.73437078258014,38.15400258703667,38.3812370300293,22448100
2020-05-22,38.41500310386002,38.491770522394404,38.006594814557666,38.17855453491211,22359600
2020-05-26,38.1816401443071,38.540916716619684,37.96361637750436,38.034244537353516,23730600
2020-05-27,38.06802155613339,38.22769924607813,37.165223056540654,37.61048126220703,31073700
2020-05-28,37.99125079160716,38.36895220755272,37.81928751424246,37.98203659057617,24424800
2020-05-29,38.15092819716554,38.29525238460228,37.44158583289339,38.09565353393555,29311200
2020-06-01,37.90527514909262,38.20313777416151,37.57363414327618,38.0649528503418,20550300
2020-06-02,37.95132534303967,38.12328508685748,37.711808856018834,38.058799743652344,19187700
2020-06-03,38.04652422590209,38.07416331646686,37.66575138674579,37.91448211669922,20262900
2020-06-04,37.70875295072017,38.043461890083194,37.40781888264926,37.49687194824219,24015000
2020-06-05,37.638105567376215,37.67188393561637,36.82128895860249,37.32796096801758,39337200
2020-06-08,36.71995852194066,37.22970199584961,36.68310874932369,37.22970199584961,28344300
2020-06-09,37.34025239541155,37.46308381452383,37.020897031258336,37.263484954833984,20746200
2020-06-10,37.32797058016491,37.616618970193564,37.19592847289499,37.20513916015625,28141500
2020-06-11,37.152926114061934,37.64117319052493,36.689243204297824,36.876556396484375,34162800
2020-06-12,37.00554057594733,37.079240131341706,35.94613582356478,36.154945373535156,32359200
2020-06-15,36.35760972338594,36.44359135263237,35.93077649134805,36.25934600830078,32703300
2020-06-16,36.78752287521406,36.91956499257668,36.40060721109146,36.741458892822266,25167600
2020-06-17,36.805937009878335,36.8888437199042,36.357607519162435,36.551063537597656,20166900
2020-06-18,36.40059686200675,36.56027802624306,36.130373416861595,36.23170852661133,20070000
2020-06-19,36.50808052790483,36.94105309121302,36.1580146883507,36.80287170410156,40078800
2020-06-22,37.146783456238445,37.49070639063635,36.97174883255027,37.36480712890625,27338400
2020-06-23,37.69338412572658,37.724091097456885,37.14371949202866,37.17749786376953,19727700
2020-06-24,37.076168806892944,37.19285742704794,36.71996365959132,36.94105529785156,20614800
2020-06-25,36.77523355376659,36.898064970743675,36.35147166644364,36.75988006591797,20569800
2020-06-26,36.726108232394886,37.10687757378901,36.240928839482,36.33304977416992,26991600
2020-06-29,36.38832038495824,36.75066831035136,36.30233874699302,36.56028366088867,16511400
2020-06-30,36.60941612046291,36.88885029857804,36.4006030656865,36.781375885009766,20509200
2020-07-01,36.68004646915667,36.82437068123805,36.43745851512347,36.753746032714844,19733700
2020-07-02,36.87655810340971,37.119145953177956,36.4988567879827,36.6063346862793,17695800
2020-07-06,36.78751720990128,36.80901349742778,36.30233788265428,36.508079528808594,21695100
2020-07-07,36.372965651395845,39.167342433118264,36.30233750325261,38.983097076416016,93458100
2020-07-08,39.305527862796865,39.34544552354174,38.20005922176363,38.21234130859375,52217100
2020-07-09,38.57162438168947,39.360805700204125,38.36895761489044,39.228763580322266,42771600
2020-07-10,39.532761506393605,40.34036756225674,39.07828916072778,40.12848663330078,44236800
2020-07-13,40.32808142850183,41.03434877801827,39.5788179947697,39.772274017333984,42338400
2020-07-14,39.698593914490125,40.68737422312228,39.62182294329803,40.53690719604492,26455800
2020-07-15,40.61674662515063,41.187904244499144,40.16534553757281,40.533836364746094,31731300
2020-07-16,40.54918108174867,40.75799063106087,40.30045035435898,40.59524154663086,17676600
2020-07-17,40.95451609479512,40.95451609479512,40.37107307558022,40.453983306884766,18189600
2020-07-20,40.52153400103189,40.76105045893017,40.26973194463583,40.37106704711914,18342600
2020-07-21,40.39872130108392,41.144913616536904,40.36494291796588,40.635169982910156,21712500
2020-07-22,40.70886450689636,40.85012083614914,40.28510254751546,40.73650360107422,16164600
2020-07-23,40.84089402246531,40.886954479620854,40.3219398796417,40.423274993896484,16796400
2020-07-24,40.211396037973934,40.65665065968299,40.076282545720694,40.300445556640625,13037400
2020-07-27,40.183743734550276,40.52766663814095,40.183743734550276,40.291221618652344,14045700
2020-07-28,40.38028994074107,40.65051696239941,40.20218736473366,40.46012878417969,14414100
2020-07-29,40.39871691418565,40.4908413645896,39.873619846542724,40.131561279296875,14223300
2020-07-30,39.741567769081655,40.048640993693766,39.526615457596904,39.956520080566406,13788300
2020-07-31,39.8122026258848,39.94731613261047,39.18884187169665,39.73543167114258,21631500
2020-08-03,39.892043956519494,39.956529313447,39.38844318951701,39.70472717285156,14971500
2020-08-04,39.812196422574154,40.444767765389834,39.59417270834606,40.423274993896484,18219600
2020-08-05,40.0578670532987,40.14998799369996,39.56040554107924,39.8613395690918,25483500
2020-08-06,39.652521062420426,39.99030482610615,39.6218140864832,39.7200813293457,14496300
2020-08-07,39.790709028459865,40.06093606019046,39.646384824780306,39.91046905517578,16558500
2020-08-10,39.99336293740558,40.63821976037644,39.81218902822654,40.49696350097656,17683200
2020-08-11,40.71499704432003,40.80097867772944,39.83676285185757,39.9810905456543,25360200
2020-08-12,40.06400182598908,40.60445229924929,39.63716856212978,40.50004577636719,19094400
2020-08-13,40.45687756277859,40.68813019216387,40.308876021117406,40.654212951660156,19867200
2020-08-14,40.80530046482305,40.99955183589062,40.58638040465223,40.885467529296875,20106300
2020-08-17,41.42505218626205,41.97389253747421,41.27088612537405,41.81047439575195,39465000
2020-08-18,41.98622922337685,42.43640192819901,41.06121865303187,41.53605651855469,80232600
2020-08-19,41.381901459934575,41.520650965245245,40.65422609600268,40.8268928527832,38155200
2020-08-20,40.45687977221708,40.722049656587586,40.09920671385961,40.259544372558594,26810700
2020-08-21,40.253375641398286,40.90704825961959,40.11462617570322,40.58638000488281,24864000
2020-08-24,40.77755205882583,40.84847057777931,40.185545801394134,40.4938850402832,19813800
2020-08-25,40.33045207789923,40.46612102284064,39.98203116413362,40.27803421020508,21722400
2020-08-26,40.14854362293102,40.355131120046984,39.99129350812428,40.29962921142578,18814800
2020-08-27,40.41679869834597,42.96674608141508,40.361296788154654,42.12806701660156,119018700
2020-08-28,43.47548717123828,43.49707182854426,42.50114296678949,43.25965118408203,64050900
2020-08-31,42.39015248720363,42.82490505970945,41.788894199609935,42.81257247924805,45236400
2020-09-01,43.53716872321589,46.124117441854565,43.18258317517044,45.507442474365234,106798200
2020-09-02,46.63595943875269,46.66062460404108,44.89693825502732,45.535194396972656,51666000
2020-09-03,45.2330177031725,46.12719504649962,43.72524950543068,44.56700897216797,48015000
2020-09-04,44.40668225835769,44.721186041773784,43.19800098231475,44.03976058959961,33982200
2020-09-08,43.60192176157239,43.75300736688282,42.63066118873213,42.689247131347656,33966900
2020-09-09,43.19491763101906,43.97192678288336,42.9975821974431,43.13325119018555,33669000
2020-09-10,43.1856603363393,43.333661881568396,42.115728749779144,42.183563232421875,33709200
2020-09-11,42.25756271478851,42.68615071240719,41.79505747830016,42.14964294433594,28879800
2020-09-14,41.976986491640965,43.50633605486559,41.89681588665756,42.340824127197266,45733800
2020-09-15,42.621399478472014,42.88348530384858,42.14347764479096,42.353145599365234,30427800
2020-09-16,42.67690174187897,42.760152831659504,41.949226595244745,42.01397705078125,27860400
2020-09-17,41.75806172742819,42.41790243043514,41.63164483601914,42.14656448364258,37245000
2020-09-18,42.06947883191708,42.405567217214326,41.54839116198465,41.71489334106445,54709200
2020-09-21,42.08798976468852,42.31615842781104,41.71490354835425,42.26374053955078,47275500
2020-09-22,42.26373036503065,42.85574007556303,42.109564293891914,42.64606857299805,33102000
2020-09-23,42.85881993847763,42.9328224744349,41.87831103748964,41.930728912353516,23133300
2020-09-24,41.85055584835241,42.485731306110914,41.64705594376928,42.14964294433594,29453100
2020-09-25,42.094152459287585,42.40865622015736,41.92148220567314,42.32540512084961,22618800
2020-09-28,42.29149518974248,42.565913697849716,42.15582618538718,42.319244384765625,21197100
2020-09-29,42.31923752757547,42.59365599121736,42.05406761789731,42.28532028198242,27702900
2020-09-30,42.362402842683856,43.70366898476617,42.30382043476705,43.13941192626953,34826400
2020-10-01,43.413830071910276,44.51767539983107,43.247327888122946,44.11683654785156,43290900
2020-10-02,43.88867597862405,44.123012689768665,43.20725051108498,43.32133483886719,24585000
2020-10-05,43.564921659635786,43.842424161361535,43.497087165870596,43.722171783447266,14259000
2020-10-06,43.74375026431261,44.07367060354662,43.24424371464003,43.361412048339844,21475500
2020-10-07,43.555666039422675,43.64508519084277,43.24424631610549,43.44158172607422,16949100
2020-10-08,43.63274808453383,43.81158638328879,43.51249924776788,43.58649826049805,14676900
2020-10-09,43.67899702915189,44.19700065189267,43.648163816239695,44.02433395385742,14494800
2020-10-12,44.09833447588404,44.82909364439647,44.09833447588404,44.47758865356445,18402300
2020-10-13,44.61018228109835,45.20219210205991,44.51151456571073,45.088104248046875,23800200
2020-10-14,45.14051599891828,45.180601296625134,44.32650569327563,44.38200759887695,19710900
2020-10-15,44.119918258175296,44.69650781670245,44.042835224779175,44.56392288208008,13692600
2020-10-16,44.8321825645318,45.06343522320123,44.54542799747291,44.61943054199219,16935000
2020-10-19,44.73968411486497,44.8229352153687,44.015089373410326,44.076759338378906,14643300
2020-10-20,44.434421320746985,44.87225788408406,44.28333575460549,44.36967086791992,14523000
2020-10-21,44.35117894071859,44.9339366591943,44.35117894071859,44.52384567260742,13114200
2020-10-22,44.459092308342626,44.57318015113667,43.996586996864814,44.261756896972656,13344000
2020-10-23,44.39126076226912,44.44367511320605,44.04592379693016,44.3542594909668,10540500
2020-10-26,44.04282804818183,44.12916314869858,43.45698650392656,43.83315658569336,16111800
2020-10-27,43.79924857478848,44.30800720535103,43.77458341438043,44.052085876464844,11831100
2020-10-28,43.46315578582869,43.823909273627486,43.13015148058838,43.17948532104492,16849200
2020-10-29,43.167155258248535,43.509408134738365,42.766316457946054,43.142486572265625,15153900
2020-10-30,42.91431939539286,43.19490585907998,42.35623049494697,42.781734466552734,18601800
2020-11-02,43.34908276179078,43.416917251120296,42.868076810222306,43.290496826171875,16575600
2020-11-03,43.67591300213366,44.44983793786165,43.65124431462289,44.02433395385742,15413100
2020-11-04,43.651247272375365,44.5207594614102,43.580332289326236,43.77149963378906,17927400
2020-11-05,44.40051305776686,44.47143157896728,44.07367670053392,44.23709487915039,14202600
2020-11-06,44.51150249808481,45.08501152584623,44.26174924960191,44.946258544921875,16198500
2020-11-09,45.633858324351934,45.695528289721544,44.24017779953198,44.2586784362793,28198500
2020-11-10,44.32342651749501,45.15284992715199,44.255592029280564,44.88151550292969,18199200
2020-11-11,45.30084572828997,45.929853149410945,45.1405116103211,45.627685546875,18805800
2020-11-12,45.781852167436945,45.8527706749002,45.356348179927515,45.704769134521484,12564300
2020-11-13,45.92369183801508,46.54036319426942,45.48585171701193,46.417030334472656,19738200
2020-11-16,46.41394648160435,47.29887175133023,46.0285242360211,47.00286865234375,34560300
2020-11-17,46.40469152735426,47.24953491240983,45.99768467591498,46.056270599365234,42711600
2020-11-18,46.20736470752666,46.76545368951054,45.95761141936381,45.96994400024414,24936900
2020-11-19,46.08403071455555,47.00595734532271,46.04086491490701,46.90420913696289,18590700
2020-11-20,46.61128257674221,47.10153705513798,46.19194661123582,46.32453155517578,21937200
2020-11-23,46.36461460499915,46.682202379501426,46.056278912591296,46.53728485107422,18557100
2020-11-24,46.78704445386412,46.86104347743153,46.3337876432086,46.66987609863281,17155200
2020-11-25,46.635950240368516,46.98745171253221,46.62361413152152,46.81478500366211,13833300
2020-11-27,46.91345600372079,47.089206752169446,46.589703696411284,46.74386978149414,10999500
2020-11-30,46.743868627701275,47.16012410442144,46.281363326597855,47.11079025268555,32695500
2020-12-01,47.3605324601195,47.37903309127221,46.762358324508696,47.06452941894531,22935300
2020-12-02,46.86720657384133,47.05837393241208,46.10561410974206,46.410865783691406,23547000
2020-12-03,46.336862000977355,46.336862000977355,45.75410437421729,46.034690856933594,25725900
2020-12-04,46.099446805033914,46.099446805033914,45.504356527453886,45.91444396972656,20889300
2020-12-07,45.77569399012239,45.9391121597469,45.37485510610386,45.66777420043945,18479100
2020-12-08,45.43651619764676,46.204276630481644,45.3810178242318,46.08094024658203,20716500
2020-12-09,46.250525816936204,46.250525816936204,45.599933722705735,45.71710205078125,20139600
2020-12-10,45.723298487121234,45.84708217796375,45.35813093268166,45.503578186035156,20652300
2020-12-11,45.46644063088098,45.64902440395933,45.16316847027545,45.4911994934082,16860900
2020-12-14,45.7078196217995,45.71401022215554,44.99605286679066,45.07341766357422,25088100
2020-12-15,45.03319717914644,45.293145774551675,44.82894983045148,45.05176544189453,31871400
2020-12-16,45.25601063333465,45.45716268746872,44.89703365331532,45.00534439086914,25650900
2020-12-17,45.20031078396247,45.31790388604702,44.91869506623091,45.21268844604492,30679500
2020-12-18,45.373614170146496,45.54691562641553,44.9217958048701,45.16627502441406,41384100
2020-12-21,45.02699616379485,45.38906834980686,44.89083129615732,45.17244338989258,25553100
2020-12-22,44.918684593958226,45.25290618300383,44.296663835538205,44.62469482421875,37599000
2020-12-23,44.42045857972113,44.63089298786,44.03672274732624,44.32143020629883,20430600
2020-12-24,44.420446995497876,44.68349082245687,44.30903744830133,44.40806579589844,9054600
2020-12-28,44.575182059473036,44.96510843956944,44.35546532101307,44.94034957885742,19344900
2020-12-29,45.0703174742765,45.135308146364714,44.43591912640261,44.655635833740234,17938200
2020-12-30,44.835132647935616,44.9186880516288,44.54423815598672,44.61851119995117,18751200
2020-12-31,44.62469537167847,44.64635893168857,44.20692192177957,44.609222412109375,17814000
2021-01-04,44.655649655197045,45.457162568833155,44.64946259513058,45.34575653076172,32182200
2021-01-05,45.36740987354075,45.51285710457779,44.714439671625605,45.10436248779297,26498100
2021-01-06,44.900122784600526,45.83160987401526,44.87536392306976,45.38597869873047,21918900
2021-01-07,45.683072760718474,45.726396346631056,45.19411794653975,45.38288879394531,20538000
2021-01-08,45.454066165440345,45.49120269107469,45.12293981852445,45.37670135498047,24478200
2021-01-11,45.18173908649821,45.797572882860955,45.18173908649821,45.58094787597656,26264400
2021-01-12,46.110119792579866,46.397918937469996,45.89968189647124,46.100833892822266,23373300
2021-01-13,46.0327478069321,46.131776147287745,45.62425678834828,45.63044738769531,16069500
2021-01-14,45.74496605727726,45.80066730642275,45.19411937678126,45.4819221496582,23017200
2021-01-15,44.91560123677869,45.15079097164251,44.46068764625643,44.760868072509766,35920500
2021-01-19,44.760858307713505,44.89392787915616,44.15121522745294,44.374027252197266,24123600
2021-01-20,44.43591647822021,45.07650538760235,44.21929154210171,45.030086517333984,23775600
2021-01-21,44.98367606401568,45.09817738204858,44.627790908969196,44.82584762573242,14325900
2021-01-22,45.0579445658647,45.59641346611831,44.90940203157636,45.28385543823242,19219500
2021-01-25,44.98368087241161,45.25910241687163,44.646363941196874,45.243629455566406,19031100
2021-01-26,45.067232414497795,45.74186627207652,45.017721771904135,45.649024963378906,15031500
2021-01-27,45.4788264828066,45.7573433508951,44.42355201843982,44.51329803466797,29910300
2021-01-28,44.705163704592024,45.26220097628782,44.44831040351177,44.48544692993164,22301700
2021-01-29,44.30904827587676,44.485444997943254,43.433265891458596,43.476593017578125,32509200
2021-02-01,43.60656786786994,43.78605635134318,43.07428947730754,43.09904479980469,25945200
2021-02-02,43.250674400450755,43.99029175643354,43.15164604630578,43.563232421875,27002400
2021-02-03,43.52919352207773,43.95934817965006,43.5199111628031,43.69630432128906,14966700
2021-02-04,43.87888844240905,44.309043103531074,43.714872942113615,44.10789108276367,17346300
2021-02-05,44.39568140792965,44.82583594894364,44.1078787669326,44.674198150634766,20451600
2021-02-08,44.81347120893547,45.05175975231953,44.7051569468396,44.881553649902344,15825300
2021-02-09,44.74230017408109,45.280769181881794,44.74230017408109,45.12913131713867,15906900
2021-02-10,45.12911854100046,45.150778557307426,44.4204471474306,44.60302734375,18576900
2021-02-11,44.60614086302824,44.856807135162796,44.47307124479141,44.569007873535156,12791400
2021-02-12,44.61232269946302,44.75158289268593,44.460684845507856,44.708255767822266,13423500
2021-02-16,45.16316589936594,45.30242254047793,44.850607855029885,45.076515197753906,27891000
2021-02-17,44.76395754405731,45.645930444930784,44.717538663281566,45.5530891418457,25571100
2021-02-18,43.015488940486584,43.54158026571001,42.551293003929054,42.600807189941406,96927300
2021-02-19,42.644137944594604,43.14546690716719,42.60390611561529,42.811248779296875,36606000
2021-02-22,42.62556512453163,42.811244203413864,42.16446449868889,42.61009216308594,32106600
2021-02-23,42.43059577200101,42.5172429233235,41.7961938464431,41.923072814941406,31300200
2021-02-24,42.046866428147325,42.13660889315506,41.17417584972011,41.223690032958984,46565700
2021-02-25,41.18964827144261,41.4712568405264,40.68831588774167,40.833763122558594,33324600
2021-02-26,40.68831912469871,40.79044278967335,40.18698670111429,40.2055549621582,42470700
2021-03-01,40.71925730264785,41.02562469777848,40.57999714206747,40.65427017211914,34634400
2021-03-02,40.69761243201632,41.081348333235844,40.23341640565208,40.26436233520508,29230800
2021-03-03,40.07558703658583,40.208656643907915,39.472130852255184,39.4845085144043,41837400
2021-03-04,39.56805077123925,40.10032902349154,39.07909963439957,39.46592712402344,45348000
2021-03-05,39.249305902310496,40.15293869061937,39.22454704459349,39.957977294921875,34073700
2021-03-08,40.02297221996674,40.180797130586434,39.55258570554912,39.574249267578125,40988400
2021-03-09,39.85895205507803,40.19317009881985,39.71040952179277,39.886802673339844,31988700
2021-03-10,39.877525174381745,41.1741763131222,39.75683324464934,40.904945373535156,44929200
2021-03-11,41.270120900525924,41.310349190524924,40.70380120714096,40.88947677612305,35489700
2021-03-12,41.010153325262436,41.62908228066198,40.87399200079303,41.50529861450195,28437600
2021-03-15,41.69717028729504,41.700265587669406,41.10300011062506,41.291770935058594,25071900
2021-03-16,41.102995283978245,41.554809922640125,41.102995283978245,41.279388427734375,19881000
2021-03-17,41.00397264133925,41.202029371211644,40.843048892167666,40.935890197753906,24156300
2021-03-18,40.75875731372574,41.00425364806735,40.37652758333356,40.40138626098633,29815500
2021-03-19,40.43868178707126,41.175174418415736,40.36720685827197,40.93899917602539,57703500
2021-03-22,40.70903148200963,41.15962785596803,40.70592325859866,41.134765625,24654000
2021-03-23,40.92966969427012,41.73452893574757,40.904811017108216,41.622657775878906,29154900
2021-03-24,41.774934890183616,41.774934890183616,41.346088860877906,41.3647346496582,23547300
2021-03-25,41.411349770151446,41.80601246920725,41.29015747045851,41.64441680908203,28125900
2021-03-26,41.64130727032153,42.01421235519989,41.46106584140591,41.99245834350586,28653600
2021-03-29,41.95206418605563,42.57668210134748,41.82776367035679,42.47102737426758,30146400
2021-03-30,42.365360534012446,42.756914903283764,42.098110211653875,42.18201446533203,27230100
2021-03-31,42.122978964401234,42.530067401696066,41.93963286733798,42.209991455078125,24546000
2021-04-01,42.2441717040994,42.53939253077069,42.054612713299974,42.14473342895508,25595100
2021-04-05,42.48656508636715,43.555566595430456,42.32497299286893,43.328712463378906,40043100
2021-04-06,43.22926090116421,43.80105310440745,43.04591483606858,43.53691101074219,31044600
2021-04-07,43.5990742813064,43.73891592859081,43.39708237137152,43.443695068359375,20361600
2021-04-08,43.645673007168895,43.85388129924899,43.400176703227025,43.415714263916016,19095600
2021-04-09,43.39085705333898,43.53380689580064,43.10496448105585,43.43747329711914,20676600
2021-04-12,43.52759934546586,43.623932963838264,43.300748752999105,43.443695068359375,18723000
2021-04-13,43.44368401662518,43.505837819785036,43.15468323502749,43.310062408447266,17397900
2021-04-14,43.23238632177251,43.338044623795675,43.01485682463852,43.29453659057617,21924600
2021-04-15,43.31937446538772,43.65188319530574,43.25722423154264,43.55554962158203,21710400
2021-04-16,43.7824089019897,43.80416291073213,43.41571675854807,43.695396423339844,26488500
2021-04-19,43.59595210170018,43.68296457535036,43.38463914253803,43.415714263916016,19281000
2021-04-20,43.32560496340402,44.055884733161236,43.13915418609132,43.7513427734375,24452100
2021-04-21,43.74512846470689,44.034132873790654,43.67054886139801,43.878753662109375,17335200
2021-04-22,43.84145687940149,43.956436263924495,43.32559842644303,43.403289794921875,19705200
2021-04-23,43.226164752272766,43.61149918656758,43.20441074002951,43.47476577758789,22971000
2021-04-26,43.47787489252075,43.50584535349818,42.7724609335662,42.85636520385742,22846200
2021-04-27,42.884323289719035,43.17954050894124,42.74448168255073,43.002410888671875,16151400
2021-04-28,42.99310475719912,43.06768436571137,42.84394198385357,42.850154876708984,14286600
2021-04-29,42.853256103846334,43.505844464293226,42.853256103846334,43.39086151123047,19596000
2021-04-30,43.41573211694105,43.50274462637173,43.229277755681345,43.477882385253906,19680000
2021-05-03,43.40639555790712,44.357309261366204,43.40639555790712,44.16463851928711,27139500
2021-05-04,43.98440858908439,44.13667956474931,43.53692033449063,43.72958755493164,19084200
2021-05-05,43.726467232119916,43.87873816565298,43.5835209684078,43.69228744506836,18351000
2021-05-06,43.67669487174243,44.100980563445646,43.505106908773875,44.004268646240234,16302000
2021-05-07,44.185218960706486,44.21329926595386,43.4645530109941,43.73909378051758,23408400
2021-05-10,43.81707945430571,44.32560245190622,43.773404143774044,43.93251037597656,26307600
2021-05-11,43.94811558881154,43.94811558881154,43.15257366150652,43.53630447387695,26464200
2021-05-12,43.32416569995073,43.35848329608892,42.40071460511644,42.410072326660156,25998300
2021-05-13,42.50053873696566,43.35847490408066,42.35391065924896,43.12761306762695,21475200
2021-05-14,43.3054352907853,43.7515603528976,43.1868839508034,43.526939392089844,16091700
2021-05-17,43.67669491614734,43.80148356549761,43.292964106937056,43.33039855957031,19675800
2021-05-18,44.771725620017925,45.10554022046716,44.05418025055028,44.27256393432617,58183800
2021-05-19,43.89819844172473,44.837248086584204,43.8326836823426,44.275691986083984,34874700
2021-05-20,44.14465963472585,44.572065758535416,43.89507876493077,44.43167495727539,30540900
2021-05-21,44.46287941932678,44.63758425769352,44.17586050241712,44.22265625,22927500
2021-05-24,44.225772857666016,44.431674843289734,44.100980637945426,44.225772857666016,18945900
2021-05-25,44.23824787204553,44.500306873506396,44.010506460803214,44.406715393066406,21505200
2021-05-26,44.42231483875696,44.575183782683325,44.225770583831434,44.35367965698242,19294200
2021-05-27,44.72182218789444,44.82477498431719,44.203941345214844,44.203941345214844,56577000
2021-05-28,44.27880421462941,44.44103086778413,44.188329598282,44.310001373291016,21186300
2021-06-01,44.36616448811322,44.55023062051179,44.07290827663124,44.194580078125,20767500
2021-06-02,44.11034802565772,44.21018038711824,43.70477771836678,44.097869873046875,23298000
2021-06-03,44.1103427876595,44.25385045136023,43.910678088448165,44.17585754394531,18374400
2021-06-04,44.13217724165375,44.3911193984101,44.06666248747284,44.253849029541016,13635900
2021-06-07,44.25384653240265,44.29128455276101,43.79836013880556,43.95746994018555,16630800
2021-06-08,43.835800067350995,43.95747185366903,43.61741636613573,43.6236572265625,20120700
2021-06-09,43.47078083120647,43.67980320597156,43.37406893287805,43.38966751098633,17085300
2021-06-10,43.38967845540772,43.735971261101504,43.38967845540772,43.639259338378906,16378500
2021-06-11,43.748448614837784,43.94187602704202,43.633017681711635,43.91067886352539,25232400
2021-06-14,43.96683321817349,43.96683321817349,43.686055170563634,43.851402282714844,15140700
2021-06-15,43.938755808375554,43.96059525105704,43.570623564646816,43.67669677734375,19327200
2021-06-16,43.62990880356781,43.68918271103612,42.73141390659351,42.78757095336914,28794900
2021-06-17,42.74076444699271,43.16193326613618,42.65028982277439,42.96538543701172,19341900
2021-06-18,42.25407551951011,42.550452085301266,41.92961865581085,42.16984176635742,44812800
2021-06-21,42.32271936932198,42.66277131115056,42.226007447433666,42.55358123779297,20775000
2021-06-22,42.500548794440526,42.96539300735646,42.500548794440526,42.75012969970703,19107000
2021-06-23,42.58478072140202,42.73764968865936,42.40695544984664,42.41631317138672,19390500
2021-06-24,42.48182277831315,42.815637407229985,42.45998690727361,42.712684631347656,23444100
2021-06-25,42.78131507160882,43.32103519244527,42.71580032518196,43.218082427978516,28640700
2021-06-28,43.065227213045155,43.252413792580036,42.61598156433366,43.083946228027344,15549000
2021-06-29,43.0215485952216,43.19937386849657,42.812522585842274,42.8343620300293,35962500
2021-06-30,43.53942854197875,44.48159864031215,43.268008206328176,43.99491500854492,45511200
2021-07-01,43.80460937072848,44.06666842274848,43.367841903837274,43.46455383300781,26348700
2021-07-02,43.47390727485986,44.013627434811106,43.47390727485986,43.71100997924805,26280600
2021-07-06,43.645488708868314,43.91067169604726,43.523820505070475,43.6579704284668,18279300
2021-07-07,43.60181455252449,44.047939642231206,43.47702591553173,43.58621597290039,25607400
2021-07-08,43.15881424838885,43.8794765543805,43.121376225398365,43.54878234863281,21267000
2021-07-09,43.80460415281021,43.93875409351445,43.654855630881265,43.770286560058594,15185400
2021-07-12,43.891955944730014,43.92315310546993,43.46766670403758,43.692291259765625,19515000
2021-07-13,43.67358460018745,44.04483734449812,43.6579860154062,43.85765075683594,18947700
2021-07-14,43.89819285764944,44.23824833330878,43.62365570332459,44.160255432128906,18812100
2021-07-15,44.300649726605826,44.500314441730595,44.01675123664487,44.194580078125,17974800
2021-07-16,44.20705498355783,44.341204927322856,43.97307268956239,44.16337966918945,18095400
2021-07-19,44.11657444804825,44.60637841279398,43.60493461418484,44.060420989990234,27383100
2021-07-20,43.97931942740362,44.447284077930085,43.92004195324673,44.26009750366211,19020300
2021-07-21,44.45664175210283,44.46911990496406,43.898202460691145,44.04171371459961,18591900
2021-07-22,44.02922760804443,44.338085960047835,43.926278394329884,44.072906494140625,13013400
2021-07-23,44.15089691715459,44.52527000692351,43.99179067468895,44.43479537963867,15947400
2021-07-26,44.412962181345335,44.88092678658032,44.13218056197507,44.4971923828125,18517200
2021-07-27,44.61262305669287,44.61262305669287,44.28816614921746,44.500308990478516,15395700
2021-07-28,44.45040744926385,44.69063067129436,44.194589211570936,44.31937789916992,14071500
2021-07-29,44.50031509185537,44.56583342460668,44.30689123510995,44.375526428222656,11063100
2021-07-30,44.05107532642836,44.60015337396306,44.05107532642836,44.47224426269531,16332300
2021-08-02,44.55958491783295,44.57206306799788,44.19769000076065,44.36927795410156,19958400
2021-08-03,44.43791975781577,44.89340622443334,44.412963453766785,44.868446350097656,18915300
2021-08-04,44.7311737781536,44.90588217909433,44.53151264467159,44.56270980834961,15301500
2021-08-05,44.99635392238693,45.405041024685644,44.92147787813557,45.389442443847656,27005400
2021-08-06,45.61407228283547,45.695185626633226,45.220980145616544,45.30833435058594,19263600
2021-08-09,45.520471635121694,45.69830045384151,45.36136539762109,45.41752243041992,15811800
2021-08-10,45.851175610942164,46.46888877424236,45.626551019611746,46.3846549987793,38262000
2021-08-11,46.643586430983596,47.28937980014893,46.53439636790762,46.79957580566406,41455800
2021-08-12,46.65554376821985,47.03442286770331,46.59604816438821,46.67433166503906,18269100
2021-08-13,46.774519715821896,47.081382671732165,46.70563555063677,46.82149124145508,15981300
2021-08-16,46.86845964716518,47.51036561397426,46.66806022501933,47.2035026550293,47791500
2021-08-17,47.093907667757755,47.75146962191421,46.686848577167495,47.18784713745117,50950200
2021-08-18,47.14088214705284,47.77339242110112,46.661799780169325,46.686851501464844,28211700
2021-08-19,46.445735365127575,47.17531688652633,46.34240375371959,47.00309753417969,22630500
2021-08-20,47.11896787086108,47.50724272084266,46.89038835639793,47.422698974609375,19400400
2021-08-23,47.4477409068185,47.529156312365764,47.09704189736894,47.10956954956055,16166100
2021-08-24,47.125223953333666,47.125223953333666,46.56159787659499,46.62422180175781,18828900
2021-08-25,46.47079719408962,46.743212721217375,46.351809577795734,46.64301300048828,21921300
2021-08-26,46.176457705288385,46.42695700402157,45.925958406555196,46.138885498046875,23466900
2021-08-27,46.18898532630954,46.24534901664312,45.772530434104205,45.87899398803711,23088600
2021-08-30,45.847682834583246,46.342417652619154,45.72243138165044,46.24848175048828,16440600
2021-08-31,46.33928963947265,46.48019349363242,46.10444629911471,46.37373352050781,25078500
2021-09-01,46.20464106678935,46.32049676780435,45.8946461707637,46.27352523803711,19056600
2021-09-02,46.379989533592045,46.589784714111445,46.24534593517651,46.517765045166016,20018100
2021-09-03,46.405038858041976,46.85906590666884,46.31109938526528,46.73381805419922,17211900
2021-09-07,46.64614880869494,46.708772743523674,46.048082347545616,46.11383819580078,25345200
2021-09-08,46.01363665544598,46.442615608931625,45.94474889647605,46.1733283996582,19508400
2021-09-09,46.173318755804466,46.22029027869146,45.666059992811384,45.84767150878906,22328700
2021-09-10,46.0919117478115,46.10443939971319,45.5376814041688,45.68172073364258,15775200
2021-09-13,45.87899180096788,46.07625933259423,45.29031753588191,45.42182922363281,19529400
2021-09-14,45.55334391281575,45.678595365808334,45.06486933796712,45.18385696411133,16533900
2021-09-15,45.11183497810419,45.32475847860323,45.0241593308077,45.26213455200195,14850000
2021-09-16,45.22769397527351,45.500113092657706,44.99285064996122,45.412437438964844,18428400
2021-09-17,45.13375324552502,45.76626711647457,45.0961810379181,45.31849670410156,73032600
2021-09-20,44.93334513779856,45.46252727305436,44.344674581162145,44.69537353515625,25054500
2021-09-21,44.682862243376796,45.27153659895133,44.673470085704324,44.78306198120117,17437500
2021-09-22,44.9239532153124,44.964660911858985,44.55446636752026,44.67971420288086,15044400
2021-09-23,44.84568036957916,44.97406013769452,44.60457323180565,44.70477294921875,15585300
2021-09-24,44.62023311033193,44.99285196182254,44.61710119699716,44.83002471923828,13360500
2021-09-27,44.73608583855032,44.9490093466023,44.413566871633975,44.54195022583008,21250800
2021-09-28,44.42609510527485,44.485590709973316,43.83429247225956,43.99398422241211,20580900
2021-09-29,44.04095268725889,44.410443223164286,43.93762462717963,43.975196838378906,21375600
2021-09-30,44.037822504096695,44.379125804534176,43.60257972105153,43.64328384399414,22457700
2021-10-01,43.60570623041412,43.72156193460591,42.55987297949438,42.91370391845703,30014400
2021-10-04,42.92622441359153,43.28318723602561,42.18098680624352,42.50037384033203,29970300
2021-10-05,42.569257588691364,43.12035596005459,42.553601608923465,42.779052734375,20597400
2021-10-06,42.66007132171611,43.14541393172035,42.625627444549224,43.09218215942383,19376700
2021-10-07,43.4554098077314,44.05661176476126,43.44914956431362,43.599449157714844,21068100
2021-10-08,43.7309684753418,43.86561210852649,43.52743706858116,43.7309684753418,13847400
2021-10-11,43.68711825250487,44.08165328212078,43.66206653232281,43.69024658203125,13048200
2021-10-12,43.6307597741214,43.96580283133495,43.54621603148692,43.64328384399414,15789300
2021-10-13,43.68084961030787,43.84054131894718,43.2518671689575,43.32701873779297,17937900
2021-10-14,43.36773960916954,43.85934253484969,43.36773960916954,43.79671859741211,19783500
2021-10-15,44.031555733673436,44.181855312372434,43.824892469178074,44.00963592529297,20737200
2021-10-18,43.83742142084144,44.46679980547612,43.78418964658247,44.363468170166016,19887000
2021-10-19,45.28718515728934,45.594048147837924,44.98345407992641,45.305973052978516,33444300
2021-10-20,45.36860054226812,45.8696027719598,45.36860054226812,45.71617126464844,17453700
2021-10-21,45.89778318066764,46.00424315418137,45.6566760125402,45.96980285644531,13954500
2021-10-22,46.060600629932935,46.8715941010719,46.060600629932935,46.448875427246094,21195600
2021-10-25,46.58665078128375,47.131485394217904,46.345543646482,46.987449645996094,19287900
2021-10-26,46.96866580658384,47.1408852034546,46.48645507877054,46.5772590637207,17418600
2021-10-27,46.64300679126018,46.66179468432387,46.15140399255279,46.19524002075195,14565600
2021-10-28,46.448889700549564,46.649289195140504,46.25162211995391,46.483333587646484,12598500
2021-10-29,46.314233604391234,46.99997566439618,46.2046417280234,46.787052154541016,22022700
2021-11-01,46.962407981061084,47.20351516748989,46.76514041948767,46.902915954589844,12549600
2021-11-02,46.95927257153648,47.02502841548139,46.74321356037495,46.88098907470703,13638900
2021-11-03,46.84342428025678,47.05947974218876,46.66494103265077,47.0250358581543,14209500
2021-11-04,47.025025875767,47.54794426928822,46.91543041949466,47.36946105957031,15149100
2021-11-05,47.594910266141085,47.594910266141085,46.84967266095962,47.040679931640625,15081900
2021-11-08,47.03754134160662,47.12834530295941,46.570986718078196,46.740074157714844,15373200
2021-11-09,46.818372201997626,46.92796768071082,46.61484081303765,46.902915954589844,15001800
2021-11-10,46.571001665719564,46.84968104760638,46.33615832233937,46.480194091796875,16803600
2021-11-11,46.583521400217315,46.65240915676207,46.40190985270146,46.49897766113281,13603200
2021-11-12,46.65552858901418,46.73067656841699,46.198366137616,46.26725387573242,18313800
2021-11-15,46.38937360933336,46.483313070600396,45.84140715506783,46.001102447509766,28896000
2021-11-16,45.434358572978624,45.929093377126335,44.557609177336,44.83002471923828,73986600
2021-11-17,44.82689602762144,45.315370584582986,44.40730922976951,44.444881439208984,33116100
2021-11-18,44.50750580290662,44.86759697264933,44.1067069298732,44.8268928527832,24394200
2021-11-19,44.97093164386044,45.08991926526342,44.444881295732756,44.58578872680664,28119300
2021-11-22,44.67033373508156,45.515771178641664,44.46367045256133,45.33415603637695,29126400
2021-11-23,45.16819133150215,45.70989756856671,44.8550681410481,45.65666580200195,29907900
2021-11-24,45.631618902879154,46.048073724988505,45.60343527074366,45.885250091552734,18089400
2021-11-26,45.853941535997386,46.30484030122743,45.221431216033345,45.37173080444336,21039600
2021-11-29,45.40304406969301,45.481327571167405,44.53569039406034,44.66093826293945,33039600
2021-11-30,44.30084615631853,44.62023323226542,43.840551647320844,44.034690856933594,64818900
2021-12-01,43.997119872830666,44.06287572652861,42.9105787465466,42.941890716552734,36621300
2021-12-02,43.09531040469354,43.34894159222022,42.34694449341676,42.41896057128906,39805800
2021-12-03,42.541092209876524,43.17360261080598,42.36261254561335,43.05774688720703,44142600
2021-12-06,43.07339326976108,43.63701936036249,42.92935752165904,43.5242919921875,32589300
2021-12-07,43.71216772064766,43.78418738701218,43.23934918655808,43.38338851928711,37739100
2021-12-08,43.22995812984449,43.36773363998367,42.58805210918666,42.94501495361328,34496400
2021-12-09,42.95445095469063,43.56435905483805,42.665219523763,43.542354583740234,32351700
2021-12-10,43.49204477738084,44.422622175190995,43.2499668582233,44.337738037109375,38575500
2021-12-13,44.089369385495694,45.19286304830985,44.01705975116726,45.13627243041992,54039300
2021-12-14,45.051399554590574,45.673882115442716,44.689854890500925,45.56698989868164,46721400
2021-12-15,45.651876908597856,46.04800416188362,45.082840420467186,45.82793426513672,33489900
2021-12-16,45.827925909009224,46.066859307379836,44.92249749209685,45.063968658447266,39069600
2021-12-17,44.87848060894002,45.255744241915544,43.50776351135778,43.620941162109375,78581100
2021-12-20,43.42288406748832,43.93532987340246,43.25940482119273,43.762420654296875,31017900
2021-12-21,43.66809986286338,43.96990934147962,43.38829844972523,43.89445877075195,24620400
2021-12-22,43.98249166260268,44.01078877978155,43.551785433522426,43.951053619384766,17028000
2021-12-23,43.95104674254532,44.064227997844924,43.652381780852565,43.85358810424805,17592600
2021-12-27,43.88816785521913,44.28743955089195,43.87873788347452,44.25285339355469,16040700
2021-12-28,44.20255046680759,44.94764047823398,44.20255046680759,44.887908935546875,15783000
2021-12-29,44.850182930261795,45.12369885887367,44.74329073801404,44.865901947021484,13045200
2021-12-30,45.038829496877945,45.17715976800178,44.793606998457776,45.01053237915039,14949000
2021-12-31,45.019966174127525,45.59843625741035,44.931937492262136,45.488399505615234,17947800
2022-01-03,45.271471576483954,45.51983498825988,44.96022848242604,45.47582244873047,20706600
2022-01-04,45.28403859516177,45.62986419811319,44.56724199663484,44.64269256591797,33930000
2022-01-05,44.90992654120797,45.884520155504,44.875343978244715,45.246315002441406,35418000
2022-01-06,45.151993912279146,45.47266690212724,44.76844485324386,45.12055587768555,21828900
2022-01-07,45.114274301904466,45.69903335530089,44.9445060087059,45.55126953125,19723500
2022-01-10,45.72418328624597,45.771340346912545,44.99481211308877,45.4632453918457,22731600
2022-01-11,45.33749510993248,45.46639540875204,45.01367749766641,45.3343505859375,21668700
2022-01-12,45.170867385907144,45.25889606083862,44.95708654494774,45.09541320800781,18946800
2022-01-13,45.09226978995893,45.799636478330584,44.99166662355549,45.73361587524414,24252600
2022-01-14,45.34062724746596,46.098295419862815,45.34062724746596,45.60470962524414,26867400
2022-01-18,45.40036060562299,45.49153379093733,44.6835640097116,44.806175231933594,21123900
2022-01-19,44.81246189915431,45.58270821574719,44.61754462588558,45.252601623535156,22674000
2022-01-20,44.752727945811834,45.41607842228569,44.350315327478185,44.3974723815918,22387200
2022-01-21,44.39749091158573,44.724449501516844,44.03280522347668,44.073673248291016,27508200
2022-01-24,43.721560856130566,44.18056427704278,43.168243290225185,44.07681655883789,28699200
2022-01-25,44.010781502873556,44.13024820606062,43.01103534371983,43.11792755126953,29479500
2022-01-26,43.177655201536496,43.633513907329196,42.49229668022953,42.67778396606445,26185500
2022-01-27,43.04561026792421,43.72468328179997,42.55831356936772,42.70607376098633,27759000
2022-01-28,42.75638230905164,43.24996813377615,42.111895343123415,43.234249114990234,25131900
2022-01-31,43.099062464343255,44.02649894410306,42.97645124217767,43.95418930053711,20193600
2022-02-01,43.765549542658434,44.375457421742155,43.6963880327503,44.30000686645508,20323200
2022-02-02,44.32831932891229,44.529525692845944,44.06109235167876,44.28116226196289,18149700
2022-02-03,44.0956687571634,44.6395562077142,43.941619481710376,44.32516860961914,20741100
2022-02-04,44.29372882984602,44.32831139232126,43.49519256515027,43.803287506103516,22036500
2022-02-07,44.032787224057785,44.03592814941027,43.262540942173096,43.37257766723633,20010300
2022-02-08,43.485759101254075,43.77499409779561,43.2311066672725,43.38201141357422,19458900
2022-02-09,43.54234926966645,43.63351886246695,43.218531713990714,43.287696838378906,21473700
2022-02-10,42.92930015005631,43.07391585942377,42.5866190241846,42.78153991699219,27810600
2022-02-11,43.01418294040627,43.12736060493465,42.181060481943724,42.54574966430664,23733300
2022-02-14,42.54574720202034,42.743809002945675,41.722058362019496,42.11189651489258,29363400
2022-02-15,42.36026445465146,42.652640402374765,42.061599459421,42.24394226074219,21824400
2022-02-16,42.23135842909354,42.40426762093553,41.71890910612722,41.9798469543457,28490700
2022-02-17,42.12761540899931,43.847302731032535,42.05845028548105,43.66181182861328,53831400
2022-02-18,43.41659397613417,43.885027234579944,43.12107353048816,43.38201141357422,31103400
2022-02-22,43.3128448046657,43.46060862027964,42.73751935477055,42.897857666015625,25380900
2022-02-23,43.02675816391159,43.130505857254285,42.3917011049603,42.45772171020508,21030900
2022-02-24,42.09931057575668,42.4451361299283,41.50198076088165,42.29423141479492,31717500
2022-02-25,42.38227597299446,43.001614082291276,42.15591701640416,42.875858306884766,24997800
2022-02-28,42.44200035883443,42.77839241388392,42.055306721701385,42.49230194091797,26286600
2022-03-01,42.715519218800786,43.35057628573668,42.44829227081146,42.75324630737305,24024900
2022-03-02,42.64949240359205,43.017322468988006,42.49858766912569,42.80668258666992,23863800
2022-03-03,43.161935152421734,44.16168119732542,42.92929081937907,43.790706634521484,29885100
2022-03-04,43.325418154194566,44.93821307304692,43.25625303901738,44.90048599243164,35576400
2022-03-07,44.42261446046524,45.15513353934106,44.15538759754145,44.538936614990234,45870000
2022-03-08,44.48551446414251,44.78732401895919,43.56750770318485,43.6178092956543,28305600
2022-03-09,44.0139226283935,44.08937319424579,43.42916365323864,43.844154357910156,22122900
2022-03-10,43.85358367326556,44.95707741489569,43.702678945966426,44.84075164794922,27512700
2022-03-11,44.737013017436624,45.287185894761706,44.604968216853905,44.664703369140625,19162200
2022-03-14,44.648976605153024,45.5386859053762,44.63954663424495,45.28717803955078,22646400
2022-03-15,45.43809107465412,45.947395945352895,45.22431024904164,45.83107376098633,22872600
2022-03-16,45.70845919980325,46.19575596838658,45.17714989904665,45.695884704589844,24615900
2022-03-17,45.58858516394962,45.856845645768225,45.02050095677344,45.76531982421875,19023000
2022-03-18,45.81896049215474,45.94204591283367,45.48126746528663,45.90101623535156,31233300
2022-03-21,45.897865103981395,46.4848857279264,45.32662790541411,45.51914596557617,21350700
2022-03-22,45.63908310131584,45.75269850253512,45.12465169252083,45.383445739746094,20235000
2022-03-23,45.17514958375771,45.36135431521816,44.66387484074389,44.799583435058594,19625400
2022-03-24,44.938443391144055,45.41815844307943,44.77748494144145,45.077308654785156,13440900
2022-03-25,45.272979736328125,45.42446812957607,44.897413632723364,45.272979736328125,14085300
2022-03-28,45.288757432218574,46.096699103500626,45.22563817426105,46.077762603759766,20105700
2022-03-29,46.26712219031139,46.74052383012076,46.156659881413,46.46595001220703,19934400
2022-03-30,46.434389738072255,47.39697650480719,46.40598679363555,47.29914093017578,24991500
2022-03-31,46.95828728387989,47.510587982869296,46.765769224028915,46.99931335449219,27163800
2022-04-01,47.23285431169866,47.74097222086831,46.97406394159386,47.65891647338867,20939700
2022-04-04,47.62735868549296,48.35008423993105,47.36541162042558,47.66838836669922,25332600
2022-04-05,47.61789552819481,48.39112093078434,47.61789552819481,47.80410385131836,18657900
2022-04-06,47.66208682643214,49.05073239739759,47.49797528441015,48.91502380371094,28018500
2022-04-07,48.9497325311532,49.719797596677616,48.74143464428615,49.404197692871094,27088200
2022-04-08,49.52097781860219,49.99437955717933,49.30005676648162,49.67877960205078,23294400
2022-04-11,49.539902802782834,49.940715122131095,48.485793924567496,48.694091796875,24712800
2022-04-12,48.67832236967527,49.044418455084745,48.14495444665832,48.35956573486328,26761200
2022-04-13,48.42899102863272,49.79869987310267,48.39743139968767,49.618804931640625,29284500
2022-04-14,49.584093367490595,49.95650280354706,49.369485703044475,49.57462692260742,22360500
2022-04-18,49.47047763079397,49.858666880172535,48.98445280063064,49.19590377807617,14671800
2022-04-19,49.44523023079535,49.84920292801853,49.24640237375474,49.754520416259766,15855000
2022-04-20,49.975436926543495,50.60664037117494,49.95650042591005,50.3794059753418,19821600
2022-04-21,50.47093423494193,50.73919471865275,50.20267375123111,50.45515441894531,18168300
2022-04-22,50.57508450663838,50.60980082509005,49.442076352043095,49.50519561767578,21046200
2022-04-25,49.35055373542284,49.69771694250637,48.71304044284779,49.53044509887695,18057600
2022-04-26,49.350540962551115,49.90599833835298,48.981288273691035,49.012847900390625,19601100
2022-04-27,49.08544376365528,49.296894735486475,48.60888539096351,48.67831802368164,17496900
2022-04-28,48.99075868260476,49.54306302985776,48.63413270497125,49.300048828125,14955900
2022-04-29,49.17381869443541,49.30321391879108,48.1954519619189,48.28382110595703,21088800
2022-05-02,48.90554734852633,48.91501740457829,47.441159569650424,47.965057373046875,20016000
2022-05-03,48.107085585587264,48.690946039620925,47.90194435229288,48.13233184814453,17950500
2022-05-04,47.98084010045025,48.861367554787485,47.81672856993607,48.798248291015625,20022600
2022-05-05,48.66520731993241,48.72539147693641,47.95569182351478,48.38013458251953,23234400
2022-05-06,48.05389228444838,48.763407917646965,46.964277178159094,47.37288284301758,34258200
2022-05-09,47.02762361622723,48.494166226836306,46.938933266962515,47.927188873291016,28207200
2022-05-10,47.965197614842126,48.23760136694147,47.05613147114591,47.25251388549805,24861300
2022-05-11,47.32220544030182,47.74981646195553,46.53350388916045,46.75839614868164,27878700
2022-05-12,46.83440354045309,47.55975622464099,46.40996077275722,46.71403884887695,25244400
2022-05-13,46.7868964072968,46.999115998593375,46.28960042112573,46.894588470458984,19962300
2022-05-16,47.31585783098607,47.426721666582075,46.39095460564512,46.94526290893555,21449100
2022-05-17,43.21397362144793,43.53388890362334,41.38000049773521,41.60489273071289,132940200
2022-05-18,40.55328799693878,40.62930933551512,38.49442265919073,38.77949905395508,104253000
2022-05-19,38.28537830444005,38.57678744801755,37.56635811457479,37.71522903442383,71008500
2022-05-20,37.89576727131774,38.275863052812554,37.145072937387845,37.75639724731445,49356000
2022-05-23,37.98445807176976,39.203942287906855,37.96545636181583,38.83334732055664,43680900
2022-05-24,38.393070771828754,39.45101164880644,38.35189555949111,39.31797790527344,34584900
2022-05-25,39.27679823067408,39.48902148361233,38.83335363665066,39.077247619628906,27121800
2022-05-26,39.68857327772899,40.03699481732578,39.403500449895674,39.91029739379883,28197600
2022-05-27,39.748750631215145,40.740170849774515,39.69173462547583,40.69582748413086,25299900
2022-05-31,40.37273699870287,41.14560116458145,40.360064360815755,40.74333190917969,36912300
2022-06-01,40.70216631824799,40.83520006014103,39.49218999920363,39.736083984375,28534800
2022-06-02,39.77409154408428,40.394916832572605,39.381323045286635,40.38858413696289,23214300
2022-06-03,40.12250784411706,40.36006908374996,39.62204733590482,39.69490051269531,18302700
2022-06-06,39.85327045798915,40.00530949949953,39.463670187562734,39.55236053466797,19855500
2022-06-07,38.40257443472518,39.11525829551301,38.28854240707289,39.077247619628906,47707800
2022-06-08,38.75415657135483,39.24828438685158,38.62745917629748,38.738319396972656,22522800
2022-06-09,38.64328865399515,39.387646576391944,38.32337344531746,38.3328742980957,19880100
2022-06-10,37.930614104471154,38.877690943978656,37.80074491960861,38.54827117919922,25238100
2022-06-13,37.92744929208264,38.40257183376167,37.72156237403542,37.82292175292969,24897900
2022-06-14,37.73422522450857,38.00979712363011,37.43014713751127,37.83875274658203,21544200
2022-06-15,38.00030072501008,38.13966714588597,37.34462932781313,37.81341552734375,25914000
2022-06-16,37.48717183425654,38.56728256311448,37.44916115834016,38.20619201660156,30706800
2022-06-17,38.01614211481688,38.288542291436734,37.36680696586526,37.46816635131836,36838800
2022-06-21,37.47133390723088,38.89036528068011,37.44599224882768,38.697147369384766,23916600
2022-06-22,38.67497557101902,39.039234252588486,38.19668486965801,38.22835922241211,20235000
2022-06-23,38.56410664740034,39.264121351014275,38.38989773012919,39.156429290771484,18040800
2022-06-24,39.30529925918431,39.691731377851426,39.01072202431274,39.18810272216797,31845900
2022-06-27,39.207100775176755,39.51118246098893,38.89352186074957,39.314796447753906,19889100
2022-06-28,39.48583922152061,39.77408009838973,38.73514495294491,38.7604866027832,15399000
2022-06-29,38.92520050849888,39.0709068610212,38.317044319440896,38.61795425415039,19111500
2022-06-30,38.288537643569036,38.662304410065346,37.97495866878171,38.5102653503418,19166100
2022-07-01,38.62429001601754,38.934700800806084,38.377224302220085,38.84284591674805,17460900
2022-07-05,38.709809305378556,39.43833012820013,38.5197596070563,39.35597610473633,18218100
2022-07-06,39.42882914457792,39.99897829008293,39.371816767455186,39.63471603393555,21300000
2022-07-07,39.65372168453629,39.76141736980078,39.314801079323935,39.69490051269531,17487300
2022-07-08,39.8532714434326,40.10350531733447,39.64105186196913,39.720237731933594,14751000
2022-07-11,39.599882081980205,40.01482411016811,39.473184661090684,39.736083984375,11532900
2022-07-12,39.62838766750849,40.2682182743922,39.504854795421984,39.61571502685547,13732200
2022-07-13,39.41615431008862,40.05598475261225,39.24827811353231,39.710731506347656,12689100
2022-07-14,39.327466899958374,40.64514217037788,39.32113420568447,40.48676681518555,20905500
2022-07-15,40.79719111278622,41.26280918777251,40.5596298347613,40.882713317871094,21184200
2022-07-18,40.74967853212321,41.272316276720034,40.62614926967093,40.787689208984375,14243700
2022-07-19,40.9840664330223,41.164611671751274,40.73383617673904,41.03791427612305,16995300
2022-07-20,41.33882586285411,41.59222428910455,41.018910576269,41.380001068115234,18564900
2022-07-21,41.39267016898715,41.988157325985206,41.33565416861934,41.984989166259766,18764700
2022-07-22,41.9818163282706,42.25105187658333,41.56687444799812,41.877288818359375,13616400
2022-07-25,41.93431232719807,42.03250353596082,41.63973507601286,41.817115783691406,20535300
2022-07-26,38.367723493189054,38.861851296471805,38.02880289493259,38.636959075927734,95391600
2022-07-27,38.40256867420136,40.154187788720805,38.33605181383074,40.097171783447266,42159600
2022-07-28,39.9958072079277,41.33882050545257,39.9958072079277,41.09809112548828,33262200
2022-07-29,40.64514452879779,41.89313123544596,40.54694970044083,41.82661437988281,30141900
2022-08-01,41.51303680337464,42.51712598943841,41.49403146903096,41.9818229675293,24996300
2022-08-02,42.17503206562907,42.35241274788945,41.62072377713413,42.026161193847656,19695000
2022-08-03,41.86146123152616,42.108523345698906,41.132940279604895,41.33565902709961,32003100
2022-08-04,41.38950710698203,41.43068231379396,39.698072094942695,39.77408981323242,53106000
2022-08-05,39.755084946288726,40.166858768647224,39.63155569949894,40.0940055847168,32007000
2022-08-08,40.116179439104776,40.610307305367805,40.10351042327681,40.420257568359375,18175200
2022-08-09,40.50894440308461,40.851033174945215,40.293553028270495,40.819358825683594,19325100
2022-08-10,41.177276617849444,41.2247881365157,40.667311676059335,40.90487289428711,25251000
2022-08-11,41.26118215237343,41.474329655271106,40.911243218355374,41.29935836791992,23854500
2022-08-12,41.35661700627736,42.26010009900706,41.29935632647234,42.062862396240234,26625000
2022-08-15,41.87516577524587,42.49233452992991,41.789271117215776,42.18375015258789,26516100
2022-08-16,44.18795193732158,44.833751001184126,43.96208027064873,44.33747482299805,91773300
2022-08-17,44.08297257415358,45.40320478206582,44.028890211410705,44.385196685791016,41792100
2022-08-18,44.388376028771184,44.67151204006072,44.06070716818124,44.24203872680664,19197600
2022-08-19,44.194318844519614,44.24203729095824,43.55488001205298,43.589874267578125,22918800
2022-08-22,43.32901674051878,43.49444216265667,42.769108590480705,42.81046676635742,18667200
2022-08-23,42.823190896570445,42.93453759104045,42.3778114000594,42.62913513183594,16955100
2022-08-24,42.74047608377979,43.03951825247274,42.50188019671687,42.93771743774414,15766500
2022-08-25,43.03634166727859,43.262213390870585,42.956807267871895,43.224037170410156,19414500
2022-08-26,43.300376995639546,43.5294306302407,41.836989494368446,41.865623474121094,21331800
2022-08-29,41.62066396178422,42.587771628279825,41.54431153619255,42.272823333740234,17381700
2022-08-30,42.419170455544574,42.51778931907947,41.91016634631489,42.14558029174805,14468100
2022-08-31,42.24100968971784,42.56232188970587,41.97060153229046,42.167842864990234,22460700
2022-09-01,42.164668612583206,42.99179938406224,42.12012847737418,42.781837463378906,21741900
2022-09-02,42.89953539242088,43.160397669286574,42.132847428053246,42.310997009277344,17234400
2022-09-06,42.3269117711554,42.50824698762444,41.58567567649863,42.101043701171875,21899700
2022-09-07,42.33009539787107,43.25584870378859,42.228294572245524,43.18267822265625,17058900
2022-09-08,43.07450343454231,43.542152916081854,42.90907804165168,43.40217590332031,16956000
2022-09-09,43.36083393299956,43.742585230280326,43.30675155870785,43.532623291015625,16140600
2022-09-12,43.60895995141456,43.98116890991393,43.57396569783367,43.92390823364258,14284500
2022-09-13,43.53897448811946,43.88573509044825,42.886815096063536,43.01724624633789,17687400
2022-09-14,43.14767802393865,43.43399235152645,42.66094403110782,42.92180633544922,19934700
2022-09-15,42.96316180851957,42.994974105065594,42.30145657458396,42.46052169799805,20189400
2022-09-16,41.99287560403907,42.80410015375248,41.763821953388685,42.3714485168457,41874300
2022-09-19,42.25373809888999,42.87090320466303,42.1423914203763,42.73411178588867,16853100
2022-09-20,42.463707105277315,42.59095995339281,42.164668555267006,42.48597717285156,13963500
2022-09-21,43.08724345387294,43.72667878387786,42.826377459994454,42.87409591674805,24903600
2022-09-22,42.81046481382007,42.85818326333525,42.26010256363241,42.43507385253906,16744500
2022-09-23,42.26965048885704,42.3682693507769,40.9653242947173,41.375709533691406,27195300
2022-09-26,40.95896978868961,42.0374207865784,40.80626853691071,41.77337646484375,23011200
2022-09-27,42.06605496344356,42.447806274265176,41.452067994859476,41.658851623535156,17171700
2022-09-28,41.805180485570766,42.51778618598104,41.26754607252865,42.34599685668945,16838400
2022-09-29,42.47006009165138,42.66730140936487,41.87516146237446,42.0723991394043,15241500
2022-09-30,42.06923098133295,42.10740355854502,41.26118469238281,41.26118469238281,19602300
2022-10-03,41.43295691199796,42.244181183335165,41.359786464711185,42.161468505859375,17574900
2022-10-04,42.584593059311686,43.01088442763199,42.42871351924454,42.70866394042969,16134300
2022-10-05,42.55277919817822,42.82636933380771,42.15511818598359,42.285552978515625,14553900
2022-10-06,42.33645460703537,42.7818340797934,41.859262834892384,41.891075134277344,14200500
2022-10-07,41.773374348554015,41.88153545432302,40.742638220751004,40.898521423339844,17080500
2022-10-10,41.207095857133375,41.334348683257254,40.80943487126571,41.140289306640625,11411700
2022-10-11,41.200732666980024,42.56550132081865,41.18482651851999,42.206016540527344,21276000
2022-10-12,42.31418493826805,42.87408942220293,41.665203830808814,41.72882843017578,16947600
2022-10-13,41.127567629500696,42.29191303830066,40.83807134611328,42.08195114135742,20545500
2022-10-14,42.13284697991469,42.3809850642002,41.37251929826269,41.493408203125,16641000
2022-10-17,41.662015174618645,42.25691746138293,41.544308228439995,41.792449951171875,17812500
2022-10-18,42.44779242638491,42.97906649831647,42.41598013091842,42.67366409301758,16842300
2022-10-19,42.73411535364376,42.86136455035856,42.301460075308036,42.55278015136719,11339400
2022-10-20,42.622766364772986,43.07450608568059,42.51778359874038,42.65776062011719,12754800
2022-10-21,42.886822255487104,43.7139530657592,42.62913822918215,43.519893646240234,18134700
2022-10-24,43.7266717496415,44.69060116814887,43.6248709353364,44.35020446777344,18806700
2022-10-25,44.24840269365436,44.6778723667177,44.00344289674689,44.56016540527344,15051300
2022-10-26,44.652424171107796,45.186880257197664,44.48063484488906,44.90056228637695,20754300
2022-10-27,44.859214421232984,45.205975083226306,44.63016073867088,44.770137786865234,16602900
2022-10-28,44.553804884598364,45.460466314458614,44.55062292660957,45.33639907836914,13648200
2022-10-31,45.2823148008719,45.51454675466057,45.100983250700196,45.27913284301758,22572000
2022-11-01,45.48274193110035,45.66725546944519,45.015095988826225,45.075538635253906,14814300
2022-11-02,44.90693187170237,45.67362002043811,44.76059455048221,44.7765007019043,15522000
2022-11-03,44.38201930129214,45.08190084977274,44.24522422171614,44.76695251464844,10976400
2022-11-04,45.183692199419404,45.24095287330602,44.15295638125542,44.84647750854492,14669400
2022-11-07,44.93873743296619,45.482735739498914,44.93873743296619,45.31731033325195,11364000
2022-11-08,45.358673327725505,45.83268317262373,45.018272964523774,45.425479888916016,15068400
2022-11-09,45.41593561696878,45.54318846796094,44.28658067206642,44.36929702758789,15932100
2022-11-10,45.336403297190536,45.393663983580524,44.696964387254226,45.2886848449707,20310600
2022-11-11,45.387299621623356,45.53045860607926,44.53471691225323,45.35866928100586,19270800
2022-11-14,45.05962138092388,45.594077395369496,43.987531035123276,44.02570724487305,37525800
2022-11-15,46.32258782819648,47.80506328528252,45.98537314651381,46.904762268066406,76548600
2022-11-16,47.044747767176226,47.7828055489385,46.8029735448107,47.24198913574219,32593200
2022-11-17,46.76796782118304,47.31514801690671,46.67252729827561,47.08291244506836,24791400
2022-11-18,47.61420131265576,47.795536542274746,47.327886936191604,47.792354583740234,18987000
2022-11-21,47.91324008634541,48.39997412735158,47.77962332227424,48.085025787353516,21157200
2022-11-22,48.35543554913745,48.49859090058871,48.07548148120438,48.256813049316406,16898400
2022-11-23,48.380887078172265,48.791272332241995,48.317262473391274,48.489051818847656,16920600
2022-11-25,48.393607020020305,48.70218775916099,48.31089067847219,48.69582748413086,8777400
2022-11-28,48.58448390908037,49.19528879206238,48.58448390908037,48.8358039855957,17674800
2022-11-29,48.68310882239643,48.89943830921656,48.530407582650604,48.664024353027344,13841700
2022-11-30,48.54949446525267,48.60039487721439,48.10093663272513,48.489051818847656,31338000
2022-12-01,48.37133994899926,48.867619825578274,47.95140886229471,48.79126739501953,22732200
2022-12-02,48.19000137149915,48.74990944788882,48.19000137149915,48.74354553222656,20733000
2022-12-05,48.594029792272615,48.673560540378475,47.88142045464386,48.24408721923828,23608200
2022-12-06,48.10093032958988,48.326798375101625,47.46785540106004,47.684181213378906,20625600
2022-12-07,47.87823643094466,48.10410445678228,47.343780401592795,47.436038970947266,17550300
2022-12-08,47.63083561660348,47.66915209464059,47.305121799629745,47.509490966796875,13512600
2022-12-09,47.0911684864652,47.17100270092108,46.372682482814994,46.401424407958984,27929400
2022-12-12,46.5898243446371,47.29234789891748,46.48125551258282,47.26679992675781,19432200
2022-12-13,47.89906371672036,47.962928160500375,46.85805793459023,47.09755325317383,23408100
2022-12-14,46.96983307656788,47.42966377077523,46.60899302716172,46.835716247558594,20334600
2022-12-15,46.48764508866379,46.75587870672435,45.86495572741296,46.41739273071289,17514000
2022-12-16,46.136379369580226,46.213019627875376,45.52646587401737,45.58394241333008,40343100
2022-12-19,45.66697295844696,45.84260386157582,45.25823460528102,45.59991455078125,15067500
2022-12-20,45.63823302905118,46.18747608479142,45.42428565388276,45.99907302856445,17009400
2022-12-21,46.085291345367025,46.60260217348786,46.06613127902081,46.35991287231445,13726500
2022-12-22,46.228990861186915,46.29604926742052,45.322101745865325,45.81705856323242,13082400
2022-12-23,45.67975823934928,45.919253646190455,45.43387492401265,45.909671783447266,9547500
2022-12-27,45.99587841721101,46.12680492674256,45.72445084669308,45.92243576049805,10044600
2022-12-28,45.81385729727134,45.877721739793806,44.99638073887669,45.11772537231445,15246300
2022-12-29,45.38915894414041,45.67016472125773,45.26462034113136,45.39234924316406,9171900
2022-12-30,45.20394687428612,45.341257627597265,44.96445154429731,45.27738952636719,11505900
2023-01-03,45.52007773584778,45.890495903964656,45.37318878074174,45.85537338256836,17249700
2023-01-04,45.79790621011742,45.99908146270149,45.36681377285892,45.90647506713867,13338300
2023-01-05,45.810670498990184,46.0246178766182,45.55201508108714,45.75,13274400
2023-01-06,46.17469859063849,47.11671376293988,46.059741859865206,46.87083053588867,21231900
2023-01-09,46.723944937180725,47.21570777217765,46.23856635443539,46.28646469116211,17756700
2023-01-10,46.28326526206753,46.44612397296121,45.896881006227744,46.257720947265625,11970600
2023-01-11,46.53873790753247,46.6792389706167,46.21621438622881,46.663272857666016,14834700
2023-01-12,46.752679297034874,46.75587325009789,46.10763964583075,46.241756439208984,12472800
2023-01-13,46.47167903597263,46.56428542096694,45.938405710662664,46.395042419433594,13699800
2023-01-17,46.39503836034335,46.52915516835976,46.04697052665586,46.11402893066406,15122400
2023-01-18,46.046967591155905,46.06293370278721,44.85907280638849,44.974029541015625,22674300
2023-01-19,45.14966044796668,45.19436482967696,44.31940802505166,44.332183837890625,17342100
2023-01-20,44.5141971402391,44.95486765042006,44.12142496300675,44.878231048583984,29543100
2023-01-23,44.85268471518858,45.666967368256586,44.769660204166094,45.5488166809082,13149900
2023-01-24,46.79738650944111,46.79738650944111,45.025122510677924,45.670162200927734,13669200
2023-01-25,45.42108977864356,45.612686780233986,44.83033266160718,45.45302200317383,12491700
2023-01-26,45.67335600285374,45.90327312923526,45.26781164645123,45.41150665283203,15819000
2023-01-27,45.53604187212383,46.13318318049898,45.26461433689953,45.75957107543945,18412800
2023-01-30,45.38277103727519,45.48814957409755,45.11134346604675,45.39234924316406,15897600
2023-01-31,45.446632741478034,45.94478346899684,45.23587933498032,45.941593170166016,14103600
2023-02-01,45.87453972737104,46.49722916726897,45.56798593818082,46.197059631347656,12849300
2023-02-02,46.114026676845135,46.257725338073136,45.64461787173002,45.861759185791016,17806800
2023-02-03,45.778735321425465,45.97033232097292,44.980418753454664,45.25184631347656,17155500
2023-02-06,45.28696939464976,45.376381808913195,44.71537238838881,44.922935485839844,17454000
2023-02-07,44.632349691026505,45.12091855460145,44.28747583231068,45.018733978271484,16341300
2023-02-08,44.81117674588039,45.05705633924556,44.70260425774997,44.77605056762695,11691300
2023-02-09,44.98361029267483,45.32528653493262,44.8878099708379,45.19116973876953,13064400
2023-02-10,45.692516811748256,45.96394437151709,45.3987352333039,45.89369201660156,15002700
2023-02-13,46.209827236920745,46.660079633604745,46.14595913471272,46.593017578125,16015800
2023-02-14,46.535548353991516,46.9826032132887,46.16193615944787,46.45890808105469,13831200
2023-02-15,46.28966270307447,46.81336146288155,46.16193379393754,46.80377960205078,14674200
2023-02-16,46.45570111098371,46.61855981813885,46.04057859691913,46.06931686401367,16312200
2023-02-17,46.33755979323783,46.84209847217382,46.16512284703013,46.762264251708984,24770700
2023-02-21,45.62546454931194,47.36899053479344,45.39235343452332,47.046470642089844,54393900
2023-02-22,46.867644462014525,47.12310593690724,45.58714313391307,46.059749603271484,29844000
2023-02-23,46.101252184625096,46.101252184625096,44.9325138520636,45.37318801879883,22021200
2023-02-24,44.97402880667404,45.58075200198311,44.555708649065075,45.49453353881836,20623500
2023-02-27,45.57116702845473,45.69251165922458,44.91654554376675,45.16562271118164,16647300
2023-02-28,45.02512345697402,45.552012468673865,45.00915734476547,45.385963439941406,18054000
2023-03-01,45.04428407268591,45.114536429025144,44.50462289550946,44.75369644165039,14180100
2023-03-02,44.65470982330408,44.94210352678149,44.54613732568428,44.86546325683594,14785500
2023-03-03,45.03788944545085,45.0857877755142,44.63234513474282,44.91973876953125,16888800
2023-03-06,44.865458444632,45.018735313673645,44.71218157559035,44.91335678100586,16720800
2023-03-07,45.08260237965343,45.24226349722733,44.319408350897,44.46630096435547,17387400
2023-03-08,44.245967938276884,44.36092467963087,43.837225955134755,44.09907531738281,19090800
2023-03-09,44.33219164384412,44.38008998719801,43.72227437769469,43.80210494995117,15415800
2023-03-10,43.754201586252165,44.156555663959395,43.45722969888692,43.73823547363281,20065200
2023-03-13,43.64563152538969,44.226806778991175,43.613699301047916,43.865966796875,28142100
2023-03-14,43.96815246346325,44.15336156186937,43.74781718653106,44.09907531738281,25542600
2023-03-15,43.712688467981906,44.64512181262119,43.655208273440465,44.59083557128906,33133500
2023-03-16,44.70625751637761,44.77679779805468,44.20927217042338,44.337528228759766,28905600
2023-03-17,44.30867224735975,44.725499885418955,44.116293647689275,44.6966438293457,43081200
2023-03-20,44.921092373517624,45.504649640293614,44.828106441595075,45.1776008605957,33928500
2023-03-21,45.33471029477086,45.33471029477086,44.738324887148316,45.0236930847168,19013400
2023-03-22,45.09423455054499,45.28020273877427,44.715884086104246,44.73512268066406,18548400
2023-03-23,44.95315485429911,45.40525266188119,44.72550242848098,45.09743881225586,22044300
2023-03-24,45.21286982827206,45.68099918100618,45.08141037875489,45.46617126464844,22752300
2023-03-27,45.78360515320801,46.48579738718647,45.78039810901238,46.22608184814453,26775600
2023-03-28,46.059344739482086,46.30302870664332,45.86696613640531,46.0465202331543,21282900
2023-03-29,46.29020697598723,46.47938221586545,45.99522129644015,46.24531936645508,24216900
2023-03-30,46.65253013255961,47.00523163008719,46.49862502528954,46.70703887939453,21879000
2023-03-31,46.998805470038334,47.595187148861115,46.963535329344396,47.27775955200195,20868000
2023-04-03,47.3675475996602,47.75872629694784,47.29380392407543,47.675357818603516,19766700
2023-04-04,47.624057485733736,47.70742596647682,47.13990017096055,47.20723342895508,18113700
2023-04-05,47.187982156753364,48.056903857585176,47.17836102568838,47.98957061767578,26540700
2023-04-06,47.710632635866354,48.42886021971096,47.62085739859993,48.351905822753906,17891700
2023-04-10,48.210816478116925,48.4545004651722,48.02164123413808,48.2589111328125,14519100
2023-04-11,48.41602123200834,48.41602123200834,47.97354455644866,48.11783218383789,18370500
2023-04-12,48.02805762941783,48.40640813554857,47.82926124331905,47.88376998901367,11209800
2023-04-13,47.983163721294204,48.09538825088596,47.5182450596301,47.93186569213867,13272600
2023-04-14,47.78437534858267,48.06012246192666,47.50221414631915,47.60802459716797,10464900
2023-04-17,47.659321370866266,47.98957719770554,47.61443376123408,47.94148254394531,16166700
2023-04-18,48.02484135059649,48.20439910548923,47.915823880169725,48.04728698730469,13482300
2023-04-19,48.36472445368011,48.5474892895441,48.02164409262142,48.09859848022461,12433500
2023-04-20,48.16272241255185,48.54107290513755,47.96713674718668,48.40640640258789,13641600
2023-04-21,48.72383293255227,48.83285041750939,48.47373852924623,48.650089263916016,25335000
2023-04-24,48.64367281804649,49.041261878129355,48.64367281804649,48.98033905029297,13579500
2023-04-25,49.150283408128495,49.29777441979392,48.52183483029756,48.59878921508789,17246700
2023-04-26,48.40961452499786,48.5474880748479,48.165930529534485,48.387168884277344,12910200
2023-04-27,48.34548239919663,48.717422463699606,48.34548239919663,48.537864685058594,12861000
2023-04-28,48.50900980161496,48.79116731424591,48.153104949249865,48.40640640258789,14088600
2023-05-01,48.42885084149434,48.909804721176684,48.393580694617,48.60519790649414,11409600
2023-05-02,48.566725559691285,48.573135978759666,47.922245437245664,48.47373962402344,11329500
2023-05-03,48.59557790915812,48.76872159036523,48.18195730065078,48.29418182373047,12334500
2023-05-04,48.455113383961816,48.596729908408044,48.113948981124004,48.42936325073242,14011200
2023-05-05,48.37464379715008,48.925013718136185,48.22337328621476,48.84777069091797,14556000
2023-05-08,48.68684168850947,49.22755760333362,48.619252659572176,49.15353012084961,14926200
2023-05-09,49.15352784446552,49.301582802576874,49.03122301602271,49.23720932006836,15209700
2023-05-10,49.46573427546793,49.67815906603634,48.673973834855424,49.098819732666016,15827700
2023-05-11,49.098817050522285,49.33055350787649,48.9218000847115,49.28227615356445,11926800
2023-05-12,49.43676030704554,49.58803080678131,49.15030807386599,49.266178131103516,16119300
2023-05-15,49.40457914325524,49.517226299095675,48.722246704570864,48.883174896240234,16113900
2023-05-16,48.55166663959568,48.77052619051223,48.13969398689345,48.20728302001953,15512100
2023-05-17,48.64500849681597,48.64822404064071,47.86290204880497,48.12682342529297,26985900
2023-05-18,48.85742176939501,49.65883976844789,48.26199375837886,48.75121307373047,46768500
2023-05-19,48.728688128407185,48.74799980725069,47.9916435219563,48.24912643432617,27594000
2023-05-22,48.18152881099336,48.30383363298225,47.72771364738529,47.82426834106445,16117800
2023-05-23,47.637599174202585,47.91117452092275,47.33827737955213,47.73415756225586,16302300
2023-05-24,47.79852614127264,47.808180138167785,47.08722804802124,47.51529312133789,20515200
2023-05-25,47.27390041118237,47.45414026672258,46.69778408542203,47.04216766357422,21299100
2023-05-26,46.894114238987044,47.25459027851644,46.82009044172727,47.125850677490234,15720900
2023-05-30,47.08722990562719,47.40586706562412,46.86193190815259,47.009986877441406,15742500
2023-05-31,46.803998769784926,47.41230375593143,46.672039929489166,47.27069091796875,30130800
2023-06-01,47.05826221961634,47.60219367051907,46.971361514542,47.44448471069336,20239200
2023-06-02,47.38333439114043,47.95945074578966,47.34471103682713,47.89830017089844,19178100
2023-06-05,48.07531352236995,48.68039914270947,48.07531352236995,48.21371078491211,15553200
2023-06-06,48.18153657088867,48.339241859298824,47.79852959429017,48.20728302001953,15015600
2023-06-07,48.03670097351074,48.39395781876635,47.969111940173896,48.27809143066406,24256500
2023-06-08,48.40361573626407,49.06019807759591,48.21050263293246,48.97651290893555,18873000
2023-06-09,48.973299331761815,49.47539194725486,48.79305944586124,49.272621154785156,15603900
2023-06-12,49.38205418785459,49.662068022762,49.29837269676963,49.59769821166992,14713500
2023-06-13,49.73286518970281,50.051498630162094,49.588029463741435,49.983909606933594,15738900
2023-06-14,50.18024781426771,50.6372785814881,50.08368942448456,50.489227294921875,21103200
2023-06-15,50.53106605015226,50.926946238818275,50.524631279735715,50.766021728515625,18160500
2023-06-16,50.87866746639355,50.90119837053777,49.97747550053503,50.05794143676758,34675800
2023-06-20,49.7908019967278,50.032192444266336,49.52688064453239,49.617000579833984,19994400
2023-06-21,49.633088451684465,49.996783702865464,49.35951312749069,49.71355438232422,19251000
2023-06-22,49.88092095103817,50.23496223157237,49.7199927614021,50.12874984741211,13307400
2023-06-23,50.17059372145144,50.30255624970439,49.8937991231554,50.03541564941406,18975000
2023-06-26,50.09656324210619,50.13840582539554,49.668498145087064,49.9034538269043,14106300
2023-06-27,49.61378158219143,50.160935966912255,49.58481590701728,49.72321319580078,12093600
2023-06-28,49.80046294244727,50.10622321382293,49.77149358218165,49.99357604980469,18889800
2023-06-29,49.72964805429538,49.80689107695075,49.2887060881926,49.65562057495117,21530400
2023-06-30,49.877706346155335,50.70165168145715,49.81655576475611,50.58900451660156,19073100
2023-07-03,50.46991676847172,50.994536578846905,50.315427024619844,50.917293548583984,8647500
2023-07-05,50.90442100390436,51.21340049573442,50.640499640052234,50.888328552246094,17585400
2023-07-06,50.83038478899734,50.910847033473786,50.48922045242669,50.566463470458984,14427000
2023-07-07,50.14806179471126,50.30255153159599,49.38848633419654,49.40135955810547,19774800
2023-07-10,49.74574645926975,50.04828749948641,49.668499744041426,49.84873962402344,12967800
2023-07-11,49.81332733077734,50.051498524826584,49.52044033629505,49.77470397949219,11460900
2023-07-12,49.98713875326634,50.173813410815235,49.82942977332768,49.900238037109375,16509900
2023-07-13,50.02576435763861,50.080480171500874,49.46573667652956,49.60735321044922,11859600
2023-07-14,49.60412598658503,49.78114662544747,49.43032457448842,49.77792739868164,10427400
2023-07-17,49.69424887876318,49.88092352571404,49.50757423181233,49.83908462524414,10135200
2023-07-18,49.78115112095414,50.099784616355045,49.52044897926642,49.748966217041016,13437300
2023-07-19,49.82298796142385,49.95173125507612,49.48504280099138,49.76505661010742,12372900
2023-07-20,49.86482847269101,50.70808540859578,49.855170792322255,50.68555450439453,14987700
2023-07-21,50.82072975262913,51.10396276123664,50.67267847842789,50.97200393676758,16960500
2023-07-24,50.99775263157695,51.32926300399781,50.71130406705357,51.27132797241211,12529800
2023-07-25,51.64468021849803,51.66077266871931,50.94303612887765,51.229488372802734,15553800
2023-07-26,51.25202028831127,51.71870503726781,51.15546190175151,51.41294479370117,15094200
2023-07-27,51.522378843601956,51.70261503483796,51.21661490223163,51.22627258300781,13400400
2023-07-28,51.268114942687625,51.79917319995429,51.268114942687625,51.4676628112793,11020200
2023-07-31,51.48374968779484,51.70260921083027,51.1458045652162,51.45156478881836,13033200
2023-08-01,51.480534494488175,51.641462685304134,51.161901022997114,51.21017837524414,11782500
2023-08-02,51.023496216904014,51.63501662189443,51.023496216904014,51.245574951171875,12660000
2023-08-03,51.181206536815665,51.33569625539649,51.01705913895298,51.25844955444336,13202700
2023-08-04,51.419383374407836,51.57709233674061,50.840044103594,50.96234893798828,14262000
2023-08-07,51.335705347120786,51.88607529724518,51.210181277503935,51.65433883666992,14268900
2023-08-08,51.815253580503914,52.018020628771104,51.33890755839393,51.7058219909668,11017500
2023-08-09,51.789520263671875,52.17252726803783,51.72515045285195,51.789520263671875,13209600
2023-08-10,51.93486799130779,52.244945883323,51.68938873602407,51.763675689697266,15169500
2023-08-11,51.85734201282363,52.27077916504675,51.71199509323127,52.067291259765625,14195100
2023-08-14,52.32569256605369,52.5776294593914,51.41483924839282,51.67969512939453,20813700
2023-08-15,51.531118983336995,51.93486785468679,51.33085803500812,51.41484069824219,14559300
2023-08-16,51.64093106116781,51.99300025081627,51.153206965372014,51.440673828125,26980800
2023-08-17,51.970392102062085,52.04791342002068,50.07116416911524,50.287574768066406,53614200
2023-08-18,50.16483465967292,51.57310408902764,50.16483465967292,51.01108932495117,27954900
2023-08-21,50.914191840840786,51.30502173694485,50.72362659603554,50.87543487548828,15679200
2023-08-22,50.701013049551,50.81083368692226,50.46522581237034,50.713932037353516,16670700
2023-08-23,50.58473917729423,51.16290366838503,50.552436160341294,51.06600570678711,14210400
2023-08-24,51.07568908788849,51.43098897224822,50.652563594101835,50.6751708984375,14033100
2023-08-25,50.76884445026918,51.046623029791405,50.56212585122195,50.975563049316406,12267000
2023-08-28,50.9884796731056,51.30178822833592,50.9884796731056,51.266258239746094,11871000
2023-08-29,51.35670001720368,51.75398754872524,51.31148171062189,51.69584655761719,12702300
2023-08-30,51.80889303962618,52.09635990440015,51.65385410754251,52.067291259765625,10967700
2023-08-31,52.041453877460526,52.645459954927816,51.989770536425496,52.52272033691406,19582800
2023-09-01,52.60670426339228,52.635772911101256,51.728146525577664,52.186805725097656,12553500
2023-09-05,52.27724173056925,52.58408893108975,51.73783427826893,51.766902923583984,15209400
2023-09-06,51.80890258391588,52.38060944437354,51.650632951845175,52.154510498046875,14594700
2023-09-07,52.325690147601264,52.80372593685425,52.16096289734401,52.800498962402344,19120800
2023-09-08,52.8037289238655,52.92646854899357,52.67130098199415,52.89739990234375,12667200
2023-09-11,52.97169169319612,53.12673063937168,52.86187105349759,53.08150863647461,11912100
2023-09-12,53.13318328116309,53.27207255505781,52.98460569122861,53.139644622802734,11757300
2023-09-13,53.272077774242725,53.56923667964472,53.09120085122851,53.15256881713867,14364300
2023-09-14,53.29469420035576,53.5337121388922,53.104125244535545,53.37544250488281,14923800
2023-09-15,53.3625133395003,53.507863956351876,52.8973965405629,53.17840576171875,63925200
2023-09-18,53.191323217096354,53.35928113221594,52.72943710230767,52.78434371948242,12997800
2023-09-19,52.77143096923828,52.90063193981242,52.438745770439496,52.77143096923828,14019600
2023-09-20,52.84248688997026,53.20101373391488,52.63576831006492,52.9426155090332,10120800
2023-09-21,53.055672400325506,53.13319002774551,52.257866641834504,52.29985427856445,18782400
2023-09-22,52.399990555860256,52.72298747123645,52.29985822227943,52.438751220703125,13215000
2023-09-25,52.445196270631925,52.6842141523868,52.283699699943256,52.671295166015625,10459500
2023-09-26,52.62931032170471,52.82310992681938,52.43874508410563,52.4871940612793,14435700
2023-09-27,52.32569268706813,52.399983335042826,51.77336622664045,52.235252380371094,15711000
2023-09-28,52.325698963357084,52.593789244576236,52.193271006665675,52.500118255615234,11617200
2023-09-29,52.65838288484513,52.69068220309566,51.41806762478843,51.65708923339844,18842400
2023-10-02,51.51496771477863,51.766904607349765,51.1338298567008,51.711997985839844,12992700
2023-10-03,51.579572327590306,51.92194956605695,51.25334474963131,51.385772705078125,11253300
2023-10-04,51.56664123735214,52.01883901829009,51.35992267422844,52.002689361572266,15755700
2023-10-05,51.82504749431035,51.98977475771286,51.35669998387842,51.38254165649414,14269500
2023-10-06,51.24365293033631,51.353473579342236,48.9826671828841,50.520137786865234,42616200
2023-10-09,50.09054978186695,50.33925972406005,49.502693278883505,50.336029052734375,21022500
2023-10-10,50.46200458751163,51.05954946995929,50.27789326707642,50.904510498046875,16014300
2023-10-11,51.11768227832046,51.514969811201915,50.72362541658163,51.10799026489258,12026100
2023-10-12,51.20488705056011,51.45682392943986,50.959407816931815,51.340545654296875,13514100
2023-10-13,51.44067129946264,51.82827045610356,51.32439303103817,51.62478256225586,13809000
2023-10-16,51.85411931586271,52.35153920048917,51.78305933234464,52.07052993774414,14348100
2023-10-17,51.918713876539556,52.23201871636795,51.80566257554129,52.13835144042969,10893000
2023-10-18,52.286933336820645,52.44197228228916,51.91225680937675,52.17711639404297,10559100
2023-10-19,52.141593355709155,52.26755997440623,51.75076342061672,51.92841339111328,11745900
2023-10-20,51.947790943097374,52.035000587907184,51.26303277366691,51.27918243408203,15056700
2023-10-23,51.26948263475849,52.115737218824115,51.04015307251695,52.005916595458984,17097000
2023-10-24,52.131890351099976,52.803725729395886,52.12865968024101,52.72943878173828,17535000
2023-10-25,52.700364249818,53.07827509979425,52.47749602326971,52.5711669921875,16621800
2023-10-26,52.555016382684556,52.92323521381462,52.19971653779954,52.25139617919922,16220100
2023-10-27,52.157738069548515,52.31600769221268,51.85734848396793,52.0576057434082,13829700
2023-10-30,52.151266322070136,52.73266134983217,51.934859446058745,52.65514373779297,12653700
2023-10-31,52.648692470437105,52.84895342466031,52.30954592208672,52.781124114990234,14168400
2023-11-01,53.03952466847236,53.417431894878945,52.6422371104013,53.25270462036133,14899500
2023-11-02,53.094423812788484,53.67905326241414,52.85217524575447,53.462642669677734,15492300
2023-11-03,53.578920874846695,53.71458317719603,53.133184399243916,53.18486404418945,17240100
2023-11-06,53.133196023295206,53.49818428865095,52.99430671609276,53.25593566894531,14529000
2023-11-07,53.543395515666035,53.8147127322444,53.40127556548885,53.504634857177734,15023400
2023-11-08,53.56600440072012,53.70812435509273,52.83603169188071,53.06858825683594,15591900
2023-11-09,53.09119717733366,53.13964615176588,52.72943965991868,52.94584655761719,15080100
2023-11-10,53.149342670794084,53.759810192830955,52.93939338609916,53.67906188964844,14319900
2023-11-13,53.74042177576454,54.221691940304325,53.6338318137474,54.16032028198242,15408900
2023-11-14,54.31859257958481,54.63512811396697,54.02143367887461,54.150630950927734,19792500
2023-11-15,54.38642517451239,54.890302698104435,54.10541591582101,54.838623046875,35769900
2023-11-16,51.27595811574367,51.50205706968996,50.226211652271445,50.400630950927734,97658700
2023-11-17,50.37154921488814,50.88511496284409,50.06792900866835,50.17774963378906,42487800
2023-11-20,50.23912715502188,50.39093542765125,50.06793485595729,50.16160583496094,26663100
2023-11-21,50.21329397478793,50.66226122287898,49.78370705998966,50.34249496459961,29382300
2023-11-22,50.297268817090355,50.403858793221765,49.86445126627876,49.95812225341797,26416500
2023-11-24,50.11315718830351,50.4296927235179,49.96780656044159,50.40708541870117,13975200
2023-11-27,50.37155399835067,50.8269825027197,50.37155399835067,50.63641357421875,23393700
2023-11-28,50.60089271827381,51.33086555041964,50.60089271827381,51.24042892456055,23535000
2023-11-29,51.28240953569867,51.28240953569867,50.261735543546074,50.41354751586914,29896500
2023-11-30,50.394164732049525,50.500754696032644,49.90643691308307,50.287574768066406,29925900
2023-12-01,50.18744787275424,50.261738527755554,49.299205469753595,49.851531982421875,39273600
2023-12-04,49.52206856597822,50.04209570383236,49.51883789498163,49.83860778808594,24883200
2023-12-05,49.887057964269985,50.33925580775712,49.65772837145208,50.30049514770508,21883800
2023-12-06,50.242359040623924,50.33279935739514,49.628664547975696,49.754634857177734,26447400
2023-12-07,50.03992366217528,50.101519552996756,49.35262230217128,49.427188873291016,25362600
2023-12-08,49.27806045145812,49.34614168382446,48.707472941547856,48.90847396850586,34069500
2023-12-11,48.9992465233098,49.0997470292852,48.48053064393813,49.03166580200195,31883400
2023-12-12,49.02518575092685,49.18080053152571,48.7042318891319,49.07057571411133,21381900
2023-12-13,49.132164404355954,49.942657470703125,48.837144527509544,49.942657470703125,35348700
2023-12-14,49.770839567264076,49.9070020343186,49.255366310515114,49.33317184448242,30891300
2023-12-15,49.206737666194456,49.75138753749158,49.1289284216383,49.517967224121094,70003500
2023-12-18,49.71572729616877,50.273344115750014,49.64439968476154,50.24092483520508,26316000
2023-12-19,50.19878171623153,50.47434931354669,49.95563339975946,50.42247772216797,24417000
2023-12-20,50.38681730421865,50.62023761745023,49.80326281099072,49.83243942260742,21967800
2023-12-21,49.92644834212694,50.27010084878733,49.897271734166054,50.18580627441406,20087700
2023-12-22,50.396544670178415,50.9476799151008,50.30252948918417,50.78558349609375,19405500
2023-12-26,50.785580545992396,50.895809072633455,50.61051345551495,50.70777130126953,11679900
2023-12-27,50.675349822258774,51.20703641108243,50.62672090148985,51.18434143066406,19896000
2023-12-28,51.148674156082926,51.33022656023467,51.06114062375056,51.08383560180664,16776000
2023-12-29,51.07086711022417,51.24917685226951,50.950914295616016,51.109771728515625,21948300
2024-01-02,50.98009295516886,51.72250479768274,50.96064064665624,51.641456604003906,23539800
2024-01-03,51.797074905427905,51.96889931387074,51.524746277769566,51.64469909667969,18756000
2024-01-04,51.615522307409606,51.722508156101505,51.057901794335734,51.14543533325195,19282500
2024-01-05,51.19731241458608,51.255669350173136,50.44517614337048,50.80503463745117,21709500
2024-01-08,50.80178453733756,51.31725774077981,50.79529919761555,51.304290771484375,20680800
2024-01-09,51.200549594940384,51.65766959931812,51.135711035784276,51.64794158935547,23322300
2024-01-10,51.72898890450719,52.35792955073423,51.72898890450719,52.28984832763672,20121900
2024-01-11,52.30930424567911,52.484371320054045,51.92675081799293,52.23149871826172,14355300
2024-01-12,52.31578925972853,52.37090351763648,51.994831721990366,52.29957962036133,13629000
2024-01-16,52.33848569098867,52.64971524971445,52.27040445690172,52.46492385864258,17032500
2024-01-17,52.31902925565539,52.516791312030286,52.075880950183176,52.218528747558594,14827800
2024-01-18,52.24770461729919,52.97066413220824,52.09208986345627,52.922035217285156,18190500
2024-01-19,52.98363274873254,53.02902270552453,52.33847873560504,52.643226623535156,19175400
2024-01-22,52.77614622626948,52.8280178123226,52.357930868063384,52.64646911621094,13938300
2024-01-23,52.55893891526558,52.7956018822167,52.44546772662143,52.77939224243164,12066600
2024-01-24,52.811811015280796,52.86692527408068,51.97538025386166,52.03373718261719,22932900
2024-01-25,52.325514101556436,52.80208640824782,52.007799230428844,52.7923583984375,16369500
2024-01-26,52.860438272938765,53.29162060977157,52.73400382983157,53.25596237182617,15746400
2024-01-29,53.281903955512455,53.62555280634566,53.01282168142012,53.50559997558594,18240300
2024-01-30,53.39537198644475,53.75523045736413,53.04523781575611,53.68390655517578,15270000
2024-01-31,54.400391300434315,54.400391300434315,53.5282984354152,53.57368469238281,26134800
2024-02-01,53.71956456090533,54.578690284045734,53.55098282819536,54.56571960449219,20792700
2024-02-02,54.51385375245713,55.3016556615369,54.43928717777309,54.97421646118164,21670800
2024-02-05,55.116851721593456,55.116851721593456,54.487911073425224,54.6791877746582,19145100
2024-02-06,54.7213315782821,55.09740335304315,54.57544483207905,55.0520133972168,14181300
2024-02-07,55.20115501711368,55.32758947458115,54.85426350633564,54.91261672973633,17082600
2024-02-08,54.912617011847495,55.291927806496595,54.83481147686386,54.90937805175781,14427900
2024-02-09,54.915861385807055,55.026089916448385,54.76348927120226,54.88019943237305,14329800
2024-02-12,54.86398876271927,55.230332591063146,54.80563182815287,55.210880279541016,14795100
2024-02-13,55.31462732955277,55.46051782108012,54.55276300746401,54.834815979003906,18574200
2024-02-14,54.70836554953733,54.75050912621629,54.31608783971758,54.65973663330078,18484500
2024-02-15,55.048781010326465,55.06499436197047,54.455502195375125,54.88344192504883,16948800
2024-02-16,55.20763262644886,55.73931919966849,54.88343612068843,55.23032760620117,22373400
2024-02-20,57.862806321052446,58.793255882744305,56.809164992522796,57.01340866088867,71788500
2024-02-21,56.73459899334282,56.92263673544704,56.02136377167885,56.31314468383789,40501500
2024-02-22,56.37150238601536,56.88697931775911,56.18671100906493,56.86752700805664,29512800
2024-02-23,57.087977352324295,57.59372624772359,56.83510475969891,56.91615295410156,74365800
2024-02-26,57.499712231607184,58.199980562879226,56.585475907006675,57.966556549072266,32154800
2024-02-27,58.00546562492417,58.16108040936475,57.59697820707358,57.95683670043945,18012700
2024-02-28,57.917926460722825,58.12217014984343,57.68450616177035,57.98600769042969,14803300
2024-02-29,57.82066725964919,57.85957187860809,56.98423650277641,57.00368881225586,29245100
2024-03-01,57.188475080572886,57.237103994854955,56.604920688891376,57.14957046508789,19030900
2024-03-04,56.89670037688309,57.762307703523014,56.79944254405893,57.674774169921875,16033300
2024-03-05,58.22916175139196,58.686281804706326,57.94711250480886,58.39450454711914,19676900
2024-03-06,58.472305437855546,58.95860206523992,58.394499906751435,58.90997314453125,12698700
2024-03-07,59.32818568297869,59.39626691072104,58.69599861377274,58.705726623535156,16195300
2024-03-08,58.355591339317264,58.62791624498654,58.09299073307251,58.4723014831543,12143600
2024-03-11,58.45285164349232,59.04613410746232,58.22915564579275,58.99750518798828,14154000
2024-03-12,59.279559592571594,59.88256637140565,58.987782358306646,59.726951599121094,16613100
2024-03-13,59.581064961393146,59.77558436680481,59.21148217227497,59.60051727294922,15935200
2024-03-14,59.80349655474299,59.959641308562766,59.1398804203128,59.54976272583008,16584700
2024-03-15,59.217952728271484,59.676629556383716,59.003252302723716,59.217952728271484,50946300
2024-03-18,59.227717442022715,59.43266047473796,58.93494646743869,59.39362335205078,16801700
2024-03-19,59.50097033435667,59.59855941296964,59.1398825533623,59.403377532958984,12353600
2024-03-20,59.37410214488556,59.803499306955054,59.27651306530128,59.77422332763672,12007600
2024-03-21,59.80349641861024,60.17434160413226,59.579038568179286,59.96940231323242,14265900
2024-03-22,59.842535832286785,60.047475131044855,59.38385897267944,59.403377532958984,14029400
2024-03-25,59.4033857758603,59.52049715378807,58.905675449415575,59.11061477661133,14186600
2024-03-26,59.00326081589049,59.36434862418955,58.77880293987986,59.05205535888672,13738300
2024-03-27,59.40337595411671,59.579039269179,58.925184269724085,59.25699234008789,14363400
2024-03-28,59.19844080195693,59.305791026758385,58.710487942157485,58.720245361328125,17535100
2024-04-01,58.85687629569778,59.296030898799174,58.48603107352877,58.554344177246094,13837600
2024-04-02,58.45675671122245,58.651934885655876,57.46133238591478,57.73458480834961,19510100
2024-04-03,57.949275228028746,58.06638285695726,57.51987438398351,57.998069763183594,14615100
2024-04-04,58.10542429665528,58.36891927343412,57.861447879947235,58.06638717651367,14436100
2024-04-05,58.11518040608328,58.59337581008354,58.0566284499746,58.40795135498047,10335900
2024-04-08,58.16398585359503,58.59338680045265,57.9883225067506,58.33964920043945,11070100
2024-04-09,58.42746626281338,58.52505905486915,57.871200377840744,58.349395751953125,10013500
2024-04-10,58.183499017307454,59.29603096221945,57.95904114445546,59.15940475463867,15097600
2024-04-11,59.28627138133368,59.42289758393316,58.62265520632066,58.642173767089844,10987600
2024-04-12,58.55434135895579,59.25699464655438,58.50554681904694,58.69096755981445,12280600
2024-04-15,59.05204626179083,59.23747070851044,58.466504390470135,58.48602294921875,10557200
2024-04-16,58.58361026305151,58.83734779638859,58.33963387018819,58.398189544677734,14726300
2024-04-17,58.700725184810345,58.97397757015761,58.134698131980095,58.212772369384766,15329700
2024-04-18,58.38843823801156,58.49578473496765,57.79313518147422,57.83216857910156,12061500
2024-04-19,58.0175906485083,58.23228735635659,57.549156391224,58.09566116333008,14165800
2024-04-22,58.12494419585929,58.94470512379607,57.617472790680836,58.69096755981445,14910000
2024-04-23,58.7983139573956,58.89590303086668,57.14903478991341,57.666263580322266,17963900
2024-04-24,57.558911956104026,58.59337323437031,57.39300979070955,58.427467346191406,18529100
2024-04-25,58.60314020030443,59.07157451882474,58.38844346438994,58.75928497314453,19263000
2024-04-26,58.66169663630562,58.93494906157378,58.554346405583104,58.71049118041992,11045200
2024-04-29,58.730010901591726,58.93495022458709,58.49579187332191,58.78856658935547,9785100
2024-04-30,58.749524064859266,58.84711314604485,57.73458124027605,57.92000198364258,14209200
2024-05-01,57.88097209220165,57.978561179300755,57.30518754363287,57.43205261230469,15464300
2024-05-02,57.51988014288229,58.446991294784524,57.16855722092224,58.27132797241211,17574100
2024-05-03,58.18349928992358,58.534825952654536,57.715064980543964,58.37868118286133,14207400
2024-05-06,58.55433611682417,58.55433611682417,57.95903310399095,58.427467346191406,11119400
2024-05-07,58.72024642828263,59.335068085181085,58.60313878218267,59.15940475463867,14520200
2024-05-08,59.169161404093984,59.3838581185113,58.76904023108053,58.847110748291016,11015700
2024-05-09,58.95287076725464,59.32499956419989,58.70804987846676,59.187896728515625,14550500
2024-05-10,59.158520303702204,59.32500045312104,58.91369941124595,59.22706985473633,12356600
2024-05-13,59.36417222399083,60.07904882102683,59.04101057071153,59.15852355957031,19260500
2024-05-14,59.26624972784695,59.295627043311114,58.20862154308695,58.61992263793945,18780100
2024-05-15,58.590545654296875,58.69826372349914,58.238002924046945,58.590545654296875,22240600
2024-05-16,62.889601013958824,63.08545476730484,61.63611532565315,62.68395233154297,60545600
2024-05-17,62.909181935742716,63.53592289746471,62.31182202487511,63.310691833496094,29330400
2024-05-20,63.08545170709756,63.41841203724438,62.5468464401814,62.850425720214844,15001400
2024-05-21,63.19317256471512,63.83950335817552,63.114828079809385,63.800331115722656,17131700
2024-05-22,63.63385491092534,64.32914540637285,63.389033998246305,63.898258209228516,14879400
2024-05-23,63.81991528368548,64.16266307554396,63.2225516444429,63.49674987792969,16222900
2024-05-24,63.78073757399935,64.3291414653151,63.66322832477095,64.02555847167969,11795000
2024-05-28,63.868883056283074,64.11370397724623,63.39882360064352,63.69261169433594,13349600
2024-05-29,63.4086196941802,63.85908930046588,63.310692818264485,63.575096130371094,11538600
2024-05-30,63.584887574519,63.81991355810419,63.428198604568,63.54571533203125,13051900
2024-05-31,63.33027434315134,64.53479656741526,62.83084504137459,64.39769744873047,27632200
2024-06-03,64.15288345999053,64.47604143390653,63.81013562623574,64.45645904541016,11578700
2024-06-04,64.6229274993649,65.2594633811824,64.46624599675806,65.22029113769531,14780800
2024-06-05,65.19091765416226,65.75890401109308,64.90692447569684,65.70014190673828,14982700
2024-06-06,65.67076408323719,66.04289667969088,65.38677090696427,65.75890350341797,13256000
2024-06-07,66.00371293776978,66.17018934858565,64.2801717932638,64.51519775390625,20213200
2024-06-10,65.79808403104929,65.93518317183911,64.89713721413247,65.57284545898438,21659500
2024-06-11,65.56303897656117,65.57283390527543,64.97547026651195,65.34760284423828,13367500
2024-06-12,65.46510860787431,65.55324801891324,64.53479215591659,64.93629455566406,11704700
2024-06-13,64.92649936222865,65.37696887791365,64.5837441584477,65.31820678710938,11196600
2024-06-14,65.16153979400987,65.71973121700088,64.92651379257731,65.631591796875,12590100
2024-06-17,65.53365835864673,66.04289002733954,65.03422908951559,66.02330017089844,12103000
2024-06-18,66.22895464744151,66.46398811731343,65.90579670121573,66.19957733154297,12093500
2024-06-20,65.95475862068068,66.71859874508274,65.90579891631816,66.60108947753906,13860800
2024-06-21,66.84590636448128,67.1298995294136,66.42481408149084,66.50315856933594,25883000
2024-06-24,66.64025896745166,67.60974774129707,66.49336491775587,67.47264862060547,12470400
2024-06-25,65.77847926477259,66.18977659394214,65.17132819923879,66.02330017089844,20869200
2024-06-26,66.00372042465153,67.1788578325016,65.81765413772773,66.87528228759766,14177500
2024-06-27,66.87528001630771,67.1592731656835,66.26812147577932,66.47377014160156,12899200
2024-06-28,66.46398572720963,66.68921678856015,65.92537671729923,66.30729675292969,18816700
2024-07-01,66.483556489732,66.82630422186848,65.85681564487092,66.0820541381836,8666000
2024-07-02,66.04289738236221,66.6696383741356,65.86662601146709,66.65984344482422,9436500
2024-07-03,66.40522454844734,66.83611176236,66.21916572808274,66.8263168334961,6287500
2024-07-05,66.74798426614265,68.69675684483877,66.68922216038362,68.58903503417969,21586100
2024-07-08,68.45193195115498,68.68695794658493,67.91332292898042,68.23648834228516,12077700
2024-07-09,68.4519271850586,68.79467496105899,68.22668866292052,68.4519271850586,9758400
2024-07-10,68.64777961005979,68.98073992276726,68.27565452770767,68.95136260986328,10803400
2024-07-11,68.72613668618908,68.99054002211818,67.82519739244393,68.35401153564453,15624800
2024-07-12,68.4519338720909,68.57923806665842,67.7370534654471,67.80560302734375,12145300
2024-07-15,67.864370274886,68.5204886272451,67.864370274886,68.1679458618164,10171100
2024-07-16,68.37358551995568,68.78488286810986,68.13855953120208,68.5400619506836,9836800
2024-07-17,68.72612029785685,69.62705937676536,68.50088179245942,69.55850982666016,13533800
2024-07-18,69.21576040017956,69.71519709390469,68.97093951696887,69.35285949707031,10682700
2024-07-19,69.72498398487927,69.85229562477508,69.18638252898435,69.28430938720703,11665500
2024-07-22,69.39204125919471,69.78375622036387,68.77509523850878,68.92198181152344,12666100
2024-07-23,69.01011476594194,69.23534580437257,68.65757208102892,69.18638610839844,9263600
2024-07-24,69.05909141468626,69.37246193694239,68.88282002895829,69.13743591308594,22490800
2024-07-25,69.13742140683917,69.30389782750186,68.50088556574774,68.5694351196289,18821200
2024-07-26,68.77510142318545,68.78488888137227,67.40410267147557,68.33441925048828,16789300
2024-07-29,68.40297309827065,68.45194027763986,67.69788755487261,68.17774200439453,10315300
2024-07-30,68.10918795112094,68.40296859396305,67.5509965112446,67.75664520263672,12522500
2024-07-31,67.74684693357261,67.81539649399085,66.87528503482288,67.21803283691406,22908800
2024-08-01,67.48244082958264,68.35400269228124,67.10051332723134,68.34420776367188,17275500
2024-08-02,68.15813064805059,68.78487149533021,66.33666272585037,67.041748046875,23578700
2024-08-05,66.6892256510713,67.15928516503709,65.52388300320014,66.18978881835938,20770500
2024-08-06,66.43460442966611,67.20823947028035,66.27792291849997,66.33667755126953,14815100
2024-08-07,66.46397604073685,66.6010751375802,65.42593041577099,65.52386474609375,18499200
2024-08-08,65.4553115823811,66.51293965291336,65.28883516516979,66.25833129882812,12489800
2024-08-09,66.44440100004405,66.80673867753703,65.93517673699917,66.54232788085938,13805600
2024-08-12,66.92423648715851,67.78601082200063,66.6598332070943,67.27677917480469,17385300
2024-08-13,67.0123778547933,67.18864920377217,65.74910109900159,66.71858978271484,26557900
2024-08-14,66.51295732283695,67.36493696232728,66.44440775216597,67.23763275146484,22928600
2024-08-15,72.58450760839044,72.89787808090736,71.27226361817867,71.66397857666016,49567500
2024-08-16,71.3968513239869,72.29054319324739,71.22007751977262,72.13340759277344,19872100
2024-08-19,72.07448826014145,72.65391644337058,72.02538150994575,72.39857482910156,13709300
2024-08-20,72.42802496942971,73.41009988426943,72.39856392080644,73.20386505126953,14434000
2024-08-21,73.95024886859825,74.2252286637209,73.2529690404319,73.89131927490234,14832000
2024-08-22,74.01900012144492,74.85376242563032,73.80294240897945,74.22523498535156,16511100
2024-08-23,74.24487260637909,74.45110746866504,73.6654519208097,74.34307861328125,12299100
2024-08-26,74.53948536691844,74.8439261840204,74.21539885621435,74.66715240478516,9508200
2024-08-27,75.07962163331351,75.07962163331351,74.41181041472446,74.7653579711914,11557800
2024-08-28,74.91269775558564,75.06001053941979,74.45112119613707,74.7162857055664,9814300
2024-08-29,74.627885928464,75.09928528066214,74.3136221912114,75.05017852783203,11856800
2024-08-30,75.06981718108459,76.08135325629372,74.85375947712967,75.84565734863281,23230000
2024-09-03,75.94385586057663,76.41524762939565,75.4233573483803,75.7867202758789,22666100
2024-09-04,75.94385939366387,76.09117213801206,75.35461590890857,75.85546875,18442800
2024-09-05,75.86529275769604,76.06170475807195,75.02070766933204,75.58049011230469,13082900
2024-09-06,75.5215769764748,75.93404672181425,74.93233341275584,75.2662353515625,14548600
2024-09-09,75.47245968073588,76.08134885734549,75.11891209336737,75.95367431640625,22260200
2024-09-10,75.96350258345515,77.48572188725981,75.8947576305978,77.39733123779297,17686300
2024-09-11,76.9750499052181,77.5053714014946,76.17957140712285,77.42680358886719,19518800
2024-09-12,77.57409790267454,78.47761254758602,77.21073496786707,78.23209381103516,14877700
2024-09-13,78.38923317993358,79.24364120335812,78.26156611591588,79.1552505493164,12994100
2024-09-16,79.39093896714697,79.5677127658808,78.70348946798072,79.11595916748047,15346400
2024-09-17,78.3303117824458,78.82134933061849,76.85719913792774,77.19110107421875,21065900
2024-09-18,77.23037940101375,77.98658136647799,76.87683179244513,77.61338806152344,15684900
2024-09-19,77.63303404675483,77.67231045439718,76.10099190637801,76.6411361694336,21525700
2024-09-20,76.8277286186696,78.18298938730803,76.7098769242777,77.6428451538086,39534300
2024-09-23,77.65268178524562,78.99812743765291,77.65268178524562,78.89009857177734,12147300
2024-09-24,79.03740223210688,79.45969479749579,78.80169882865407,79.22399139404297,14651100
2024-09-25,79.44004996735268,80.1373223517372,79.23381510656047,79.94091033935547,14163800
2024-09-26,79.58736111518344,79.74448922338702,77.83926876533079,78.48743438720703,17061100
2024-09-27,78.46780441074168,78.85081311215366,78.17317887459156,78.3499526977539,11899100
2024-09-30,78.45796622316304,79.48914790545639,78.42850517383532,79.30255126953125,18997000
2024-10-01,79.2338117649389,80.06857402131281,78.99811586149352,79.813232421875,16054200
2024-10-02,79.53825613871032,79.53825613871032,78.68385564117379,78.98829650878906,16618300
2024-10-03,78.86062944973963,79.13560926470026,78.41869118200604,78.98829650878906,11640400
2024-10-04,78.61511241674624,79.6561095941785,78.41869290699796,79.4891586303711,11583400
2024-10-07,79.24363979305953,79.48915856055059,77.56429232253726,77.68213653564453,16791600
2024-10-08,78.19281344155864,78.38922544260511,77.65266919972447,78.28119659423828,15270000
2024-10-09,78.38923406115096,79.05704542782445,78.32048910396273,78.9588394165039,12413000
2024-10-10,78.87044822442786,78.88027107328455,78.03568589492961,78.18299865722656,10812700
2024-10-11,78.27138354398755,78.69367614247162,77.94730445095813,78.66421508789062,9570700
2024-10-14,78.61511127430678,79.06686490120566,78.33030860878918,78.8508071899414,9914500
2024-10-15,79.22399500835368,80.35338285034948,79.06686689152131,80.18643188476562,13276200
2024-10-16,80.06857813786209,80.19625269046394,79.17489373283944,79.7641372680664,11123300
2024-10-17,79.81322636489973,80.03910689584465,79.20434470282032,79.4400405883789,9424700
2024-10-18,79.42040826756777,80.22570947110918,79.21417341585276,79.8525161743164,12324100
2024-10-21,79.77395025051607,80.08821392994639,79.27308993582997,79.3614730834961,9750400
2024-10-22,79.65609751653827,80.7560241264407,79.38111773722191,80.5497817993164,12240100
2024-10-23,80.42212109525468,81.84612684721985,80.33373794178156,81.77738189697266,13058200
2024-10-24,81.4729306249553,81.82647817890656,81.0997448702897,81.55149841308594,11645900
2024-10-25,81.70864017004132,81.80685366795828,80.96226853581042,81.03101348876953,8959400
2024-10-28,81.26670837402344,81.59079493072694,80.99172856565846,81.26670837402344,7990200
2024-10-29,81.18814101750105,81.37473767104198,80.2060659864652,80.23552703857422,9682400
2024-10-30,80.1373261792361,80.36320674763773,79.84270814659205,79.93109130859375,9268800
2024-10-31,79.83289050517176,80.96227843557263,79.76414554380679,80.4810562133789,15539000
2024-11-01,81.05064535962407,81.05064535962407,80.07839324584725,80.71674346923828,12181800
2024-11-04,80.72657289168806,81.42385282926126,80.53016086225023,80.97209167480469,11731000
2024-11-05,81.19796342642613,82.26842160799728,81.03101247028641,82.18003845214844,10612500
2024-11-06,83.61387591924435,84.00670746953931,80.58908272240339,81.94435119628906,19974000
2024-11-07,82.2193254318996,82.87731392554608,81.92469991609228,82.34699249267578,12665800
2024-11-08,82.76928109848276,83.88884601661954,82.72018184329578,83.3094253540039,14396500
2024-11-11,83.42727207057064,83.87903318476431,82.61215547767556,82.7005386352539,10433200
2024-11-12,82.98533807895629,83.99687413719136,82.98533807895629,83.466552734375,12860200
2024-11-13,83.46655449396536,84.25221751306454,83.2504967890812,83.96741485595703,12802600
2024-11-14,83.50584651207048,84.22276464864036,82.82821227953826,82.95588684082031,15740700
2024-11-15,83.0148022009629,83.26032096175726,82.43538152195447,82.73982238769531,17370600
2024-11-18,83.29960175406067,83.3290628054345,82.16039864265895,82.57286834716797,25093800
2024-11-19,84.68432839971545,86.70740045077943,84.37006470738865,85.04769134521484,36340900
2024-11-20,85.04769662178668,85.63694014487791,84.37006994191884,85.61730194091797,18183200
2024-11-21,85.88245773775941,87.05112941241242,85.37178202271782,86.80561065673828,18729200
2024-11-22,87.80733443464011,89.2804470200026,87.33593511056336,88.8188705444336,23990600
2024-11-25,88.87778882074622,89.31971958025836,87.46359840208696,87.89571380615234,25078600
2024-11-26,88.27871888384561,90.23304598572558,88.22961213805148,89.67326354980469,16657000
2024-11-27,90.35090682099279,90.5964255895281,89.67327262219112,90.2330551147461,14358900
2024-11-29,90.60623831059155,90.97942409970219,90.17412292862538,90.84193420410156,11041200
2024-12-02,91.15620495933895,91.32315591799053,90.30179697675584,90.97943115234375,17173000
2024-12-03,91.11692133798132,91.9123997255798,90.60624561211714,91.8338394165039,17775200
2024-12-04,91.77491344309898,92.82573348144551,91.38208940429293,92.75698852539062,17312600
2024-12-05,93.18908915300759,93.88636145153279,92.64894494651203,93.59174346923828,21932300
2024-12-06,93.82745287897242,94.4559803229684,93.62121801384608,93.98458099365234,18803500
2024-12-09,93.9453086868654,94.22028851904169,91.92222886381121,92.14810943603516,20931100
2024-12-10,92.36416418166662,93.5328284307416,92.08917686571662,92.8552017211914,13164500
2024-12-11,92.84538090298433,93.9747687671186,92.80609699984662,93.25785064697266,19682100
2024-12-12,93.96493792662558,94.00422182642227,92.40343475341797,92.40343475341797,14298600
2024-12-13,92.32272279825412,93.18886074971776,91.57469013016807,92.76563262939453,11495900
2024-12-16,92.9329676019574,94.20265215622621,92.6180076162717,93.37588500976562,16742000
2024-12-17,93.6416396199712,93.98612596842028,92.83455409964515,93.91722869873047,23560800
2024-12-18,93.83847793161581,94.3896635461861,91.66328432680173,92.07667541503906,24665600
2024-12-19,92.99203181545501,93.08061079533483,91.88966806288313,91.92903900146484,16606500
2024-12-20,91.54516980824545,92.27351330400516,90.18689888649834,90.78729248046875,49350600
2024-12-23,90.05896842308815,90.05896842308815,87.50976188308807,88.92707824707031,26205400
2024-12-24,88.9467504121406,91.22036743164062,88.92706119032273,91.22036743164062,8992400
2024-12-26,91.08257345990583,91.41721514042936,90.71839794647907,91.3286361694336,10994000
2024-12-27,90.67902989431401,90.8955662870597,89.59635543982382,90.21643829345703,11384400
2024-12-30,89.30109184943511,89.63573356744539,88.71053527302367,89.14360809326172,9790200
2024-12-31,89.14361467317242,89.50779025427502,88.64164454986656,88.92707824707031,11267700
2025-01-02,88.5628988525675,89.17312960166795,88.11013683265386,88.58258056640625,14820400
2025-01-03,88.73022065322503,89.86211069665991,88.72037604158098,89.35029602050781,10834600
2025-01-06,89.39950228924495,91.01367300633842,89.24201855624183,89.99005126953125,14519900
2025-01-07,90.25579677295963,90.49202237531856,89.02548325364863,89.37981414794922,11238000
2025-01-08,89.67509728544312,90.40344082599857,89.38966363229234,90.35423278808594,13453600
2025-01-10,91.03336926286799,92.10620671495674,90.74793558312399,91.53533935546875,18140900
2025-01-13,90.66920534531555,90.97432075411558,89.66526511436184,90.08849334716797,18617100
2025-01-14,90.4132860764779,90.531398884932,89.14360154523973,89.36013793945312,13549200
2025-01-15,89.63572955891348,90.28533876021989,89.37982222119535,89.90147399902344,17348200
2025-01-16,90.05895349111222,90.27548988131211,88.70069001063756,89.86210632324219,13267700
2025-01-17,90.61997719233632,90.80698726036927,89.61604461019976,90.49202728271484,15868200
2025-01-21,91.02352567446886,92.75580183542009,90.85619731603153,91.61407470703125,23247500
2025-01-22,92.2931999776795,92.51958097988657,91.06288640081932,91.76171112060547,15567100
2025-01-23,91.49596118825738,92.33257293701172,90.8660412238373,92.33257293701172,14198400
2025-01-24,92.06682145567596,93.51367134450929,91.98807958884093,93.26760864257812,14973800
2025-01-27,94.38965165651507,95.92508047609589,93.32665900792641,95.86602783203125,18880600
2025-01-28,95.69872932458208,96.29911553417836,95.20660381794566,95.75778198242188,14641600
2025-01-29,95.89557264189726,96.62391625965039,95.6888808385851,95.96446990966797,11261400
2025-01-30,96.15147167196439,97.37194067075518,95.88571972697484,97.09635162353516,11012200
2025-01-31,97.4408341875208,97.4408341875208,96.16130507833289,96.61406707763672,16391200
2025-02-03,95.24595660811963,98.21839854125429,94.95068584267318,97.97233581542969,20484200
2025-02-04,98.39556429086443,99.36012597373328,98.11997523861619,99.1829605102539,15201200
2025-02-05,99.06484481444042,100.9644491644205,98.95657662538163,100.8463363647461,15926700
2025-02-06,100.91524173929189,101.39752256892966,100.3345373232927,101.2302017211914,13088500
2025-02-07,101.37784668243535,101.48611488642753,99.51761300909868,99.5569839477539,12451100
2025-02-10,100.34437819027666,101.30894739498011,99.6554055506589,101.29910278320312,15274600
2025-02-11,101.00382504259765,101.23019853317598,100.24594768208192,100.85618591308594,11953600
2025-02-12,100.51169412263151,102.26365934033058,100.43295225663122,101.97822570800781,15162100
2025-02-13,102.36208720473954,103.58255614190172,101.89948810916312,103.39555358886719,12604400
2025-02-14,103.64162462840886,103.64162462840886,101.96839356292257,102.4014663696289,14109500
2025-02-18,102.08650856489527,102.35225301428301,100.89556583015997,102.14556121826172,18247300
2025-02-19,102.214459549653,102.558945879948,100.93493782152319,102.36209869384766,18508000
2025-02-20,97.22430502159163,98.54320516388218,95.15737958409488,95.67903137207031,55450900
2025-02-21,95.00973920349958,95.32469919453781,92.63769841363877,93.28730010986328,35014800
2025-02-24,92.69675616641865,93.14951070912377,90.66920158186119,92.19478607177734,29755900
2025-02-25,92.86406467949725,96.36800275457169,92.75579648702585,96.1514663696289,29331200
2025-02-26,96.16130517103473,97.17508985566238,94.55697898669605,94.68492889404297,19069700
2025-02-27,94.38965760683324,96.49595381594476,94.30107112591426,95.26564025878906,16431500
2025-02-28,96.24989849267723,97.30304667807287,95.63966021816029,97.0569839477539,25451300
2025-03-03,96.43690430158534,97.92311772026811,95.30501429037712,96.05303955078125,18372200
2025-03-04,94.2518786556592,95.52156335745153,92.97234934119706,93.47431945800781,25227700
2025-03-05,93.47430359559598,94.87193798796292,93.2577672090415,94.46839904785156,17639000
2025-03-06,93.30699700772027,94.6751052853102,92.69675868959993,93.1495132446289,19957800
2025-03-07,92.46052791118599,92.47036501310473,89.33060988550062,90.2754898071289,35913200
2025-03-10,88.3463616590463,88.8089607770968,85.24596986527742,86.4369125366211,35148800
2025-03-11,85.9152652154718,87.94281974329314,85.76762607303344,86.06290435791016,28687600
2025-03-12,86.4959700077974,87.69675735751832,83.54321718424973,83.8581771850586,33301600
2025-03-13,83.60226219169486,84.10422467405097,82.54911417591236,83.169189453125,31507800
2025-03-14,83.6219563447827,84.02550282199043,82.73612902465226,84.00581359863281,35500600
2025-03-17,83.7892816531787,86.60424000394252,83.64165001633776,86.08258819580078,26297800
2025-03-18,86.06289737634468,86.29911547954042,84.15344830998073,84.24202728271484,17850900
2025-03-19,84.59636253947453,85.42313720700412,84.2715654468536,84.97038269042969,24555900
2025-03-20,84.45856475830078,85.70856756847122,84.17313110487004,84.45856475830078,18185500
2025-03-21,84.16741187598663,85.10502242611054,83.67393501692962,84.85828399658203,26797200
2025-03-24,85.34189745948515,86.50650326062815,85.22346029111365,86.34858703613281,17900700
2025-03-25,85.62811290164045,86.17093296805261,83.51603239409818,83.65420532226562,27908600
2025-03-26,84.07859187497363,84.4437599412046,83.46667784284189,84.09832763671875,27228800
2025-03-27,83.67393870894962,84.98658901912675,83.67393870894962,84.51284790039062,16782800
2025-03-28,84.3154541050097,84.71023708729578,83.59497459759821,84.03910827636719,14790600
2025-03-31,83.65420735775614,87.04932335658675,83.2692959728011,86.6446762084961,30269300
2025-04-01,86.39794069397973,87.94745793300605,86.23016034710956,87.67111206054688,22080300
2025-04-02,87.04930597793278,88.97387004834515,86.97035541129203,88.58895874023438,19384100
2025-04-03,85.15437163513813,88.70740376643664,85.15437163513813,86.12158966064453,33012900
2025-04-04,84.52272439458476,86.249893576564,81.57173458630672,82.10469055175781,36209000
2025-04-07,79.19316052724713,85.13462584898258,78.76877014712318,82.736328125,36884900
2025-04-08,84.72997588568565,85.83536676974494,79.9728592267427,80.72294616699219,34351700
2025-04-09,82.242856555498,89.61540216169202,81.93689577730346,88.4310531616211,46632800
2025-04-10,87.5724090057897,90.67144315911969,87.00984567298417,89.4278793334961,34735300
2025-04-11,89.49696506177855,92.13212972914648,88.83570786597183,91.58930969238281,25508100
2025-04-14,92.05317387976496,94.19486926160484,91.68800580768422,93.49413299560547,27742900
2025-04-15,93.58295059138877,94.77716367831425,92.64534757772654,92.7440414428711,21871200
2025-04-16,92.7736425049379,93.06973160998226,89.4278702552868,90.00030517578125,22229100
2025-04-17,90.63196484331499,92.64535140075573,90.42470545900103,92.00382995605469,21393900
2025-04-21,91.8064416450877,92.85261782167855,90.14835891506273,91.20440673828125,18361200
2025-04-22,91.66825647374283,94.04681849284079,91.66825647374283,93.61255645751953,15407800
2025-04-23,93.78034518854452,95.339733973533,92.93157186226425,93.72113037109375,18046900
2025-04-24,93.474390340126,94.96469263619657,92.43809340301178,94.58964538574219,13444500
2025-04-25,94.55017772821458,95.21143497177785,93.12896183649416,93.84943389892578,15317200
2025-04-28,93.85930026582314,94.74756014818428,93.10921330628933,93.97773742675781,12950000
2025-04-29,93.60269167183121,94.9252136354757,93.18817289675177,94.78704071044922,12679000
2025-04-30,94.68834754249565,96.5043388733851,93.69152212181191,95.98125457763672,21639900
2025-05-01,95.75424889814083,96.62277301168427,95.3298584871665,96.13916778564453,13171800
2025-05-02,96.67211914953505,97.92555465921288,96.57342527810886,97.46168518066406,16031400
2025-05-05,97.64920728886501,98.43876577785694,97.2445526334922,98.03411865234375,12439100
2025-05-06,97.45182122629832,98.17230085130947,97.12613217787168,97.2643051147461,10626000
2025-05-07,97.26430354477425,97.93543245441437,97.02742920264701,97.5406494140625,11301300
2025-05-08,97.46168368982984,98.03411867714907,96.08981856736935,96.15890502929688,14461100
2025-05-09,95.71865146745944,96.16385147831437,95.26355594247764,95.68897247314453,13697800
2025-05-12,96.62882645777246,96.92563144772407,94.60068418665125,95.71863555908203,26783900
2025-05-13,95.47129595391425,96.28255433263635,94.21483765991766,94.85790252685547,19746700
2025-05-14,95.00631553690384,96.29246050935247,94.80845056332632,95.79779052734375,25620100
2025-05-15,93.29475657710907,95.68895734892543,90.91044376979104,95.3228988647461,44026100
2025-05-16,95.11515168932605,98.13264185744112,94.97664468633705,97.19276428222656,33746200
2025-05-19,95.61971978497503,97.23234139037017,94.78867019674955,97.07405090332031,20041600
2025-05-20,97.50934687529613,97.76657738582797,95.49109239248915,96.75745391845703,15609600
2025-05-21,96.09459647918499,96.71788554235495,94.95686145848,95.40206146240234,15742300
2025-05-22,95.51088478539725,95.92640577507814,94.79855877562132,94.90738677978516,13712200
2025-05-23,94.32367872801746,95.51089134182969,93.98730672701338,95.31301879882812,13668600
2025-05-27,96.26278854880294,96.75745856694054,95.55046251499432,96.53980255126953,17180900
2025-05-28,96.48042889614392,97.19275486999969,96.02533342352824,96.20341491699219,11220100
2025-05-29,96.58925987223884,96.72776686608425,95.81757589279574,96.06491088867188,14338000
2025-05-30,95.92640776082855,97.87540881457093,95.57024474856775,97.66764831542969,29980100
2025-06-02,97.78635732843684,98.84495832425647,97.00478540788797,98.7064437866211,16999200
2025-06-03,98.50858207069692,99.81451054985153,97.51924208503237,98.91421508789062,15598600
2025-06-04,98.72623607250827,99.06260803773945,98.26124508098816,98.29092407226562,11115600
2025-06-05,98.24146042985956,98.52836237415953,96.56947349258586,96.91574096679688,15817100
2025-06-06,97.32138443139773,97.50935391013606,95.93630683761532,96.43097686767578,15599300
2025-06-09,96.36171611842039,96.80691609276688,95.73842709665722,96.41117858886719,13655700
2025-06-10,96.25288326547395,97.04435068532221,95.451520332809,96.28256225585938,17162500
2025-06-11,96.25289261025895,96.25289261025895,94.33357053297327,94.77877807617188,16389600
2025-06-12,93.87846503588233,94.24452352604574,92.43402964874248,93.81910705566406,17845700
2025-06-13,93.51240714414442,94.30388210975448,93.00784921293106,93.43326568603516,18694700
2025-06-16,93.7399618117615,94.75898076941269,93.09688932402034,93.28486633300781,14881700
2025-06-17,92.94848004667537,93.80920847198637,92.62200361809789,93.24528503417969,14935600
2025-06-18,93.56188622781879,94.47207724283868,93.08699969281491,94.07633972167969,11333700
2025-06-20,94.22474336504209,95.28333690669355,94.18516885764528,95.09536743164062,20604900
2025-06-23,94.89749593265964,96.88607154972344,94.6501609197734,96.82671356201172,20432400
2025-06-24,96.68819617215671,98.05348257932276,96.21330967727972,96.95531463623047,22403700
2025-06-25,97.26201569591959,97.50935070281436,96.11438518892184,96.22321319580078,11154700
2025-06-26,95.8670458294682,96.30235028915483,94.89748932531175,94.99642181396484,19361400
2025-06-27,95.29323088677975,96.71788293787218,95.13494040780581,96.23310089111328,31431900
2025-06-30,96.19353080195033,97.0938262702253,95.28333227222596,96.73766326904297,17803000
2025-07-01,96.55958725482957,98.13264185744112,96.38150574412006,97.19276428222656,15635800
2025-07-02,97.08392672021623,97.33126170808313,96.02533327406844,96.56947326660156,12502000
2025-07-03,96.6585248303129,97.43021644932331,96.38151080977549,97.31149291992188,7686200
2025-07-07,97.1828681415606,98.29092407226562,96.57937015870236,98.29092407226562,12930900
2025-07-08,97.76658482527586,98.11285233807236,95.48121169275333,96.05502319335938,16875000
2025-07-09,96.11438704820219,96.25289405089738,95.35259098531314,95.77800750732422,13702600
2025-07-10,95.62960804950346,95.74832401877455,93.73006951244888,93.84879302978516,18894800
2025-07-11,93.99720534234103,94.51165887498654,93.22552126933978,93.39370727539062,14595000
2025-07-14,93.50252890236736,94.81834541352832,93.37390986694398,94.75898742675781,13779100
2025-07-15,94.58089891411075,94.75898040929978,93.92793846379428,94.37313842773438,10450800
2025-07-16,94.40281487267914,94.80844786947193,93.60145193997545,94.13569641113281,11181600
2025-07-17,94.06645175599813,94.61058424303452,93.8784747351329,94.07633972167969,11165100
2025-07-18,94.07634064088425,94.46219020013177,93.42338014044755,94.03677368164062,14636300
2025-07-21,94.24452864679748,95.60981510245237,94.08623062686154,94.65015411376953,13450400
2025-07-22,94.81835155585456,95.63950565034645,94.71941905547304,94.8282470703125,9049100
2025-07-23,94.98653344289535,95.26354742916642,94.27420745073255,94.66004943847656,9729700
2025-07-24,94.5512172807519,95.92639918648,94.33356128737368,95.57023620605469,14991500
2025-07-25,95.8076877990376,96.60905838042017,95.50099479578111,96.43097686767578,12868500
2025-07-28,96.24298927108168,97.08392672021623,96.0451243000141,96.56947326660156,12293100
2025-07-29,96.73766691016206,97.66764895359354,96.3023548816511,97.28180694580078,14034300
2025-07-30,97.5588058893998,97.82592433508147,96.25287755348714,96.54967498779297,13864100
2025-07-31,96.40128713747589,97.57859654521971,96.27266811322228,96.93553161621094,15651300
2025-08-01,96.95532710148613,97.77648117316716,96.62884306603719,97.44010162353516,16750400
2025-08-04,97.15319162801667,98.84496978606587,97.15319162801667,98.52837371826172,19050200
2025-08-05,98.60752105436944,99.3989961142571,97.8556280503483,98.25135803222656,17977000
2025-08-06,98.39975136330537,102.584662708767,98.39975136330537,102.2581787109375,23738400
2025-08-07,102.35712395786742,102.79243600924305,101.02151635704264,102.020751953125,12509500
2025-08-08,102.26807407218243,103.6036815045167,102.0504180739525,102.62423706054688,12394700
2025-08-11,102.79241878852875,103.2178352543583,102.01083934907146,102.82209777832031,12856700
2025-08-12,103.13869284663659,103.19805083001643,102.26807638211706,102.51541137695312,17915300
2025-08-13,101.0610902595158,101.71405078459438,99.77494514166125,99.9134521484375,19398500
2025-08-14,100.14099901903388,100.35865503326946,99.64632900415864,99.77494049072266,10858400
2025-08-15,99.78980679478263,99.92863728693919,98.70891116789309,99.16506958007812,13604900
2025-08-18,99.16507752510616,100.03772748367689,99.08574364731928,99.8592300415039,11656100
2025-08-19,100.11705885651001,101.57478667016757,99.95839867060097,100.44430541992188,16999000
2025-08-20,100.30547319188467,101.7929492919155,100.08730882003567,101.71361541748047,18655000
2025-08-21,98.5799954655264,98.61965483400428,96.1405281909605,97.14209747314453,51825100
2025-08-22,97.25119024061061,98.22301131941312,95.95213015921999,96.02154541015625,32695200
2025-08-25,96.19011876268009,96.76527798960507,95.26788330078125,95.26788330078125,18956100
2025-08-26,95.47612993277961,95.66454599024999,94.62330970991675,95.24805450439453,22270400
2025-08-27,95.09931169931751,95.51580321283323,94.80181343783768,95.2778091430664,12925700
2025-08-28,95.19846634167718,95.7637069329531,94.90096810808168,95.30754852294922,19241600
2025-08-29,95.29763818922808,96.21987371478201,95.00014749544312,96.17029571533203,15600300
2025-09-02,96.41820900522224,97.03302764892578,95.70421923061612,97.03302764892578,15351300
2025-09-03,97.03302028019843,98.60974884033203,96.68594404548175,98.60974884033203,18995900
2025-09-04,99.07583035198164,100.50380229145934,98.81799903783775,100.08731079101562,15640900
2025-09-05,100.23606278624915,100.63272461189501,98.71883830142164,99.67082214355469,13748500
2025-09-08,100.00797973024643,101.50537452764463,99.58156959187589,101.42604064941406,13685700
2025-09-09,101.1483792291619,101.63428599137798,100.70213940589949,101.43595886230469,11819700
2025-09-10,101.09878302167938,101.59460835786358,99.55181039380685,99.57164764404297,17934900
2025-09-11,100.14680957440117,101.9218653682149,99.44273843255802,101.79295349121094,15900800
2025-09-12,101.68387318876428,103.11185275123853,101.50537574345499,102.62593841552734,11641900
2025-09-15,102.78459759008946,103.11184414010981,102.54660353811761,102.82426452636719,10756900
2025-09-16,102.9829286790064,103.33992355358478,102.26893892984964,102.5565185546875,14481900
2025-09-17,102.86392934799532,105.22405526529236,102.86392934799532,103.3994140625,25382000
2025-09-18,102.91351330621639,103.76633355383453,101.26737700046856,102.73501586914062,14869400
2025-09-19,102.943255232715,103.07217466386432,101.23761484327676,101.47561645507812,34791600
2025-09-22,101.59460387773832,102.33834184921722,101.06903025507093,101.96151733398438,12861900
2025-09-23,101.55495735990907,101.82269973461295,100.48397272970382,101.66403198242188,13158700
2025-09-24,102.1796932441854,102.606103365375,101.62437125033651,101.87228393554688,11391800
2025-09-25,102.35819215489026,102.64577178176096,101.72353627686351,102.18961334228516,13366700
2025-09-26,102.02102224213012,102.62592978001715,101.61444938550616,102.29869079589844,11859300
2025-09-29,102.18961966697317,102.44744343196348,101.22771716445344,102.21936798095703,15477200
2025-09-30,102.14002730177343,103.07218142826827,101.86236630214387,102.19952392578125,13873400
2025-10-01,101.7036925151355,102.0011907489098,99.71048007220848,101.10870361328125,16142800
2025-10-02,100.60296317287771,101.28720459515596,99.03616077500212,100.85087585449219,15605400
2025-10-03,100.6128887355816,101.96153442180619,100.35505741053113,101.2177963256836,11867500
2025-10-06,101.02937598212222,102.2094427990993,100.73188529566816,101.842529296875,13303600
2025-10-07,101.52520099057331,102.387939866122,100.1071401164341,102.37802124023438,15538900
2025-10-08,102.1598486460141,102.39785025400097,101.29711740556779,102.04085540771484,13584100
2025-10-09,102.26893363886118,102.58626155921415,99.53198316295229,100.9202880859375,19508000
2025-10-10,101.19796126043559,102.76476368306976,100.67238001192419,100.98970794677734,18519400
2025-10-13,100.52363410690805,101.59461111217333,100.22613587085442,101.26737213134766,10871200
2025-10-14,103.18126040188707,107.01894384474026,102.03094193560398,106.31487274169922,30859500
2025-10-15,106.42395289236927,108.64524834345669,106.40412320726159,108.11967468261719,21416300
2025-10-16,108.28825695012095,108.6650890704717,104.77782001529076,105.5810546875,16366200
2025-10-17,106.27520633823076,107.29660537404432,105.33314117615089,106.83053588867188,13735600
2025-10-20,106.94953557042113,107.3461973972683,105.71989071632049,106.15621948242188,10581200
2025-10-21,106.43387809258782,106.58262722001473,105.29347820324139,105.33314514160156,10899700
2025-10-22,105.66039778798736,106.8702054319519,104.7778291643559,106.24546813964844,12296500
2025-10-23,106.45370305908594,106.67186742754667,104.89681173452796,105.9677963256836,11408200
2025-10-24,106.17604892345969,106.27521248851819,104.62907612460074,105.28356170654297,10318000
2025-10-27,105.45213749919137,105.47197475105114,103.28042749362606,103.5977554321289,16375900
2025-10-28,103.1911699012466,103.27050377338249,102.18960813688516,102.30860137939453,13323000
2025-10-29,102.05078535407756,102.80443449922815,101.25746170416691,101.60453796386719,11986400
2025-10-30,101.34670896449828,102.5069461530686,101.108714890351,101.37646484375,14065100
2025-10-31,100.85088305196206,101.24754488399289,99.3435771690791,100.3352279663086,20237000
2025-11-03,99.97822306298148,100.9500440758614,99.56173158561626,100.74179077148438,14811700
2025-11-04,101.27728431295115,101.7631986082678,100.61288015285842,101.4161148071289,12636400
2025-11-05,100.89054510776005,101.82269923305391,100.00797654620536,100.622802734375,13356800
2025-11-06,100.49388187397508,101.0789597419063,99.19482183188099,100.83104705810547,14866000
2025-11-07,101.2772781932102,102.11026867363725,100.88062398563869,101.73343658447266,17248700
2025-11-10,101.29712274632084,101.8127777927579,100.75171182304594,101.56486511230469,14507600
2025-11-11,101.6442008637206,102.87384566309207,101.46570342786872,102.57635498046875,13182100
2025-11-12,102.48710247969544,102.7350151647289,101.8028686136755,102.57635498046875,12084400
2025-11-13,102.72510485966085,103.06227007277798,101.16821337417035,101.68387603759766,18088500
2025-11-14,99.363404275502,101.6342854500628,98.054425559783,101.62437438964844,23424200
2025-11-17,101.7235405195123,102.45735999051881,101.24754480829215,102.09044647216797,15289400
2025-11-18,102.12019322023994,102.47718051461632,100.53354603517187,100.54346466064453,17604500
2025-11-19,100.73189151387763,100.86080339606266,98.84775345391428,99.76998901367188,22157000
2025-11-20,103.07218240777652,107.00903713519567,101.82270033187463,106.21571350097656,50375900
2025-11-21,107.07844542131552,107.24702422377177,103.84566203582295,104.4406509399414,41420800
2025-11-24,104.48032640372462,105.382724676061,102.89368667466971,103.19117736816406,42519200
2025-11-25,103.7365763126644,106.52311225066933,103.35975178491562,106.10662078857422,20212900
2025-11-26,106.30495661869999,108.67500128911136,106.27520830692245,108.18909454345703,17783300
2025-11-28,108.38742955512716,109.77573454685668,108.0899313050738,109.58732604980469,9846500
2025-12-01,109.58732028049906,110.82688364763897,109.4385711633034,110.59880065917969,17236800
2025-12-02,110.53931192483859,111.70946012952888,109.86498910237817,111.47146606445312,18711800
2025-12-03,111.56071626815458,113.93076110184019,111.28305525150952,113.45477294921875,24478300
2025-12-04,112.67136458124708,113.93075774555678,112.21520612938312,113.88117218017578,25905100
2025-12-05,113.7720935914494,115.29922908481308,113.72250802779567,114.14891815185547,23956400
2025-12-08,113.61342390958818,114.02991540070049,111.36238007988572,112.61185455322266,22700700
2025-12-09,112.9985942054707,114.75382018074308,112.0763587521143,114.09932708740234,24326700
2025-12-10,114.38691141934537,115.2595689131506,112.04661506618633,112.23503112792969,22859600
2025-12-11,112.19537005342097,114.90258004573666,111.90779041572479,114.55549621582031,21586600
2025-12-12,114.53064990474235,116.20995062110511,114.29216313914,115.96153259277344,19092400
2025-12-15,116.19008548018503,116.70679166550624,114.90824748947732,116.05097198486328,18713700
2025-12-16,115.84229954829863,116.1403966407218,114.22260911311066,114.68963623046875,19642300
2025-12-17,114.47103521690063,115.6535075692186,114.34186055918953,114.92813110351562,16177800
2025-12-18,114.28223195026295,115.74293117077572,113.88476158845212,114.1033706665039,21476700
2025-12-19,114.41141563622197,114.55052913668048,112.81160279983192,113.6363525390625,50043800
2025-12-22,113.28856304881552,113.5965989869235,111.50988900463958,111.88748168945312,21473900
2025-12-23,111.28134118455755,111.63906376256772,109.99950321020724,110.1982421875,20319900
2025-12-24,110.19824125270196,111.00311325583881,109.85045752178584,110.90374755859375,9009600
2025-12-26,111.01305835867431,111.26147640635087,110.65533576353072,111.03292846679688,9003800
2025-12-29,110.88387782930283,112.06635018040782,110.86400772087431,111.81793212890625,12979600
2025-12-30,111.18197541149836,111.97691615789977,111.13228877192947,111.21178436279297,11730600
2025-12-31,111.02299952366522,111.53970573794,110.61559027802463,110.70502471923828,11487400
2026-01-02,110.72489243926468,112.07628722420678,110.41685648631017,112.04647827148438,14306600
2026-01-05,112.10610020561853,113.01034556998538,111.44034163383571,111.99679565429688,19557600
2026-01-06,111.6887515152225,114.06362735444141,111.28134229354983,113.61647033691406,20120800
2026-01-07,113.46743616962135,114.00402009206742,111.39065723379576,112.0067367553711,23306000
2026-01-08,110.58577977699265,112.75198547093393,109.11514158890155,112.3545150756836,24058300
2026-01-09,111.5496424227033,114.72939040539957,111.5496424227033,113.8052749633789,21902900
2026-01-12,116.75648359482942,118.08800070497459,115.67338453488601,117.2235107421875,49182100
2026-01-13,117.14401708234668,119.74744102068244,116.98503346977147,119.598388671875,31222100
2026-01-14,119.4294631115365,120.4728143638468,118.27679973056455,119.28041076660156,32764000
2026-01-15,119.22078750049863,120.10515510460003,117.97869731708465,118.44571685791016,34559400
2026-01-16,117.91907714432112,119.83686477713616,116.1602807010803,118.94255828857422,415144600
2026-01-20,120.12502982400424,120.8504138546603,116.86578627056709,117.95882415771484,45334000
2026-01-21,117.33280669962144,119.72755258604145,116.80616168473357,118.60470581054688,34811700
2026-01-22,118.5351491309384,118.76368947509202,116.90552744651671,117.08438873291016,24547300
2026-01-23,117.4222340816893,117.85945224596018,116.39875299816131,116.98502349853516,20806900
2026-01-26,117.06452182318199,118.09794184181264,116.64718131021117,116.89559936523438,19552200
2026-01-27,116.75648146215053,116.88565611669372,114.74926698887573,116.20002746582031,22968600
2026-01-28,115.9019236934497,116.71673458641514,115.13679944245614,115.83236694335938,16342000
2026-01-29,115.71312126722275,116.91547126537773,115.33552857148821,116.66705322265625,16381100
2026-01-30,116.17021609330482,118.6543964981968,115.86217256793869,118.38610076904297,22215400
2026-02-02,118.74382819114838,123.41408451015249,118.2966787324989,123.27497100830078,31210100
2026-02-03,122.86757156808676,127.35896666858129,122.86757156808676,126.9018783569336,32018700
2026-02-04,127.31922282526648,128.59112201817152,126.28579525463465,127.1900405883789,27531800
2026-02-05,127.76637104032507,128.77992091186104,125.75914898632793,126.13674926757812,30517800
2026-02-06,126.48453780231957,130.86662835064288,126.24605859221587,130.34991455078125,26593400
2026-02-09,130.58840535909283,130.9560592399128,127.27947494500727,128.20359802246094,27197300
2026-02-10,128.12409316288472,128.5215559695187,125.59022607444933,125.89826202392578,24662000
2026-02-11,125.8982534995816,128.9190252095116,125.82869675501851,127.95516204833984,19232100
2026-02-12,128.56130425130252,133.63896941128445,128.49173992475252,132.79434204101562,33382700
2026-02-13,131.86029804059163,133.79795580009971,130.9163124820861,133.0427703857422,24131200
2026-02-17,132.2677060470971,133.83770992949184,127.34903173050178,128.03466796875,37995900
2026-02-18,127.3192184434441,128.0545261364593,124.97414396319746,125.81877136230469,36485000
2026-02-19,127.68687656798352,129.2767581387821,123.61282210032576,124.07984924316406,42993300
2026-02-20,122.2216774308809,122.69864341020512,120.28401972356986,122.21173858642578,35151000
2026-02-23,122.73838295121597,125.99763403293146,122.18192896266022,125.0138931274414,25662800
2026-02-24,125.10333241055824,127.22978274649306,124.11959904808133,125.94795227050781,20161200
2026-02-25,125.80883572262361,126.59383765709305,124.62636339864703,124.95427703857422,17345700
2026-02-26,125.18281645574825,126.5242722955503,123.15572443024259,123.63268280029297,18638300
2026-02-27,124.7257266802137,127.7862463456887,124.35807283147619,127.14035034179688,29205500
2026-03-02,126.6534531765271,127.93529117845694,126.24605153126585,126.29573059082031,17091500
2026-03-03,125.71939755733719,127.55768952555978,124.87477774286918,127.1006088256836,16480400
2026-03-04,126.30566848445152,127.35895854492821,125.44117097864785,127.00123596191406,16434100
2026-03-05,124.58660988390555,124.88471455763423,120.88021705605856,122.52970886230469,28604900
2026-03-06,121.72483997684311,123.40414835839945,120.85041120253811,123.01661682128906,21553000
2026-03-09,122.90731130268519,123.72212216670478,121.7248390120394,123.55319213867188,19375900
2026-03-10,123.42401703226977,125.30205679217917,122.56945837546142,124.32826232910156,18793600
2026-03-11,124.51706314970588,124.69592445210162,122.27136939654707,122.70858001708984,18176500
2026-03-12,121.52610846065774,124.59655180269601,121.50623077198969,124.53693389892578,21751600
2026-03-13,124.59654412433483,125.88832088794078,124.17920366142822,125.71939086914062,15194100
2026-03-16,125.95788848185292,126.17649757585889,124.0401008586876,125.19275665283203,20463200
2026-03-17,125.84857814131549,126.38516200705068,124.06990409965162,124.28851318359375,19895000
2026-03-18,123.54326565096648,123.82149265219844,121.05908516694213,121.20813751220703,19734900
2026-03-19,121.62547670106409,121.9732604488496,118.51527791672632,120.32376098632812,17927700
2026-03-20,120.11267095203482,120.77980340519143,117.51386342792303,118.50957489013672,57545600
2026-03-23,119.96332476326309,120.6105311603868,118.53945701557436,120.2022933959961,22181500
2026-03-24,120.11267237339288,123.57775164543796,119.97327337476743,121.5265884399414,17269600
2026-03-25,122.28332158646774,122.96040568100192,121.25774000136643,122.5322494506836,16597300
2026-03-26,123.07989646568718,123.26908407753929,121.26770187867585,121.6560287475586,16442500
2026-03-27,121.50667121934119,123.73706281720824,121.2975727192295,122.36298370361328,16543300
2026-03-30,123.17946593024719,124.72282175854535,122.61191069212204,122.97036743164062,20428900
2026-03-31,122.90067127683216,124.46393803468071,122.31319753903699,123.74702453613281,21330400
2026-04-01,123.26908398407669,124.69295170112571,122.60195152051088,124.20504760742188,17039700
2026-04-02,124.61329457014496,125.36007818810826,123.61758307952722,125.25054931640625,11898400
2026-04-06,125.27046098723343,126.43544921201666,124.83235309436085,126.24626159667969,10850400
2026-04-07,125.64883587786862,125.81810500867212,121.26770378426845,121.9646987915039,16076000
2026-04-08,121.75560200398522,126.75407802915461,120.80967910989078,126.71424865722656,20194300
2026-04-09,126.5449729094413,129.13382892812444,126.27613414268549,128.57623291015625,13853100
2026-04-10,128.16798319572484,128.3770740986961,125.67870449039047,126.2263412475586,13894000
2026-04-13,125.7484068642315,125.75836610634965,123.41843799251608,124.03578186035156,14510600
2026-04-14,122.62186441060769,124.6630682888762,122.02443907054557,124.51371765136719,15320800
2026-04-15,124.09551297917481,124.53362843999257,122.6517344420986,124.22496032714844,17001400
2026-04-16,123.79680202016537,125.39989800566107,123.43834530311818,124.28469848632812,18324500
2026-04-17,124.03578154691039,127.02291605403354,122.84093078273148,126.95321655273438,24763700
2026-04-20,127.32162554080053,128.91476233764277,126.77398120594438,127.37140655517578,18933600
2026-04-21,127.28179126346117,129.21347382827898,126.93329378957013,129.04420471191406,17312400
2026-04-22,129.44249538849513,129.89056252616956,128.28746639862413,129.42257690429688,17624500
2026-04-23,130.01006058126703,131.89195474809972,129.93040183639,131.4637908935547,16376000
2026-04-24,131.3741802679442,131.5534010485827,128.72558398059354,129.3628387451172,16016300
2026-04-27,129.0641091249569,129.25329672529196,126.85363615844955,127.04281616210938,17029500
2026-04-28,128.7853111434159,129.2134749536506,126.236292344555,127.04281616210938,16341800
2026-04-29,126.13673092490012,127.53072851993346,125.37003642580345,127.46102142333984,16538800
2026-04-30,127.47097677790696,131.86205247381216,127.40126968759333,131.36419677734375,19867700
2026-05-01,131.35424902710434,132.79802755099445,130.41827785906025,131.03562927246094,10480900
2026-05-04,129.85073112523145,131.184980793923,129.12385084272057,129.7710723876953,10340700
2026-05-05,129.95029746503022,131.16506666440955,129.74120656624018,130.22909545898438,10637300
2026-05-06,130.29880952835424,130.58755918277944,128.9745113895137,129.52215576171875,16371500
2026-05-07,129.34291559643376,130.03992578938778,128.11819472617847,129.64163208007812,14935400
2026-05-08,130.00876182540105,131.09615490642528,129.93892170087017,130.1184844970703,15183700
2026-05-11,129.86908129064437,130.28809159221544,126.078161470576,127.28527069091797,18699200
2026-05-12,127.77411337890135,130.80684636812944,127.41497254390816,130.0386962890625,17935400
2026-05-13,128.88145249754132,132.21347178099205,128.46245742797677,131.156005859375,13786600
2026-05-14,131.04626733311213,132.4628740535408,130.5474615066649,132.14364624023438,14200400
2026-05-15,133.370718441355,133.6300920185431,130.47763520803812,131.1360626220703,25323000
2026-05-18,131.20589996372777,133.15123980716794,130.81683199503976,133.02154541015625,17183200
2026-05-19,132.62250083152645,134.83720000658067,131.7445976710087,133.87948608398438,16957100
2026-05-20,132.59256841371314,133.3307912944098,130.01872852306576,130.53749084472656,28471600
2026-05-21,124.11287667694504,125.49955634698999,120.10247333459152,121.05020141601562,53006600
2026-05-22,121.05020179855521,121.65874555336691,118.62601263875648,119.98275756835938,30330600
2026-05-26,120.40175901085303,120.7608998332451,117.63837032806804,118.28681945800781,28796600
2026-05-27,118.04739180401025,119.14476312868733,117.7580835037564,118.25688934326172,22062200
2026-05-28,118.67588972926788,118.88538727788863,117.04978535977911,118.61603546142578,21613100
2026-05-29,117.82792078519188,118.79560537078089,114.4360394170558,115.47355651855469,42191000
2026-06-01,114.45599596944092,115.70301061927668,113.28878447270287,114.32630157470703,26176200
2026-06-02,113.59804869184103,114.2963738476551,112.46077194598762,112.78997802734375,27366400
2026-06-03,112.82988291877398,117.00987842073164,112.69021788821831,116.61083221435547,32880600
2026-06-04,119.613646228699,119.6535516106658,117.00987904195799,117.45880126953125,22870400
2026-06-05,118.06734397851143,120.60127862714496,117.8179410518094,118.59607696533203,36638100
2026-06-08,117.96758725033519,119.89297819658464,117.86782759941948,119.54381561279297,19514100
2026-06-09,120.09249452554428,120.21221067038364,117.71818140336323,118.59607696533203,23959000
2026-06-10,119.42409874531984,120.53144836950996,117.2493048793001,120.30199432373047,22414900
2026-06-11,120.28204412446155,121.56896414963192,119.17469451236548,120.21221160888672,22438000
2026-06-12,120.30199331731838,121.31956153106478,119.2445273327187,120.75092315673828,14753500
2026-06-15,119.45402587409166,121.19984639362677,118.29680023038142,120.53144836425781,20722500
2026-06-16,120.85068180556274,122.64638592602697,119.59368892123778,120.7409439086914,23060700
2026-06-17,119.29441143534011,120.72099650095431,117.16949359825468,117.84786987304688,21711100
2026-06-18,117.91769943609961,118.19703710439678,116.52104915047984,116.90013885498047,36526800
2026-06-22,116.68066306404786,118.11722634202617,116.67068481595824,116.90013885498047,17053900
2026-06-23,119.42409682225845,119.96280805869026,116.06214262146445,119.1347885131836,23411400
2026-06-24,119.27444989955788,120.11244766768499,118.64595728184237,118.71578979492188,20600100
2026-06-25,117.18944517738683,118.29679475023023,115.10443280997809,115.50347900390625,20384700
2026-06-26,117.00988117029624,117.5984684398727,114.81513078924051,115.41370391845703,36636000
2026-06-29,116.19183823088373,116.521051925122,113.92725536452491,114.32630157470703,20367000
2026-06-30,113.69780533850943,114.33627621015661,112.66028826928947,112.989501953125,23034000
2026-07-01,109.86697325528867,110.4455898652017,106.99385431305828,108.56010437011719,40391400
2026-07-02,109.06889129541543,112.18143499412129,108.89929912950869,111.57289123535156,29512200
2026-07-06,111.13394332246972,112.10162787550183,109.10879281804488,110.38573455810547,29523300
2026-07-07,112.70019805055621,113.22893104823599,111.03418829265145,111.27361297607422,19941400
2026-07-08,112.879763389333,113.58806677051842,111.54295977706508,112.82987976074219,19892000
2026-07-09,110.9743243964893,112.49069845667856,110.77480509912543,111.94200897216797,20464500
2026-07-10,111.68262805970767,113.88735663998979,111.66267917439362,113.62797546386719,12461700
2026-07-13,114.4559909872762,115.26405400962003,113.7377093624492,114.50586700439453,17043400
2026-07-14,114.80515288534225,115.60323765516023,113.22892461903017,113.4284439086914,14682000
2026-07-15,112.9795273843265,114.4559960800755,111.80234524929674,112.26124572753906,16467900
2026-07-16,113.4883080789502,115.31393168866141,113.28878117408205,114.67546081542969,20777600
2026-07-17,116.68066042641807,117.80795887752032,113.32868459435743,113.96715545654297,28289800
2026-07-20,113.68782844769808,114.12678003138565,111.87217545768125,111.9320297241211,17738900
2026-07-21,111.24368590747915,111.53299422190634,109.62755216828454,110.12635803222656,22717000
2026-07-22,109.26840509292803,109.73728379602602,108.4603420750963,109.06888580322266,23494800
2026-07-23,107.25323944858002,108.30072720057487,106.5349577836844,108.14111328125,21516800
2026-07-24,107.86178281776185,109.33824391357957,107.7520449187408,109.20855712890625,18405900
2026-07-27,109.6574762821653,112.24129454403212,109.62754914894079,111.47312927246094,19008700
2026-07-28,113.68782641652693,115.75288229471273,112.57049859218158,112.82987976074219,24867900
2026-07-29,112.95957874459346,114.41609094683764,112.18143520726511,113.94721221923828,23480000
2026-07-30,111.34343984797607,112.76004660224154,110.1762360128914,110.83465576171875,28747000
2026-07-31,110.25604146581917,111.64272872771201,109.62754883637642,110.93441772460938,22799100
2026-08-03,112.82987844246247,113.01942709548517,109.89690530598047,110.44558715820312,23942500
2026-08-04,108.7496500450106,111.41327137152663,108.30072022776788,111.28358459472656,29620000
2026-08-05,112.18143131502696,112.88974231161649,111.09403822804457,112.07169342041016,21446300
2026-08-06,113.79756871801911,114.2863963302149,110.77480642096445,111.8023452758789,23203100
2026-08-07,110.3458340692701,112.02182208019414,110.23609617007118,111.58287048339844,18819300
2026-08-10,110.8147094920761,112.43083557535391,110.49547405243835,112.39093780517578,19144000
2026-08-11,112.17146067312872,113.06930510370103,111.92205775104237,112.989501953125,17005800
2026-08-12,112.10162714074723,115.77283842494558,112.011838131802,115.7329330444336,22054700
2026-08-13,115.89254862146954,116.04219189774759,114.53579610924879,115.4436264038086,16822200
2026-08-14,115.38377313696229,116.17187968391663,114.36620493839823,114.99469757080078,14520000
2026-08-17,114.05694580078125,114.90491421100516,113.64792135646756,114.05694580078125,18131100
2026-08-18,116.02224469044766,116.03221532748336,114.2065916862473,114.92486572265625,20675000
2026-08-19,114.91489714259141,116.59088514655902,113.71775850480114,114.02702331542969,34286600
2026-08-20,106.12592986973321,106.74445186354434,102.60436178772362,103.59199523925781,83633100
2026-08-21,103.69000244140625,104.27999877929688,102.1500015258789,103.69999694824219,44454200
2026-08-24,104.13999938964844,106.5999984741211,104.0,106.48999786376953,35616300
2026-08-25,105.58000183105469,106.06999969482422,104.4000015258789,105.37999725341797,27032500
2026-08-26,105.51000213623047,106.08999633789062,104.08000183105469,104.33999633789062,28409400
2026-08-27,103.61000061035156,103.75,102.2699966430664,102.62999725341797,29816600
2026-08-28,103.08999633789062,103.4000015258789,102.5,103.08999633789062,19420800
2026-08-31,103.08000183105469,104.98999786376953,102.83999633789062,104.87000274658203,34188700
2026-09-01,105.11000061035156,106.63999938964844,104.66000366210938,105.91999816894531,22074600
2026-09-02,105.97000122070312,106.77999877929688,105.45999908447266,106.08999633789062,25181800
2026-09-03,106.41999816894531,109.3499984741211,106.0199966430664,108.41999816894531,25541200
2026-09-04,108.19999694824219,109.2300033569336,106.93000030517578,107.13999938964844,20540500
2026-09-08,106.77999877929688,106.9000015258789,105.66000366210938,106.05000305175781,22664800
2026-09-09,105.69000244140625,106.1500015258789,105.16000366210938,105.83000183105469,15460800
2026-09-10,106.16999816894531,107.16000366210938,105.58999633789062,105.7300033569336,17174900
2026-09-11,106.19999694824219,107.20999908447266,105.72000122070312,107.1500015258789,17068600
2026-09-14,108.08000183105469,109.73999786376953,108.0,109.08000183105469,23877400
2026-09-15,108.61000061035156,109.23999786376953,107.86000061035156,108.08999633789062,19316300
2026-09-16,108.31999969482422,108.68000030517578,107.44999694824219,107.5,15150900
2026-09-17,107.80000305175781,107.80000305175781,106.1500015258789,106.79000091552734,19216200
2026-09-18,106.23999786376953,107.72000122070312,106.16999816894531,106.7300033569336,45337600
2026-09-21,106.16000366210938,107.76000213623047,106.08000183105469,107.44000244140625,23966900
2026-09-22,108.12000274658203,110.19000244140625,107.61000061035156,110.12000274658203,19372800
2026-09-23,110.22000122070312,111.2300033569336,109.48999786376953,110.52999877929688,22770800
2026-09-24,111.16999816894531,111.16999816894531,107.51000213623047,107.58999633789062,26174000
2026-09-25,107.08000183105469,108.1500015258789,106.44999694824219,107.9800033569336,19614100
2026-09-28,107.9000015258789,109.41999816894531,107.2699966430664,108.7300033569336,17232400
2026-09-29,107.75,107.9000015258789,105.3499984741211,106.80000305175781,27274900
2026-09-30,106.97000122070312,107.02999877929688,103.91999816894531,103.91999816894531,28152400
