date,open,high,low,close,volume
2018-01-02,56.98848936438823,57.926737504278776,56.879709452172634,57.8111572265625,11469300
2018-01-03,57.89953585950637,59.130137245636256,57.668370159064295,58.946563720703125,13957700
2018-01-04,59.00775274683933,59.300106144940735,58.7629915211192,59.02814865112305,10863000
2018-01-05,58.980552673339844,59.068936648586046,58.27346530989798,58.980552673339844,11047600
2018-01-08,58.94655472963073,59.25250882879965,58.878566658867854,59.24570846557617,10927100
2018-01-09,59.10974897190738,59.25252551686866,58.91257988015359,58.994163513183594,8131600
2018-01-10,59.15054222942461,59.2797232344142,58.45705539598127,58.52504348754883,10822300
2018-01-11,58.71540184636395,59.40209338035347,58.42304843582647,59.10293960571289,14366000
2018-01-12,59.28651672694841,59.823631453231215,59.272921183884996,59.50408172607422,9834500
2018-01-16,59.65365618648182,59.6672569161456,58.87858058471949,59.13014221191406,10882800
2018-01-17,59.286517790692656,59.973209438787634,59.10294942666984,59.8304328918457,10546000
2018-01-18,59.674054524046525,59.95961279987138,59.381701070271575,59.442893981933594,9223700
2018-01-19,59.53808608477239,59.66726710284005,58.88539100276003,59.252532958984375,13090000
2018-01-22,59.26612054407939,60.02760063106967,59.184536911759565,60.000404357910156,10270400
2018-01-23,60.00041955188238,60.14319613175627,59.65367346524007,60.03441619873047,10281800
2018-01-24,60.16358817604816,60.455941683797114,59.83724321079705,60.1907844543457,10316100
2018-01-25,60.20436227111214,60.421927227519674,59.96639622337707,60.08198165893555,11271900
2018-01-26,60.26557269828653,60.51033401489258,60.149992406322475,60.51033401489258,10514400
2018-01-29,60.23156750706115,60.7142948925963,59.796437491985166,59.83723449707031,9315700
2018-01-30,59.51768010137436,60.08878625629825,59.00096130371094,59.00096130371094,12408000
2018-01-31,58.85139175764597,59.47009535665473,58.695019656840124,59.354515075683594,14404700
2018-02-01,59.49048190843305,60.68029154660171,59.388497187729776,60.55791091918945,17971000
2018-02-02,57.87913653677353,58.477444118221115,56.43097013443547,57.4712028503418,29822100
2018-02-05,56.62135072129452,57.10407295668099,53.11990923610946,54.2009391784668,30452700
2018-02-06,53.37828204537685,54.62927989041527,52.28365633738803,53.26949691772461,36262800
2018-02-07,53.33066982387806,53.99016514794717,52.29723224786509,52.31083297729492,21994500
2018-02-08,52.650771111461665,52.74595545531162,51.69212212205578,51.71931838989258,25650800
2018-02-09,52.37182474773061,52.52980108216623,50.757743328135795,52.049007415771484,29491600
2018-02-12,52.92130509177099,53.312805760911075,52.09021966761284,52.488590240478516,19340400
2018-02-13,52.268794219615636,52.715243584659376,52.01466545443422,52.406166076660156,11926600
2018-02-14,52.055879712498516,52.653435561271955,51.630034772432275,52.51606369018555,17188400
2018-02-15,52.625953456985144,52.68089695714815,51.822342539722655,52.34434509277344,14432400
2018-02-16,52.30316097695382,52.96940035945778,52.09710572291244,52.57102966308594,13722400
2018-02-20,52.522940182781745,53.20978390377494,51.82922655732214,52.028411865234375,13387300
2018-02-21,52.07650151380581,52.5023465955903,51.424001939651596,51.43773651123047,11715000
2018-02-22,51.7193008686379,52.77703490413906,51.64374768893091,52.10393142700195,14020200
2018-02-23,52.26193894914925,53.31281429901464,52.165781242395866,53.25099563598633,13378800
2018-02-26,53.39523354694352,54.21257931522702,53.27160145796116,54.150760650634766,16940400
2018-02-27,54.26065033943423,54.85820622331568,53.230384826660156,53.230384826660156,14629500
2018-02-28,53.68369556139608,53.74550896695638,51.994055779940204,52.02153015136719,17087800
2018-03-01,51.87730206599317,52.66717334228831,51.41711806022346,51.65064239501953,15696700
2018-03-02,51.43772525079211,52.11083439526584,51.156122053348156,51.89104461669922,15630300
2018-03-05,51.67126139991871,52.58475967172258,51.59570816267294,52.38557434082031,14891000
2018-03-06,52.66028994626503,52.87321499483927,52.10394838750665,52.32373809814453,10754300
2018-03-07,51.51327150914372,51.67811251071671,50.52421501930385,51.005008697509766,27255500
2018-03-08,51.16985798436386,51.35530348613518,50.613516238848106,50.90885925292969,19299800
2018-03-09,51.389644210046306,51.55448522689465,50.97066914373063,51.211063385009766,19714100
2018-03-12,51.42398704261497,51.91164541553866,51.30035497340887,51.67811584472656,14226700
2018-03-13,51.739929550756166,52.0764814468827,50.998137206468435,51.190452575683594,13739700
2018-03-14,51.26601487543969,51.36904248154807,50.503617926520064,50.55169677734375,14820700
2018-03-15,51.06683127330292,51.51328075454939,50.89512033745442,51.11491012573242,15640600
2018-03-16,51.07370042050599,51.595703125,51.07370042050599,51.595703125,32109700
2018-03-19,51.51327854162609,51.520148446021444,50.73027712700951,50.92946243286133,12744800
2018-03-20,50.97752587267355,51.30720782116387,50.79207519147267,50.819549560546875,13003200
2018-03-21,50.98441445850899,51.952861432317086,50.81270351902084,51.54075622558594,15418500
2018-03-22,51.1148965271494,51.30721188570392,50.40744849809503,50.483001708984375,17737000
2018-03-23,50.69592068648346,50.97065915418672,49.91291945965944,50.06402587890625,20157300
2018-03-26,50.58604842936423,50.92947033962441,49.96788794285542,50.82644271850586,15032700
2018-03-27,50.826450935951804,51.43774161583009,50.33192246679109,50.62039566040039,15821900
2018-03-28,50.64784371334704,50.8332944129633,49.988474510690516,50.00907897949219,18163900
2018-03-29,50.36624053881418,51.43771483738459,50.31816169824245,51.245399475097656,14882900
2018-04-02,51.01189338938163,51.10118644878491,49.56265760290107,50.29071044921875,17891100
2018-04-03,50.44866747606816,51.60943500149537,50.20827323002744,51.52701187133789,15999200
2018-04-04,50.860765414070755,51.55447360535574,50.441790442201466,51.42397689819336,13122200
2018-04-05,51.55449018707121,52.419914779142026,51.52701580825287,52.21385955810547,14200000
2018-04-06,51.95284410978888,52.28253130936809,50.97752755634245,51.42397689819336,14299600
2018-04-09,51.664371085282234,52.0558716871699,51.37589806077559,51.42397689819336,11103100
2018-04-10,52.25505824745349,53.41582027708215,52.24131844201861,52.93503189086914,19006100
2018-04-11,52.96254121499673,53.601306344071574,52.71527695598687,53.18233108520508,13734000
2018-04-12,53.47764637559753,53.66996175689033,52.893830328044075,53.03806686401367,13270400
2018-04-13,53.436424762596594,53.70429330019219,53.29905292267585,53.46389389038086,10925000
2018-04-16,53.65623286070664,54.31560219777164,53.374624422477986,53.944705963134766,10743600
2018-04-17,53.94470881836983,54.095815281982944,53.60128694295892,53.800472259521484,10478100
2018-04-18,54.28813015402203,54.782658488129215,54.21944682766312,54.41176223754883,12061400
2018-04-19,54.48043472929244,54.82385653299202,54.13014302226264,54.54911804199219,11291500
2018-04-20,54.48044423256151,54.535392988386604,53.8004704098817,54.26065444946289,12072200
2018-04-23,54.205695994897226,54.672749855439505,54.088933839811865,54.65214538574219,11729800
2018-04-24,54.81013949237456,54.899427303414406,53.553214031277115,53.814212799072266,14102000
2018-04-25,53.711166185906755,54.686488057978735,53.22350786997111,54.60406494140625,13867500
2018-04-26,54.672768052289136,55.565667131164496,54.62468919359293,55.53819274902344,14554400
2018-04-27,52.8526253888053,54.02026292830413,52.52981322244121,53.4295768737793,16346800
2018-04-30,53.51198183046205,53.958425931908025,53.39521444804362,53.40208435058594,15028800
2018-05-01,53.06554427564705,53.06554427564705,52.18638520216185,52.85261917114258,16231000
2018-05-02,52.50918857221697,53.04493095595105,52.40616622938402,52.74958801269531,13883700
2018-05-03,52.46800203606524,52.61910852366855,51.78802808205316,52.57102966308594,12243100
2018-05-04,52.28939915299061,53.03806136998758,52.158902437888834,52.81827163696289,9887200
2018-05-07,53.39523315429687,54.31560652999797,53.16170878804862,53.395233154296875,15071500
2018-05-08,53.436436262091505,53.683700386960076,52.454249666141614,53.635616302490234,17430400
2018-05-09,54.246918449642116,55.112337750150736,54.22630873660003,54.899417877197266,17142100
2018-05-10,55.38707564804951,56.176946952505446,55.290917949093306,56.128868103027344,17710300
2018-05-11,56.32312235000562,56.87122924892893,56.13579722184163,56.39250183105469,14751000
2018-05-14,56.68390696971775,57.11406828331595,56.621467015799034,56.774105072021484,11852100
2018-05-15,56.78797215105276,56.912857337467706,56.47576183167303,56.74634552001953,12595700
2018-05-16,56.725543931450815,56.926748178565404,56.31619589950974,56.90592956542969,9570000
2018-05-17,57.030817320485376,57.086323038022776,56.50352888382979,56.808799743652344,11224100
2018-05-18,56.57984635099662,56.753297743497136,56.37864210049804,56.406394958496094,10030900
2018-05-21,56.70471773121899,57.13487369195368,56.559013938947096,57.086307525634766,8822400
2018-05-22,57.19731553952979,57.34301402984863,56.44106494503884,56.642269134521484,10753400
2018-05-23,56.16355823034723,57.05163379773388,55.899914021893984,56.99612808227539,15140900
2018-05-24,56.44107990359667,56.448019441160035,55.46975108405864,55.691768646240234,13360500
2018-05-25,55.00488963088528,55.03958201718063,54.17925953555375,54.60942077636719,14562000
2018-05-29,54.22090085733355,54.62330931753395,53.79073954194872,54.408226013183594,14644800
2018-05-30,54.984073475094654,56.65614689380342,54.96326016171898,56.545135498046875,16627500
2018-05-31,56.06642854906316,56.579848501567355,55.98317526522101,56.36476516723633,15803100
2018-06-01,56.80185792709065,57.13488160128886,56.57984037985322,56.774105072021484,9906100
2018-06-04,56.92673263867262,57.259756251506424,56.066410170003024,56.17742156982422,10954700
2018-06-05,55.913773939510364,56.64921125368255,55.788894050669015,55.976219177246094,12059300
2018-06-06,56.53127829373224,56.95449480751471,56.10805648663353,56.93368148803711,11603300
2018-06-07,57.39854644989198,57.787075938281944,57.280595460930215,57.50261306762695,13502500
2018-06-08,57.662165447636966,58.0437605232507,57.23894374316173,58.00212860107422,14350400
2018-06-11,58.085377385100216,58.13394354171061,57.53727059288922,57.655216217041016,10831600
2018-06-12,57.66216859339355,58.10620363652386,57.11406167911687,57.183441162109375,12351800
2018-06-13,57.19734061428393,57.308346767960714,56.524348273505424,56.552101135253906,12049300
2018-06-14,56.85043870845304,57.10020917494079,56.545162517564194,56.81574630737305,11477300
2018-06-15,56.69778873501665,56.76716822932465,55.858284679262745,55.96235656738281,23797500
2018-06-18,55.78196340275831,56.46188983025779,55.71258391124227,56.073360443115234,9192600
2018-06-19,55.42811633180136,56.17048794292687,55.30323114052252,55.99009704589844,8759700
2018-06-20,56.094158314795465,56.2884229548728,55.691749964169865,55.81663513183594,8917700
2018-06-21,55.51830033894142,55.76807068193271,55.03957825930363,55.28934860229492,10990700
2018-06-22,56.30925460228906,56.85042202307625,56.14273747795787,56.46188735961914,16012200
2018-06-25,56.04560541774595,56.3647553010149,55.01877627910944,55.32404708862305,10557200
2018-06-26,55.60850408941732,56.2051771592512,55.48361890518895,55.94846725463867,10382800
2018-06-27,56.23987086602354,57.225078676693784,56.23987086602354,56.69084548950195,12725900
2018-06-28,56.704730671147196,56.94062202043623,56.21906360381442,56.87124252319336,9390700
2018-06-29,57.20427428124865,57.960525199624925,57.09326812869443,57.39854431152344,17323200
2018-07-02,56.81572915136491,56.9822409809713,56.42026024772749,56.72553634643555,9998300
2018-07-03,57.294459856577326,57.898067258029,56.94755710417855,57.058563232421875,7197300
2018-07-05,57.30138135040602,57.42626652521423,56.926731119296136,57.10711669921875,9035700
2018-07-06,56.86429987824095,57.37771448176331,56.65616139788563,57.121009826660156,7637100
2018-07-09,57.45403043141122,57.67604797454016,57.28057906042561,57.516475677490234,7158600
2018-07-10,58.07153266399239,58.362935069328685,57.939713185688824,58.043785095214844,8806200
2018-07-11,57.60667153924189,57.95357429960665,56.91286601851237,57.301395416259766,10405300
2018-07-12,57.592806161515156,57.75237849030989,57.10713905014896,57.37078857421875,9762200
2018-07-13,57.363815568474294,58.10618693912822,57.28055703681932,57.80091094970703,8720000
2018-07-16,57.25282702027639,57.4401574678624,56.89205049255332,57.23201370239258,8306900
2018-07-17,57.072429607686594,57.41239274726432,56.91979158366381,57.10711669921875,7373300
2018-07-18,56.75330352387459,57.114080127961884,56.538220175812334,57.044700622558594,8711900
2018-07-19,57.03081772393618,57.3222200964107,56.69779400298903,56.89899826049805,8659100
2018-07-20,56.697782762660175,56.84348127335442,56.37169335111401,56.475765228271484,9196300
2018-07-23,56.85735505342816,56.89204744358583,56.3231271808826,56.475765228271484,8425900
2018-07-24,56.55902980676578,57.59973819984402,56.531282241068986,57.592803955078125,11121000
2018-07-25,57.592794142301884,58.099269176381746,57.24589140371513,57.99519729614258,9523600
2018-07-26,58.16171711529197,58.55718604386222,57.84256721621036,58.44617462158203,13210100
2018-07-27,56.17742717325957,57.15569008851527,56.0664157623655,56.83654022216797,18220800
2018-07-30,56.982246024533865,56.982246024533865,55.99704344663092,56.71166229248047,11282800
2018-07-31,56.64229396594861,56.996136336595306,56.50353495052335,56.552101135253906,11716800
2018-08-01,56.121934845216714,56.14968770455549,55.65708636125474,55.77503204345703,8936300
2018-08-02,55.428126081934174,55.68483604619621,55.122849939927036,55.4420051574707,8364300
2018-08-03,55.48363142097884,55.71258852593066,55.247734778305826,55.64320373535156,7811100
2018-08-06,55.677888222519506,55.80277341718114,55.324045955425596,55.62932205200195,10041800
2018-08-07,56.13579402314957,56.60757658472647,55.71950657394557,56.38555908203125,10698100
2018-08-08,56.21210510562702,56.35780888200208,55.74725680824617,56.01090621948242,7275000
2018-08-09,56.010914640604774,56.13579982962066,55.580753368813326,55.7264518737793,9828500
2018-08-10,55.733480432716895,55.740486201000245,55.27785414230706,55.67039108276367,12954300
2018-08-13,55.69139072649647,55.90168132204514,54.9764123278726,55.067535400390625,10308500
2018-08-14,55.368965284174045,55.425043505798726,54.73109289391241,54.892311096191406,8005900
2018-08-15,54.520796801770736,54.60491412582237,53.63057785085473,53.93199157714844,16307800
2018-08-16,54.17030608074483,54.74509432034616,54.11422787495151,54.67499923706055,11519900
2018-08-17,54.91333834536049,55.01848367249813,54.534823724326586,54.85726547241211,10178400
2018-08-20,54.85727585765438,55.375986129042,54.79418651026271,55.242801666259766,8152100
2018-08-21,55.411010180273514,55.782518929437295,55.14464138056214,55.256797790527344,9192200
2018-08-22,55.45308041520392,56.11198612335238,55.38999108140232,56.04889678955078,10098200
2018-08-23,55.76849588263043,55.81756297428934,55.3058640681196,55.432037353515625,7203900
2018-08-24,55.740461698452705,56.111975822833315,55.670366611028726,55.81056213378906,6545200
2018-08-27,56.013856742986555,56.40639361679433,55.97880651586208,56.35732650756836,6671900
2018-08-28,56.483503111969156,56.65173244650695,56.217134205377356,56.27321243286133,8823400
2018-08-29,56.38535736698173,56.80593329134977,56.147027622828254,56.67975997924805,8004800
2018-08-30,56.3923640173684,56.623682651167805,56.1610507314821,56.434425354003906,7450900
2018-08-31,56.245150160714694,56.39936254884307,55.915697394788054,56.196083068847656,10700000
2018-09-04,56.36433354730959,56.56060197002284,55.94375224388015,56.280216217041016,8855000
2018-09-05,56.00684325139449,57.07931384176301,55.79655259339873,57.03024673461914,13878400
2018-09-06,56.855002075368866,57.22651090868308,56.31525858900003,56.399375915527344,13320600
2018-09-07,56.18207960078578,57.42979053283696,55.95076096338396,57.35969543457031,16417800
2018-09-10,57.647090214891705,57.997571074037545,57.2405364826968,57.27558135986328,10817900
2018-09-11,57.45082508965846,58.31301040576679,57.21950642583503,58.08169174194336,11891900
2018-09-12,58.35507147567253,58.72658038435587,58.08870790950118,58.27095413208008,11556300
2018-09-13,58.284970309647036,58.35506541473665,57.485874346215276,57.70317077636719,11162700
2018-09-14,57.77325272694772,58.28495703862696,57.668107419297186,58.12373352050781,9442600
2018-09-17,58.17983102277604,58.60741816053561,58.17281990716453,58.467227935791016,8403300
2018-09-18,58.81069211138879,58.97191031965142,58.49525611397768,58.621429443359375,9219900
2018-09-19,58.628429558474096,59.42051426503477,58.628429558474096,59.32238006591797,10413600
2018-09-20,59.48361314674081,59.82007178406892,59.259305605884194,59.45557403564453,11198200
2018-09-21,59.588753758599154,59.88315637993115,59.24527868579863,59.700904846191406,26639400
2018-09-24,60.13551170194921,61.046758806503775,60.086444591303305,60.70328903198242,13549500
2018-09-25,61.00468750517665,61.23600611786191,60.542055627718746,60.6331787109375,12200700
2018-09-26,60.29671974928698,60.633183699777895,60.0654064654821,60.12849044799805,10275500
2018-09-27,60.34579037992538,60.54906991532823,59.9953095287991,60.121482849121094,7895400
2018-09-28,59.756968586671206,60.233622626264356,59.57471709708538,59.59574508666992,9884900
2018-10-01,59.827082932800785,60.30373712588102,59.76399894373354,60.1495246887207,8566900
2018-10-02,60.1425201570583,60.752353455553965,60.0163468284189,60.60515213012695,8453100
2018-10-03,60.64019452507904,60.90655802984436,60.268685702041374,60.387847900390625,10206700
2018-10-04,59.932237351546405,60.33879650245987,59.756996891454165,59.98831558227539,10204600
2018-10-05,59.79905561766032,60.07243032003823,59.53269203142189,59.82008361816406,9217400
2018-10-08,59.434546538631366,60.500006029673195,59.33641232292674,60.37383270263672,13242400
2018-10-09,60.54907692878788,60.899557820510715,60.10046181521577,60.64020538330078,10177900
2018-10-10,60.79441130065058,60.85749528738535,59.231264338401395,59.24528121948242,16573400
2018-10-11,58.83870845787642,58.99992660376193,56.897042159639525,57.198455810546875,20320100
2018-10-12,57.569975514224154,57.647081719706534,56.26618648250194,57.044254302978516,15216300
2018-10-15,57.044262619334724,57.296609265354704,56.65172576904297,56.65172576904297,10558800
2018-10-16,56.434434641367375,56.96716174589853,56.08395374990078,56.918094635009766,9781800
2018-10-17,56.735854337828954,57.1424081499072,56.31527294588356,57.12839126586914,12247700
2018-10-18,56.91808070068112,57.808304941898975,56.91808070068112,57.37370681762695,17448600
2018-10-19,57.24055111831703,57.80131742758249,57.13540576410636,57.457847595214844,12098700
2018-10-22,57.47885774004646,57.605031056319184,56.52554942774434,56.88304138183594,9474100
2018-10-23,56.11899515320038,56.39938091858393,55.17970898926622,55.96478271484375,15465100
2018-10-24,56.16805947289616,56.2591879171726,54.35958233916715,54.40864944458008,16085700
2018-10-25,55.018484420890154,55.41102662434934,54.49276312596431,54.892311096191406,12315500
2018-10-26,54.58388791849498,54.96240786724794,53.94601022302798,54.345558166503906,18160100
2018-10-29,54.724076593239914,54.97642321872348,53.427298591562895,54.009098052978516,15707000
2018-10-30,54.408650794126714,55.397004041363154,54.268455240959945,55.221763610839844,17758200
2018-10-31,55.614297048745605,56.32226984200074,55.30587754654504,55.85262680053711,16629100
2018-11-01,55.957779759243316,56.6026633084846,55.58627087430896,56.54658508300781,14159300
2018-11-02,57.31063803379173,57.79429803725539,56.23816733979244,57.443817138671875,19350400
2018-11-05,57.8293519649803,58.08870977176941,57.08633412379317,57.226524353027344,15815000
2018-11-06,57.296599505339486,57.54894610837425,57.02322491003725,57.471839904785156,9063200
2018-11-07,57.626055483139126,58.27795001886742,57.24052979189064,58.200843811035156,12699800
2018-11-08,58.27094571633822,58.70554390692792,57.15641915125293,57.27558135986328,16865500
2018-11-09,56.82948823464711,57.63668459867867,56.425890052631324,57.261409759521484,15070100
2018-11-12,57.82080862233579,57.870373143233934,56.454237800855424,56.52504348754883,11906600
2018-11-13,56.503798635601136,56.53919877557462,54.97436997258681,55.22927474975586,15530200
2018-11-14,55.83820819973969,56.00106071330778,54.34418521634495,54.79734802246094,18552100
2018-11-15,54.28753441401178,55.363800048828125,53.74940699872997,55.363800048828125,18976000
2018-11-16,55.491258374941424,56.07187357639806,55.300077102511,55.90901565551758,13704900
2018-11-19,55.55498008757204,56.19224197174765,55.53373892512065,56.09311294555664,9430800
2018-11-20,55.526657671046245,55.866532482366495,54.075122390472174,54.499961853027344,15533700
2018-11-21,54.82566252742573,55.498324439877365,54.70529235818716,54.91770935058594,9685300
2018-11-23,53.848544088917876,53.95474990908609,52.89264849038654,53.452022552490234,10875400
2018-11-26,53.98306050284332,54.74777464007591,53.8980958667903,54.50703430175781,13741100
2018-11-27,54.21672391363427,54.83982131892972,54.096353744791834,54.55659866333008,10344500
2018-11-28,54.54951740656853,55.547889709472656,54.407900674227754,55.547889709472656,11482100
2018-11-29,55.38503476429063,56.31260136096114,55.36379360591279,55.97980880737305,10255200
2018-11-30,55.54790106560572,56.36217988612579,55.45585422236077,56.29137420654297,14040100
2018-12-03,56.8153495616628,57.67919300215722,56.74454387355114,57.50925827026367,19415100
2018-12-04,57.622527783026726,58.02612601797193,56.18515170773285,56.241798400878906,18540700
2018-12-06,55.22927094754959,55.540822409780475,54.464556668688445,55.50541687011719,23218100
2018-12-07,56.21348347132057,56.90030987271069,54.75486601822522,54.974365234375,16224700
2018-12-10,55.13013299464286,55.13013299464286,52.96344829073691,54.19548416137695,17946200
2018-12-11,55.01684318004001,55.087654252501586,53.58654919161398,54.29461669921875,15742400
2018-12-12,55.257608552958814,55.370896585276405,53.827308654785156,53.827308654785156,14559800
2018-12-13,53.83436698762464,54.67696897598976,53.77772029550536,54.50703430175781,13749700
2018-12-14,54.3229475225788,54.42915874375938,53.16879386901139,53.515750885009766,12669300
2018-12-17,53.289166785331425,53.52990716590515,52.02880737614701,52.425323486328125,15464100
2018-12-18,52.13501368277745,52.297871602214094,50.711801744366916,50.980865478515625,18681200
2018-12-19,51.29948724476815,51.8801023677115,49.77714647023613,50.11701583862305,21679600
2018-12-20,49.628458904992655,50.03206265079913,48.184005655498446,48.59468078613281,28723700
2018-12-21,48.24771381162448,49.82670654317767,47.9149212581945,48.23355484008789,47287300
2018-12-24,47.348477954914955,47.81579971836333,46.335941164962485,46.38550567626953,14262800
2018-12-26,46.85990413839859,48.615913794381115,45.77656180235888,48.601749420166016,24887700
2018-12-27,47.96448667169304,48.814170837402344,46.789097535331706,48.814170837402344,22077000
2018-12-28,48.9841087162179,49.26733678999458,48.02113650665288,48.268959045410156,19710600
2018-12-31,48.3751736656308,48.962871014861086,47.907851902694276,48.28312683105469,15807000
2019-01-02,47.6883491990892,49.47268247972752,47.624625711558366,49.34523010253906,16727200
2019-01-03,49.56471648661837,49.74173333121344,48.403486418244775,48.58758544921875,13866100
2019-01-04,49.309829425365486,50.463977719941745,49.11157135288636,50.37901306152344,16043600
2019-01-07,50.44981534026813,51.05167170600734,50.08869935997382,50.6409912109375,10844200
2019-01-08,51.36321955796982,51.3986196933893,50.9383801180501,51.009185791015625,11439000
2019-01-09,51.40570020127511,51.40570020127511,50.7330382268968,51.27824783325195,13473500
2019-01-10,51.030417210785565,51.03749939736807,50.35775534283702,51.016258239746094,13151100
2019-01-11,50.87465487345954,50.902978225098984,50.32236302180778,50.78260803222656,9790100
2019-01-14,50.42149260740447,50.825090918994235,50.357769117108354,50.71887969970703,11012400
2019-01-15,50.94544274346584,51.235752944696706,50.499362265858124,50.74718475341797,10298300
2019-01-16,50.570176443676715,51.2499205536207,50.49228859129632,50.7259521484375,12595600
2019-01-17,50.40733425193509,51.221607671513695,50.201993999356986,51.072914123535156,10141700
2019-01-18,51.880097000661216,51.894261374118976,51.072900581589835,51.68183898925781,15759200
2019-01-22,51.25700309099923,51.4835844625287,50.75427584173467,50.90296936035156,15035600
2019-01-23,50.98793765071359,51.19327785569767,50.22322352224716,50.48521041870117,13187200
2019-01-24,50.34360402319065,50.95962476458288,50.01789358357439,50.556026458740234,11272500
2019-01-25,51.030430606413,51.17204196248326,50.65515565091255,50.78260803222656,8996200
2019-01-28,50.28695042416292,50.47104948291829,49.82671088046379,50.442726135253906,13678400
2019-01-29,50.768432641862475,51.115389572583126,50.612662344828095,50.63390350341797,10513200
2019-01-30,50.81799728322996,51.38445339041067,50.63390364020316,51.186195373535156,11524700
2019-01-31,51.186191323152464,52.035870014562335,50.99501010620375,51.887176513671875,19876700
2019-02-01,53.04840993429651,54.1600755702185,52.62357056172533,53.75647735595703,22968700
2019-02-04,53.64320446336238,53.64320446336238,52.68023206692289,52.97761917114258,15483800
2019-02-05,53.23252603632327,53.558236506414744,53.112155832575276,53.522830963134766,12786700
2019-02-06,53.51573923563504,53.65026837786066,53.19710564145387,53.28915786743164,10866900
2019-02-07,53.069654844334345,53.2395949270772,52.32618724030721,52.87847900390625,14418900
2019-02-08,52.80689227281295,53.028828379203794,52.06948672774529,52.96439743041992,11959500
2019-02-11,52.892787847938706,53.13620634249258,52.54914527716876,53.05029296875,10434800
2019-02-12,53.751917332116484,54.0168074022726,53.565774378040885,53.981014251708984,12599200
2019-02-13,54.10989056111268,54.79718143358048,54.059775772352594,54.589561462402344,13214600
2019-02-14,54.596707410364274,54.87591908057665,54.20294456155152,54.60386276245117,12772900
2019-02-15,55.0835525541331,55.67061383371417,54.947524361586765,55.63481521606445,14330300
2019-02-19,55.52741147203538,56.18606982852233,55.448658901826086,56.00708770751953,13551500
2019-02-20,56.05720230095714,56.422321893905064,55.84242157161061,56.22186279296875,12633100
2019-02-21,55.99277755544003,56.31494871653834,55.56322146941093,55.713565826416016,10266000
2019-02-22,56.350724447396914,56.522545736261705,55.57036510297325,56.143104553222656,9519300
2019-02-25,56.15027508321537,56.450963756286434,55.98560911723766,56.20038986206055,9274400
2019-02-26,56.329257573681716,56.65142323085747,56.121637642263536,56.31494140625,10990600
2019-02-27,56.47244336063699,57.09530317986477,56.314943664168126,56.89484405517578,12398200
2019-02-28,56.8805111678072,57.095291880096,56.35072566282201,56.5798225402832,14597900
2019-03-01,56.83040669262482,57.27428436279297,56.57983279095788,57.27428436279297,15419400
2019-03-04,57.44609342128449,57.66803494003294,56.56550454599622,57.49620819091797,18089900
2019-03-05,57.36020549488741,57.56066464326745,57.09530992761256,57.41032028198242,13745500
2019-03-06,56.45098143994179,56.83042280750376,55.74221349936183,56.75883102416992,18633600
2019-03-07,56.95213419172969,57.460442948281,56.78746817606521,57.388851165771484,16541700
2019-03-08,56.47959641361101,56.78744587338987,56.02140263097746,56.56550979614258,16211300
2019-03-11,57.25996449160205,57.481900581281174,57.02370677298172,57.11677551269531,11060900
2019-03-12,57.35303694075992,57.68952423532755,57.19553178482602,57.27428436279297,11320000
2019-03-13,57.696667953769236,57.81837993469431,57.417456310771065,57.7825813293457,10260200
2019-03-14,57.84702531734603,57.92577788976678,57.524854213233596,57.589290618896484,9976700
2019-03-15,57.40314125490702,57.66803673814364,57.34586567008282,57.38166427612305,25316400
2019-03-18,57.58929532316588,58.16919571099689,57.58929532316588,58.047489166259766,9840600
2019-03-19,58.405437544422895,58.70612614793516,57.732463130952624,57.89712905883789,13936500
2019-03-20,57.81124306029539,58.64887833614676,57.67521485816305,58.219322204589844,13133600
2019-03-21,57.854192722770556,58.627396979205265,57.84703736895142,58.55580520629883,10117000
2019-03-22,58.15487777155802,58.305222109671405,57.48906401014085,57.6179313659668,12497700
2019-03-25,57.274293732078036,57.589304095477196,56.980760354892034,57.217018127441406,11320400
2019-03-26,57.51053396581568,58.18350299770473,57.403143605398085,57.96156692504883,9472800
2019-03-27,57.96874254655722,58.21215566105418,57.14542352251382,57.517704010009766,7258700
2019-03-28,57.29576846699036,57.83987576545434,57.28860765116657,57.8040771484375,7412300
2019-03-29,58.22647574752373,58.333866132523625,57.61793751532679,57.8470344543457,10889200
2019-04-01,58.154860845995834,58.548618151568334,58.04747050371253,58.51282501220703,10816400
2019-04-02,58.52715978528944,58.6703433124618,58.068965943816146,58.262264251708984,7646000
2019-04-03,58.541479264673974,58.541479264673974,57.71100492831434,57.91862487792969,8562900
2019-04-04,58.07611069075659,58.7634012628123,57.82553139438114,58.74192428588867,9360600
2019-04-05,58.81354030842498,59.0855912319292,58.670351299657874,59.05695343017578,10059100
2019-04-08,59.185823216146495,59.56526454614548,59.128547610308274,59.422080993652344,9108200
2019-04-09,59.07842398773145,59.12138341673832,58.52000056955641,58.656028747558594,8561600
2019-04-10,58.64886707661052,58.76341826948861,58.283747439040006,58.39113235473633,10324300
2019-04-11,58.37680604025007,58.75624724203072,58.004520190204495,58.67033386230469,9115100
2019-04-12,59.28604216018033,59.28604216018033,57.68952453407658,57.93293762207031,16638700
2019-04-15,57.91145678067077,58.033163316558436,57.64656126541432,57.7396354675293,8536100
2019-04-16,57.85417685804568,58.240778880249344,57.76826893895641,58.13338851928711,7005700
2019-04-17,58.383986223169494,58.49137115582664,58.04749886857077,58.298072814941406,8311400
2019-04-18,58.39113197191781,58.58443574310689,58.04032850470621,58.083282470703125,9493900
2019-04-22,58.61306604342182,59.57956838942891,58.44840009132839,59.35047149658203,10770600
2019-04-23,59.55810340612677,59.77287871400179,59.19297828200679,59.69412612915039,10595100
2019-04-24,59.42922766189286,59.47934243954513,58.51284003505074,58.53431701660156,11684000
2019-04-25,58.45556839756081,59.307519675286706,58.27658625639382,58.8636474609375,11135000
2019-04-26,57.4675863866119,57.725321119884725,56.959277735463196,57.625091552734375,18053500
2019-04-29,57.36019799323274,57.54633548546964,57.030871512235045,57.2528076171875,10023700
2019-04-30,57.539190755860474,57.65373650591585,57.22418038452892,57.474754333496094,13721500
2019-05-01,57.23133009657738,57.460427014340326,56.28630462804254,56.32209777832031,13909800
2019-05-02,56.04287402877167,56.20037915000709,55.29830784063166,55.3341064453125,15360400
2019-05-03,55.692086741847646,55.99277544452191,55.44151282295243,55.462989807128906,12180700
2019-05-06,55.06923342014219,55.599024582457794,54.91888905097774,55.21957778930664,13367100
2019-05-07,54.76852788289079,54.976147794369524,54.24589769715456,54.92603302001953,13498800
2019-05-08,54.79717614205947,55.33412259639649,54.7112627430089,55.0119514465332,11352900
2019-05-09,54.661152852807504,55.040594173906776,54.38194110852305,54.96184158325195,13221600
2019-05-10,55.16459286252884,55.6063155611523,54.43321512017862,55.439762115478516,11056000
2019-05-13,54.780787697442136,55.200787122825695,54.57078798475035,54.82423400878906,12176100
2019-05-14,55.12837511474839,55.61354958358468,54.860448799934,54.89665222167969,10548400
2019-05-15,54.72287492078273,55.432529563365684,54.46218591123887,55.30218505859375,8918000
2019-05-16,55.32388410703849,55.72215481906093,55.19353965908186,55.294918060302734,8105200
2019-05-17,54.78080145964709,55.251490208086295,54.737349612675075,54.969078063964844,9279400
2019-05-20,55.07045528182104,55.29493530815835,54.795280514351845,54.96183395385742,7154300
2019-05-21,55.229770337741776,55.36735774647849,54.98356710601423,55.21529006958008,8489900
2019-05-22,55.04873095833145,55.193561248662206,54.59252797438858,54.71562957763672,7858300
2019-05-23,54.14355941741984,54.16528810332098,52.89080924126238,53.43391036987305,14657200
2019-05-24,53.68735228470812,53.7670075526889,53.18046014729402,53.65838623046875,7056400
2019-05-28,53.759763491688446,53.76700638626865,52.49252765093464,52.57942581176758,14912900
2019-05-29,52.05805106404614,52.449084524524956,51.862537096161816,52.253570556640625,13645200
2019-05-30,52.1521931152655,52.23184839631589,51.797368560857024,52.115989685058594,9362100
2019-05-31,51.5511577187975,51.81184668644252,51.145638477621894,51.24701690673828,13983300
2019-06-03,51.478733246681735,52.14494137043844,51.391840618368185,52.05080032348633,11831000
2019-06-04,52.463579543762684,53.33978777227108,52.260822623837726,53.289093017578125,10423000
2019-06-05,53.325288635015966,53.325288635015966,52.55770748030496,52.84736251831055,10617800
2019-06-06,53.37597933027907,54.03494469810608,53.289081159058114,53.81045913696289,11738900
2019-06-07,53.95528460174548,54.28114304646721,53.89735249277407,54.00597381591797,9095500
2019-06-10,54.447698575926005,54.54907700817611,53.91183483436376,54.24494171142578,7760400
2019-06-11,54.679426584749955,54.89666373491291,54.179771747366914,54.194252014160156,9415100
2019-06-12,53.93356049692438,54.0276960288208,53.448385998678496,53.607696533203125,7920800
2019-06-13,54.092860848103825,54.433205047147744,53.861137960945534,54.0783805847168,8986400
2019-06-14,54.078393787546254,54.17252933431792,53.75253529704289,53.83942794799805,8575900
2019-06-17,53.70184596000093,54.44770401088248,53.61494778452231,54.37528610229492,9355700
2019-06-18,54.614243431983404,55.19355346215815,54.56355421869636,54.84596633911133,10091500
2019-06-19,54.599767897890814,54.925626365152915,54.43321445425462,54.54183578491211,9757400
2019-06-20,55.20803933890745,55.736660209531536,55.09218063592094,55.47597122192383,16229700
2019-06-21,55.85976119469077,56.30872678502201,55.6642472184866,56.25803756713867,23108100
2019-06-24,56.14217514537015,56.308728595032235,55.620797159119114,55.72217559814453,10011800
2019-06-25,55.8163121659031,55.91769059675447,55.17183263061504,55.229759216308594,9740000
2019-06-26,55.52664776835212,55.85250616614076,55.37458014773681,55.46871566772461,11365500
2019-06-27,55.461500777089235,55.577365036845386,54.86047288491814,54.9039192199707,8147800
2019-06-28,55.171832441339966,55.5628658981581,54.990798740482134,55.490447998046875,14781300
2019-07-01,55.85251875725826,56.431828844711774,55.24424813767146,55.439762115478516,11437900
2019-07-02,55.135636369629445,55.229771927167654,54.60702093349052,54.83150100708008,10475400
2019-07-03,54.90391668648387,55.39632871830168,54.76632926555027,55.352882385253906,5246100
2019-07-05,55.17184311928756,55.28770183741059,54.73735773337046,55.12839126586914,6880800
2019-07-08,55.13562721485644,55.54114096425703,54.97631666338893,55.3818359375,7876100
2019-07-09,55.36011091288383,55.59183385996977,54.8387384254736,55.34563064575195,7863000
2019-07-10,55.61355054166871,56.214578180329234,55.57009870023194,56.127685546875,8077400
2019-07-11,56.05528006302061,56.2001048197071,55.79459108121666,56.171138763427734,6404000
2019-07-12,56.30148251828799,56.39561805643252,56.1204488124414,56.21458435058594,6139000
2019-07-15,56.21458170183877,56.29423697063485,55.678723504700585,55.81631088256836,7116400
2019-07-16,55.700446735456836,55.80906805892728,54.882176411438145,54.98355484008789,10197400
2019-07-17,54.84598597495782,55.00529656652742,54.56357375343421,54.65771484375,7419300
2019-07-18,54.3318394098942,54.505630234966716,53.71632586403306,54.194252014160156,11424500
2019-07-19,54.23768697796625,54.491133003272225,53.97699805916324,54.3028564453125,11243100
2019-07-22,54.48390711580271,54.52735896563848,53.948048848654544,54.36080551147461,8368800
2019-07-23,54.41874575325679,54.8677059124774,54.12909065151707,54.57805633544922,8551200
2019-07-24,54.592535390664786,55.07046712661624,54.2015018407167,54.5708122253418,8260200
2019-07-25,54.87494351045732,54.87494351045732,54.165294380667575,54.259429931640625,9083900
2019-07-26,54.21597534404261,54.36804299154328,54.02045585103449,54.172523498535156,7677300
2019-07-29,54.22319605415604,54.58526334878112,54.09285160710268,54.556297302246094,7091900
2019-07-30,54.35356071389877,54.7156281431674,54.23045911387797,54.563560485839844,6961200
2019-07-31,54.33907631606539,54.788041883118304,53.774252053305005,53.84666442871094,13104600
2019-08-01,53.39769776733066,53.7814883213558,52.33321874407754,52.47080612182617,17132800
2019-08-02,52.579425187224125,53.05011388456948,51.543912262948254,51.956668853759766,21376700
2019-08-05,51.2542640822742,51.35564251985757,50.407027629022934,50.89219665527344,19080900
2019-08-06,50.899436411388294,51.42081435806584,50.89219351637606,51.384605407714844,12282400
2019-08-07,50.5880564084014,51.32667145656929,50.2549550710151,51.0515022277832,15231100
2019-08-08,51.30495074174991,52.43460481444333,51.13840282747558,52.41287612915039,14304100
2019-08-09,52.23184504356684,52.31874321496498,51.02978405846693,51.29771041870117,13686600
2019-08-12,51.363704202620276,51.437022559720376,50.828515993583665,51.04845428466797,9542600
2019-08-13,50.78450605824902,51.77424759809541,50.527908678564295,51.67893600463867,12403300
2019-08-14,50.637887847127764,50.65254815946872,49.596832275390625,49.596832275390625,18114400
2019-08-15,49.457532051803554,49.530844797224475,48.775712891921515,49.30357360839844,12874400
2019-08-16,49.69214422931382,50.19067880956367,49.318241895775216,50.07337951660156,12649000
2019-08-19,50.56456999397291,51.06310446429945,50.48392430072865,50.916473388671875,10032800
2019-08-20,50.80650921688164,50.80650921688164,50.37395451728831,50.608558654785156,9743500
2019-08-21,51.29037736243879,51.305043267195934,50.8578282599677,51.11442565917969,10134200
2019-08-22,51.253725615534734,51.2903791919274,50.76985142255803,51.00445556640625,8972000
2019-08-23,50.45460227846567,50.97513005504217,49.14228340791191,49.47952651977539,15371900
2019-08-26,49.94140453812852,50.04404349690154,49.508849846096204,49.74345397949219,7343900
2019-08-27,49.94873671090416,50.17601350729452,49.0982987429082,49.25959014892578,9490900
2019-08-28,49.5088482828157,49.838764005657666,49.23759058322524,49.61882019042969,9647400
2019-08-29,50.073372272360054,50.34462999438161,49.91940823292659,50.168678283691406,9004100
2019-08-30,50.3006473578184,50.645223446581255,49.89741882981836,50.20534133911133,9180800
2019-09-03,49.772786898392944,50.3519671542713,49.582169266398985,50.26398849487305,9849700
2019-09-04,50.953145179040824,51.03379089226422,50.65255559458906,50.79918670654297,6959200
2019-09-05,51.20241213427976,51.72294561491813,51.09977314769325,51.517662048339844,9901500
2019-09-06,51.57631546010181,52.01619763846793,51.40769666187406,52.00153732299805,10418500
2019-09-09,52.17016634703821,52.837319831561665,52.03820112247009,52.4120979309082,12840200
2019-09-10,52.88862264423951,53.409150423198966,52.50739300098897,52.837303161621094,13810800
2019-09-11,53.35783552947955,53.40182206310569,52.456078029716295,52.73466873168945,10525700
2019-09-12,52.038174199417355,52.90327786991619,51.83289071698127,52.77131271362305,9100700
2019-09-13,52.97658974164148,53.313832781486624,52.82995868514172,53.25518035888672,7337200
2019-09-16,55.01470794533324,55.117346877103834,53.9589868260903,54.054298400878906,19830200
2019-09-17,54.12029428737469,54.31091190030222,53.24785751417166,53.64375305175781,14452200
2019-09-18,53.26252901516086,53.49713318133347,53.02792484898825,53.38716125488281,7292200
2019-09-19,53.497139602038324,53.65843103440347,52.92529222794748,53.027931213378906,8050200
2019-09-20,53.145218946417714,53.15255189903966,52.68334361250666,52.844635009765625,19736600
2019-09-23,52.43408296294987,53.04992244529284,52.39009642614144,52.88129806518555,7495200
2019-09-24,52.64667709893051,52.6906692151216,51.920871505914334,52.15547561645508,13307100
2019-09-25,52.03819428172419,52.39743072616679,51.92088938934816,52.309452056884766,8035200
2019-09-26,52.21414559865942,52.30945162787946,51.81824998024489,52.030860900878906,8420200
2019-09-27,51.83291309632191,52.54405865708959,51.78159360190596,52.40476608276367,8224000
2019-09-30,52.22880119482095,52.38275965583875,51.74493254496569,51.76692581176758,9768900
2019-10-01,51.92821584492851,51.98686828377648,50.52059087300388,50.54991149902344,10279100
2019-10-02,50.05137448608779,50.28597863649985,49.12762379013014,49.230262756347656,14503700
2019-10-03,49.12028966558271,49.853428317307824,48.61442220600309,49.838768005371094,10788400
2019-10-04,49.93407172163536,50.637884123737685,49.72146085119762,50.564571380615234,10534800
2019-10-07,50.36661841402652,50.608555488829936,49.86808395385742,49.86808395385742,10993000
2019-10-08,49.516180349520184,49.79477099621117,48.85635450903788,48.90034103393555,9748700
2019-10-09,49.34023213282165,49.63348311067187,49.26691379495522,49.44287109375,8580900
2019-10-10,49.43555048641095,50.117369807645126,49.39889130832315,50.03672409057617,7100100
2019-10-11,50.57191467285156,50.9458114172439,50.50592927516739,50.57191467285156,10101900
2019-10-14,50.29330701566764,50.857826871930655,50.285974063489206,50.718528747558594,6234600
2019-10-15,50.630562693002936,51.319714940667225,50.593909109802624,50.894493103027344,6645700
2019-10-16,50.740540990617156,50.975145207449984,50.007402113838864,50.02206802368164,9765800
2019-10-17,50.205336176012736,50.49858715523189,49.9120796033897,49.9560661315918,9757200
2019-10-18,49.75813015788756,49.96340811781817,49.56751251220703,49.56751251220703,13472700
2019-10-21,49.721460323669035,50.41793976604856,49.721460323669035,50.39594650268555,10199300
2019-10-22,50.425274740551174,51.14375306851116,50.329968731021395,50.65254592895508,9536000
2019-10-23,50.55725230923211,51.14376560205178,50.425287098017954,51.13643264770508,8641800
2019-10-24,51.29037855908066,51.356363945219684,50.601226447915366,50.65254592895508,9003600
2019-10-25,50.51325807029874,50.938479863106785,50.51325807029874,50.76985549926758,7607200
2019-10-28,50.92380524961971,51.07776368067697,50.278645310893566,50.3226318359375,11209600
2019-10-29,50.20534016546624,50.608563090635705,50.02938285186803,50.1760139465332,13894400
2019-10-30,50.124700352306014,50.124700352306014,49.31824322038518,49.64815902709961,12840600
2019-10-31,49.457543218134106,49.64816087398855,49.22293902377678,49.53818893432617,16169100
2019-11-01,50.139365222619155,51.03379550954403,50.080712772531015,51.02646255493164,14108700
2019-11-04,51.37101634121593,52.6906679266136,51.27571034637173,52.544036865234375,15858200
2019-11-05,52.81530984280798,53.60710093960208,52.676011707241216,53.58510208129883,14930400
2019-11-06,53.321194186113374,53.42383318373237,52.19948698058147,52.4120979309082,13996500
2019-11-07,52.80798034391385,53.54111905332463,52.78598707757624,53.526458740234375,13073800
2019-11-08,53.1332113301199,53.27418940282526,52.42833228831432,52.509944915771484,12106000
2019-11-11,52.094424442426636,52.391217627706176,51.91635079560258,52.190879821777344,8674000
2019-11-12,52.138946169458535,52.24282860546187,51.18179669290056,51.471168518066406,13918600
2019-11-13,51.21147920632685,51.307940270897795,50.89984883046825,51.048248291015625,11773700
2019-11-14,51.09275878082628,51.17437705850011,50.588212001051616,50.825645446777344,11279800
2019-11-15,50.98146295145483,51.4192342482115,50.951783061771316,51.337615966796875,11252800
2019-11-18,50.97403746685468,51.063077128748795,50.67724991559367,50.84048080444336,10095600
2019-11-19,50.751452061451886,50.87016596208357,50.291422251961,50.321102142333984,12605500
2019-11-20,50.20981150365781,50.855336479208866,49.95011949999743,50.476924896240234,16930700
2019-11-21,50.46950261150892,51.753131150905205,50.395305706188786,51.69377136230469,14080900
2019-11-22,51.723439068883934,52.0721706686632,51.44148863075969,51.471168518066406,12143600
2019-11-25,51.47117014786139,51.52310853707781,50.98146048308389,51.129859924316406,10670000
2019-11-26,51.13727217273246,51.22631183141611,50.781124859716805,51.00371551513672,15457000
2019-11-27,51.018563649557294,51.263412830161265,50.758871693850004,50.97404098510742,8393900
2019-11-29,50.69950492554148,50.84789869095611,50.454650117834,50.55110549926758,7980800
2019-12-02,50.825637080107306,51.10758748147459,50.72918170457982,50.76627731323242,11116900
2019-12-03,50.45464022424216,50.64013522506659,50.09848733188168,50.3656005859375,12245800
2019-12-04,50.64014604261147,51.018557510168314,50.5585277719451,50.93693923950195,11049700
2019-12-05,51.11502034534358,51.17438012554761,50.610473535329774,50.758872985839844,13109000
2019-12-06,51.01858401701927,51.842182877385284,51.01858401701927,51.575069427490234,13710800
2019-12-09,51.25599426631455,51.91635620035747,51.21147160432913,51.686344146728516,12397700
2019-12-10,51.686330999707735,52.04989962509553,50.974025197721815,51.24113845825195,14281800
2019-12-11,51.00372509543666,51.760548184257104,50.951786699996866,51.166961669921875,13748400
2019-12-12,51.16694927646506,52.220559706391214,51.12243227997384,52.190879821777344,17068500
2019-12-13,52.29478514231043,52.33930215829061,51.28569126710775,51.3673095703125,12274500
2019-12-16,51.716021366070656,52.12411276953561,51.716021366070656,51.93861770629883,15208700
2019-12-17,51.92378731754672,52.220574928479486,51.426656181426615,51.70119094848633,14450700
2019-12-18,51.66409515153112,52.153804951108974,51.40440313396473,51.8421745300293,13652300
2019-12-19,51.931187000751834,51.97570965732485,51.374701910891226,51.486000061035156,13273200
2019-12-20,51.834736600620275,52.10927130922352,51.48600500508252,51.89409637451172,35092000
2019-12-23,51.834734012902224,52.161207092147244,51.589879203468456,52.153785705566406,14172500
2019-12-24,52.19831556311656,52.3096137458117,51.87184806430104,51.953460693359375,3979400
2019-12-26,52.07959117259784,52.309603219249965,51.946034512412176,52.03506851196289,8840200
2019-12-27,52.08700667456884,52.16862494771225,51.84957324202242,51.85699462890625,10516100
2019-12-30,52.005398199873454,52.265095842001536,51.49343562562065,51.55279541015625,12689400
2019-12-31,51.21146130556876,51.79021050811321,51.204045580778974,51.775367736816406,13151800
2020-01-02,52.11669742459043,52.695441183253514,52.11669742459043,52.606407165527344,12456400
2020-01-03,52.932871516349095,52.9551356803169,52.057340202869234,52.183475494384766,17386900
2020-01-06,52.17605695817377,52.947717186282404,52.10928144520183,52.58414840698242,20081900
2020-01-07,52.30960085860808,52.32443797091043,51.575042091166104,52.153785705566406,17387700
2020-01-08,52.02025033508885,52.15380704389102,51.32278689347068,51.3673095703125,15137700
2020-01-09,51.30051024955499,51.8644167830169,50.92209876491585,51.76054000854492,14811800
2020-01-10,51.886675441870445,51.908933942059726,51.285673293321175,51.30051040649414,11995600
2020-01-13,51.34502572066762,51.84215673896067,51.278250222292726,51.790218353271484,9953900
2020-01-14,51.47858458692339,51.626984024444795,51.11501587150046,51.345027923583984,16261000
2020-01-15,51.34502693473864,51.63439875625777,51.11501488708488,51.26340866088867,11390300
2020-01-16,51.419236680873404,51.626990257626765,51.048246533568,51.06308364868164,13340300
2020-01-17,51.01113719434571,51.25599201148484,50.66982699205759,50.87015914916992,18144100
2020-01-21,50.73660522191413,50.7662851099098,50.0910860558026,50.14302444458008,17982600
2020-01-22,50.1281896848442,50.232066479007386,49.71268250819146,49.853660583496094,17033100
2020-01-23,49.4975056980459,49.66074227164473,49.00780163810994,49.542022705078125,19605900
2020-01-24,49.37137027066704,49.475247060701584,49.000380117440685,49.208133697509766,18238600
2020-01-27,48.54034774218205,48.77036547449643,48.00612104383409,48.03580093383789,21231000
2020-01-28,48.31032721280716,48.377102707979844,47.95417425597519,47.969017028808594,19664700
2020-01-29,48.250964441745744,48.32516131871972,47.41252897630792,47.56834411621094,14202800
2020-01-30,47.32350101691921,48.13967818695667,47.063809052933685,48.07290267944336,18544700
2020-01-31,46.89315215885417,46.89315215885417,45.89889851503081,46.09181213378906,34282900
2020-02-03,45.54275127532495,45.57242833598217,44.79334959273382,45.060462951660156,27389300
2020-02-04,45.594685729846354,45.935995956569684,44.43719555132336,44.49655532836914,31922100
2020-02-05,45.07530154990549,46.692818770229515,44.96400337686948,46.5444221496582,32099200
2020-02-06,46.69282469901155,46.75218165651881,45.83954614520479,45.91374588012695,16055400
2020-02-07,45.56501156421194,45.75050664513292,45.3053195830947,45.60953140258789,15112500
2020-02-10,45.5192111761126,45.54931716379296,44.871946796309814,45.12784194946289,20934500
2020-02-11,45.59448054241469,45.827794791775666,45.28589844552903,45.556846618652344,14908700
2020-02-12,46.1664764633773,46.30947560107235,45.57942404739596,46.113792419433594,17862100
2020-02-13,45.95573409593308,46.226679340682345,45.579417906428084,45.85789108276367,16949400
2020-02-14,46.02347580418181,46.031000865468535,45.36868350070256,45.647159576416016,10855300
2020-02-18,45.27083803680257,45.451468197139555,44.743994805534555,45.067626953125,18948500
2020-02-19,45.240739932174705,45.624581243038975,45.03000375139159,45.41384506225586,12804900
2020-02-20,45.33104733090307,45.56436439934245,44.94720608521468,45.052574157714844,14817200
2020-02-21,44.78914916115135,44.78914916115135,44.24725583023574,44.503150939941406,20315700
2020-02-24,43.3666811053131,43.502155176436304,42.418365478515625,42.418365478515625,32096600
2020-02-25,42.71188698713173,42.71188698713173,40.619569917780325,40.79267501831055,36414500
2020-02-26,41.056099804068836,41.259310911238906,39.836836032113375,39.89704513549805,29801000
2020-02-27,38.91861405974959,39.468035273269216,37.48108653641352,37.49613952636719,48141300
2020-02-28,36.7058812626388,38.71540832519531,36.13387905000838,38.71540832519531,62446700
2020-03-02,39.5809413545583,40.55936298250598,38.48209864734113,40.55183792114258,38127600
2020-03-03,40.604523645212424,40.75505071829848,38.369204218207116,38.61004638671875,50580700
2020-03-04,39.3099923542782,39.49815046598989,38.474569878907914,39.4529914855957,24079600
2020-03-05,37.94773075051561,38.15846981105131,36.90909992721244,37.71441650390625,40788200
2020-03-06,36.7585681499183,36.88651428544276,35.52425141892168,35.89303970336914,55640500
2020-03-09,31.392299598878395,33.54482891999637,30.707404166801314,31.50519561767578,72896300
2020-03-10,34.74902802616641,34.816765040432514,31.196605919833086,32.6717643737793,60445900
2020-03-11,31.904089678074108,32.724459178380606,31.422405360658367,31.595510482788086,51986100
2020-03-12,30.03003299365792,30.59450727646303,27.847397951718943,27.982872009277344,65725300
2020-03-13,30.11282451884189,30.210667545976165,26.34213702509044,28.690349578857422,79891500
2020-03-16,25.890553076141867,28.509713217324947,25.025024755713947,25.958290100097656,48924700
2020-03-17,26.500187395409966,28.133401275279084,25.740029897948325,27.70440101623535,41204400
2020-03-18,26.00344766401769,27.62913345929314,23.504708439262174,24.927183151245117,54036400
2020-03-19,25.386288501288686,26.266869832653306,24.347655067469873,25.913131713867188,49412400
2020-03-20,26.221718723258835,26.47761391062905,23.753083389142002,24.641191482543945,76534600
2020-03-23,24.483131507410302,24.611080510737374,22.661762443735814,23.670289993286133,56952500
2020-03-24,25.905601183161394,27.22270764690998,25.085234770533948,26.67328643798828,61835600
2020-03-25,27.478607170189157,29.044083912353678,26.477607589012464,28.065662384033203,56607700
2020-03-26,28.223717084478544,29.77414097656929,27.63666468786218,29.217191696166992,46722000
2020-03-27,27.945246576217524,28.359193892518228,27.24529809529996,27.809772491455078,51558600
2020-03-30,27.267869499018804,28.71292509353487,26.98939633542827,28.223712921142578,45835000
2020-03-31,28.85593257973374,29.69135518401889,28.125878074896196,28.57745933532715,41491600
2020-04-01,27.74203167443027,29.126875452748454,27.350662468485474,28.246294021606445,36045900
2020-04-02,29.156977722054823,31.580451871881003,28.524766450129622,30.406347274780273,62000200
2020-04-03,31.196611294417263,31.746032562090946,28.991398292471573,29.510713577270508,48425700
2020-04-06,30.014986376481772,30.729987860773925,29.525774079054177,30.45903968811035,41301900
2020-04-07,32.28794043406223,32.604044755250676,30.97835841655079,31.038570404052734,48921800
2020-04-08,31.572933495390846,33.145935512623474,31.211670245111378,33.002933502197266,33355600
2020-04-09,34.21466468558485,35.15545508853911,31.414874398716826,32.46103286743164,60107300
2020-04-13,33.454510552867234,33.63514071998385,31.587982556628692,32.182559967041016,29651900
2020-04-14,32.36319869061394,32.92767308638046,31.54282912059065,31.9341983795166,30769000
2020-04-15,30.857929571150937,30.903088550448167,29.638665840774355,30.46656036376953,33125000
2020-04-16,30.466556612164386,30.466556612164386,29.299977065752962,29.465557098388672,30934000
2020-04-17,30.014978332313234,32.604032531873145,30.00745040116495,32.528770446777344,40829100
2020-04-20,30.66977220662357,32.167512039000876,30.511720081853607,30.993404388427734,39260800
2020-04-21,30.406347553120117,31.70840115116963,29.826820309294984,30.82781982421875,44381600
2020-04-22,32.06214175340771,32.310511844138745,31.50519533896568,31.708406448364258,27074200
2020-04-23,32.461035461278165,33.61256208776796,32.22019332856219,32.70187759399414,35271000
2020-04-24,33.41688196473805,33.78567025784242,32.4610384076716,32.91261672973633,28653800
2020-04-27,32.80725085445027,33.356672236004435,31.7836701930641,33.07067108154297,28274400
2020-04-28,33.39429369258911,34.16197896807056,33.19861056169273,33.84587478637695,26545100
2020-04-29,34.81677311353971,35.82530063142862,34.741511022932286,35.719932556152344,29502500
2020-04-30,35.8855112825383,35.8855112825383,34.44798358465124,34.97482681274414,37076300
2020-05-01,34.34261508830366,34.914614413598656,32.363191195034844,32.46855926513672,35399300
2020-05-04,31.99440026658834,33.82329712571486,31.776139064836944,33.778141021728516,27465600
2020-05-05,34.81677850608978,35.48662384892869,33.612567643470165,33.740516662597656,29276200
2020-05-06,33.81578044277582,34.07167562266296,33.040569840940634,33.108306884765625,22659000
2020-05-07,33.83835258276722,34.071669664265706,33.0932481020603,33.29645919799805,22160300
2020-05-08,34.10177569798002,34.78667107959738,33.853405623350454,34.75656509399414,19977400
2020-05-11,34.70388444070325,34.7716214793871,34.25230322578921,34.425411224365234,22258000
2020-05-12,34.84737955901564,35.039185927156595,33.8499870300293,33.8499870300293,25439100
2020-05-13,33.55844070267352,33.65817789867105,31.916575867722653,32.169761657714844,30827900
2020-05-14,31.509949210750765,32.64544253323253,30.84246388421566,32.453636169433594,24856500
2020-05-15,32.51501526992174,32.998365194381876,32.10838379275118,32.22346878051758,22445600
2020-05-18,34.06480474954192,34.970130844559826,33.80394802849045,34.78599548339844,32026100
2020-05-19,34.94712878975913,35.775733920718935,33.70422402005308,33.71189498901367,21771600
2020-05-20,34.233598104899656,34.97013674713251,34.195237418479756,34.809017181396484,19352400
2020-05-21,34.86272887412192,35.13125957986944,34.05714261034593,34.18757247924805,19130700
2020-05-22,33.796276907203286,34.27195581633069,33.335942856658384,34.2182502746582,15406400
2020-05-26,35.09289308671168,35.52253746212502,34.88574186568048,35.22332000732422,20356500
2020-05-27,35.79873855629551,36.1670064126147,34.83970676586032,35.476505279541016,20788300
2020-05-28,35.6222786543526,35.64529448179994,34.471440454259536,34.55583572387695,19698000
2020-05-29,34.387040713577484,35.05452596335862,34.04178871309327,34.885738372802734,25874700
2020-06-01,34.770658755655646,35.6376243734301,34.371701152137604,35.50719451904297,19031000
2020-06-02,35.95217995691425,36.40484302529161,35.86778470110505,36.29743194580078,22319000
2020-06-03,36.82682584272927,37.90094276716881,36.788465151156394,37.7781867980957,23418000
2020-06-04,37.50197732996155,37.70912853341636,36.94957412074872,37.6707649230957,18731400
2020-06-05,39.627201916039716,41.00820735860445,39.58883829609999,40.724334716796875,41328900
2020-06-08,41.98257994360854,42.47360379120324,41.01587418276511,41.9979248046875,33579400
2020-06-09,40.57088487485622,41.407160778997294,40.24097767884524,41.06190872192383,27276900
2020-06-10,41.046565477148945,41.046565477148945,38.82161028993735,38.8599739074707,31156800
2020-06-11,36.46622264121523,37.47128897754209,35.36909007557629,35.43046951293945,39183000
2020-06-12,36.85750973492706,37.30249895488402,35.22331877723939,36.19002151489258,30978100
2020-06-15,34.793676850564815,36.6426902733242,34.3333427001389,36.16701126098633,27929300
2020-06-16,38.03136067491799,38.16946147318066,36.243727116768405,36.980262756347656,26203400
2020-06-17,36.826820519847594,36.92656064490735,35.752703750658945,35.77572250366211,19279400
2020-06-18,35.376760265756744,36.31277610044437,35.11590353773227,35.99821090698242,21478700
2020-06-19,36.99560548767572,37.02629227584455,35.27701950073242,35.27701950073242,48899900
2020-06-22,35.05454948100847,35.629968892279535,34.8320561996352,35.6146240234375,17565400
2020-06-23,35.98287913509896,36.22839107470465,35.67598774722526,35.82943344116211,18916600
2020-06-24,35.22331674162951,35.261677424915874,33.949722740087616,34.14152908325195,27626900
2020-06-25,33.796283048934285,34.709283276749325,33.520081397720766,34.655574798583984,19353600
2020-06-26,34.43307915344717,34.479110807522595,33.37430720871983,33.466373443603516,31518600
2020-06-29,33.61214951833731,34.20291349241286,33.404998286383574,34.00343322753906,17052100
2020-06-30,33.32059290176516,34.50212049131291,33.11344173268351,34.3103141784668,22153600
2020-07-01,34.133853346625244,34.81668336457845,33.504725936381256,33.53541564941406,17290100
2020-07-02,34.23359343001482,34.67091163429431,33.70420900555342,33.81929397583008,18216600
2020-07-06,34.271962559297755,34.58652783203055,33.63516689986412,34.0571403503418,22692000
2020-07-07,33.68120396833784,33.75792535527013,33.0750950606795,33.174835205078125,17407600
2020-07-08,33.105780277965565,33.70421520939881,32.867939328090166,33.098106384277344,18291400
2020-07-09,32.91397066842581,33.06741340628322,31.67873731223834,31.73244285583496,25882000
2020-07-10,31.548307313592254,32.76819580448435,31.532962454537515,32.722164154052734,18951000
2020-07-13,32.975355091214176,33.21319607473931,32.399935905969485,32.72984313964844,20028300
2020-07-14,32.630102182321785,33.90369649688506,32.42295092958319,33.81163024902344,21444100
2020-07-15,34.54816423940569,34.594198824243406,33.91903954695567,34.241275787353516,17332400
2020-07-16,33.995758925787634,34.37937163028057,33.59680136190706,33.972740173339844,14673700
2020-07-17,34.011109811917976,34.287308549639654,33.289915926567346,33.38965606689453,17958900
2020-07-20,33.15180011114708,33.381967085256136,32.59172606768004,32.60707092285156,18553900
2020-07-21,33.1057839781566,34.67092189120262,33.07509425343939,34.256622314453125,28821800
2020-07-22,33.87300066772328,33.87300066772328,33.27456289934172,33.45869827270508,21345400
2020-07-23,33.29758109012691,33.61981432967697,33.006034640010846,33.527748107910156,17934400
2020-07-24,33.665862172500454,34.08016179710336,33.1364746035482,33.32061004638672,16415300
2020-07-27,33.16716066052556,33.826975111455916,32.96768330236983,33.81163024902344,18547900
2020-07-28,33.68886793916327,33.94972469797977,33.34361591621016,33.41266632080078,19190500
2020-07-29,33.53542527356787,33.826971777584646,33.251552663377645,33.78093719482422,14143200
2020-07-30,33.09043151038813,33.12879219410132,32.09303910018227,32.12372589111328,29901100
2020-07-31,31.579002078557192,32.35389856090112,31.387195699817962,32.28485107421875,32116200
2020-08-03,32.2618223036317,32.60707426353319,31.8168331649948,32.41526794433594,23033600
2020-08-04,32.48432606789158,33.451028858967945,32.40760469264513,33.35129165649414,17724000
2020-08-05,33.87301136015463,33.99576733890214,33.3973293816163,33.64284133911133,17175100
2020-08-06,33.297583698050666,33.681196399978745,33.18249871677918,33.48171615600586,14434900
2020-08-07,33.167149532414875,33.38964557293496,32.844916309646976,33.32826614379883,18757900
2020-08-10,33.75025335689957,34.21825848567198,33.45103293283868,34.149208068847656,24367800
2020-08-11,34.908757143332174,35.61460313568431,34.31799320969863,34.50212860107422,28987500
2020-08-12,34.78378130557524,35.15931435658144,34.13442300419101,34.49430847167969,22503200
2020-08-13,34.032715176739515,34.32218801040692,33.57894420850339,33.649356842041016,17338700
2020-08-14,33.32858188197202,33.86058767217374,33.17993434641918,33.79800033569336,13595700
2020-08-17,33.77452512719476,33.77452512719476,33.22687477926464,33.3598747253418,15554600
2020-08-18,33.32077632260884,33.79019202766798,33.086068470079276,33.19559860229492,13014000
2020-08-19,33.13300130212891,33.37553439008615,32.757468219933976,32.827880859375,14473100
2020-08-20,32.61664804360286,32.77312093178062,32.31152755311587,32.32717514038086,15678500
2020-08-21,32.31151066418384,32.34280582235612,31.849917526789618,32.084625244140625,25517700
2020-08-24,32.29586676840287,33.258170608421,32.14721922683728,33.031288146972656,18208900
2020-08-25,32.593160340426564,32.91392824285572,31.84209446905154,31.982919692993164,31285600
2020-08-26,31.795153478085663,31.95162628932822,31.29444286968599,31.302265167236328,26795000
2020-08-27,31.294461883410225,31.529169750641312,30.754633490331482,31.091049194335938,32034300
2020-08-28,31.169272239678417,32.01422083559278,31.106681907292227,31.834278106689453,33477100
2020-08-31,31.79516250528757,31.85775284134334,31.216216819129148,31.247509002685547,25259600
2020-09-01,31.098864232671183,31.098864232671183,30.55121068073608,30.848508834838867,22464100
2020-09-02,30.69203697790999,31.075395372256878,30.472976743695682,30.660741806030273,26413400
2020-09-03,30.66855906466368,31.317917296622614,30.418203724092635,30.598146438598633,28817200
2020-09-04,30.871973540768764,31.1301541802289,30.238262852041622,30.574678421020508,24632500
2020-09-08,29.92531519960019,30.261730746484098,29.221188942291757,29.87055015563965,38496400
2020-09-09,30.003559386266325,30.386917796806276,29.667143735528807,29.690616607666016,25886100
2020-09-10,29.940963903239872,30.01919883055175,28.869129879817027,28.947364807128906,34381200
2020-09-11,29.049069977708896,29.189895221733746,28.54835932538539,28.86912727355957,26838600
2020-09-14,28.876954377088904,28.955189310356612,28.548364075998858,28.681364059448242,26129900
2020-09-15,28.790897979383228,29.244669009055805,28.329304649134688,28.37624740600586,23724200
2020-09-16,28.52488818180814,29.847080498829513,28.376240630583187,29.581077575683594,30890900
2020-09-17,29.221188599716374,29.71407697405388,28.923893502979105,29.573251724243164,24696200
2020-09-18,29.362013119551296,29.58889857021358,28.712654914431077,29.096010208129883,46853800
2020-09-21,28.501419067382812,28.720479250754867,27.914648160946665,28.501419067382812,35351800
2020-09-22,28.52489278463342,28.822190919526943,27.750356755282052,27.79729652404785,27303200
2020-09-23,27.891176037373576,28.000706120253795,26.874104160409438,26.905399322509766,31251400
2020-09-24,26.913225855673083,27.241816119580218,26.412512192217214,26.850635528564453,26796000
2020-09-25,26.60028337122335,27.335701895900403,26.506400853800443,27.100994110107422,23486000
2020-09-28,27.492174416246183,28.086770649851207,27.46087924932563,27.62517738342285,23396500
2020-09-29,27.382640745419472,27.468700950991863,26.592457282790317,26.819339752197266,20770500
2020-09-30,27.100991441505034,27.320051622078367,26.70198854339345,26.858461380004883,22223700
2020-10-01,26.4359903215977,26.678520426263585,25.770981393757978,25.919631958007812,36890200
2020-10-02,25.231147596399474,26.091743684968883,25.19985243349524,25.802270889282227,32694300
2020-10-05,26.068278268951776,26.404693866602507,25.950922880200494,26.39687156677246,22965200
2020-10-06,26.69416449623243,26.928872269782644,26.060453806093967,26.1230411529541,26731800
2020-10-07,26.31862315465957,26.396861044129437,25.982207691114926,26.20909309387207,23779300
2020-10-08,26.506395737762006,27.648642263433537,26.412510253988653,27.58605194091797,34413700
2020-10-09,27.914648198987333,28.12588608372875,27.108817108080984,27.179229736328125,29228600
2020-10-12,27.022759438496113,27.171407007897113,26.78022636628995,27.093172073364258,17912800
2020-10-13,27.171406653102853,27.28093675380722,26.678518215461775,26.772403717041016,20995100
2020-10-14,26.64722538351386,27.249643907182136,26.623752516455234,26.71763801574707,17743000
2020-10-15,26.365577705212132,26.96017100932417,26.029162090888327,26.952348709106445,23251600
2020-10-16,26.889748507962988,27.100986350032418,26.50639326398075,26.678510665893555,22627200
2020-10-19,26.678516957185852,26.88975484906912,26.123041195828698,26.14651107788086,23645800
2020-10-20,26.334280622863865,26.54551852706121,26.07610295182585,26.365575790405273,23040600
2020-10-21,26.216923302846453,26.302983515001106,25.92745048562089,25.943098068237305,28619300
2020-10-22,25.95874976219416,27.351352006431355,25.833572065908477,27.273117065429688,31831500
2020-10-23,27.359169831210366,27.445230033529246,26.490748494313856,26.72545623779297,27429100
2020-10-26,26.295159041962926,26.42033670807387,25.77880079619641,26.09174346923828,30888700
2020-10-27,25.935272199438774,25.97438965836007,25.583209100205465,25.677091598510742,27100700
2020-10-28,25.113792930490224,25.332856092478785,24.66002499356529,24.699142456054688,42136400
2020-10-29,24.573960712926304,25.919622687745647,24.339252992415407,25.794445037841797,38622800
2020-10-30,25.356327112894473,25.927450447431777,25.043381429969628,25.52062225341797,47885700
2020-11-02,25.92745362799756,26.960170330074995,25.481507915031017,26.59246253967285,40130300
2020-11-03,26.98363864814965,26.98363864814965,25.91962695649754,26.138687133789062,36773000
2020-11-04,26.029157025907157,26.709810422325003,25.450208434887458,25.997861862182617,35410100
2020-11-05,26.107389107393388,26.53768711609333,25.92744641228144,25.950916290283203,30824100
2020-11-06,25.896160764438115,26.334284216388976,25.52062765611102,25.64580535888672,33985600
2020-11-09,28.493595106976954,29.73754960575838,28.211947565766224,28.892601013183594,76879400
2020-11-10,29.685828049913667,29.99029894327791,28.828504767643825,29.533594131469727,49055400
2020-11-11,29.717879106110697,29.741915236949406,28.99676461618481,29.229124069213867,34124500
2020-11-12,28.732351516335303,29.07688357741049,27.939125756621877,28.227571487426758,30933700
2020-11-13,28.36378713392456,29.04483726796217,28.347762029344405,28.908628463745117,29241500
2020-11-16,30.118494351479768,30.583210151123833,29.725886936603185,30.575199127197266,38596800
2020-11-17,30.29476646585771,31.015877798567537,29.95023437507736,30.983827590942383,26521100
2020-11-18,31.264255843651124,31.352392368116615,29.80600532015504,29.814016342163086,31068000
2020-11-19,29.533590376049727,30.046381463999154,29.293219935632926,29.966259002685547,26954400
2020-11-20,29.926195667119686,29.974270979322096,29.469490898863082,29.597688674926758,18351000
2020-11-23,30.046377501117465,31.592764641026356,29.87010444170539,31.536678314208984,29367600
2020-11-24,32.45810236984613,33.71604699449398,32.225746013990694,33.635921478271484,46979300
2020-11-25,33.387535964081465,33.41958616961185,32.570277118387494,32.6984748840332,28178200
2020-11-27,32.61033841276328,32.80263353338134,31.945310400809213,32.20170593261719,14971900
2020-11-30,31.889228816877335,31.953329237610422,30.42296684208531,30.551164627075195,45614300
2020-12-01,31.21619017331713,31.769045613182247,30.8235857878092,30.84762191772461,32472900
2020-12-02,30.759483437038153,32.38599333080561,30.719422204199397,32.001399993896484,29369500
2020-12-03,32.10555881119017,32.562263549496,31.83313817286074,32.21773147583008,27038900
2020-12-04,32.66642441485546,33.45964712823754,32.57027685551614,33.39554977416992,28723600
2020-12-07,33.18722838751333,33.28337900880748,32.58630075856677,32.77058792114258,24899400
2020-12-08,32.47413589387401,34.124685278346014,32.402024438812695,33.84425354003906,32573800
2020-12-09,34.22082298348867,35.038084886004086,33.95641642894076,34.29293441772461,37824800
2020-12-10,34.613432212019724,35.63100336891073,34.260886045126966,35.26243209838867,38058700
2020-12-11,35.01405096895792,35.19833507774744,34.62144356746648,35.094173431396484,25478800
2020-12-14,35.5268416126473,35.622989177646986,33.796170160273086,33.82822036743164,30595000
2020-12-15,34.004493144740515,34.62946000898686,33.700025321531406,34.48523712158203,27138400
2020-12-16,35.05411457866408,35.342560353376136,34.421136690432185,35.01405334472656,34273000
2020-12-17,35.254423553001,35.286473762512564,34.77368263623238,34.8377799987793,21204600
2020-12-18,34.66951551455353,35.07814492369926,33.988462424009676,34.236846923828125,46596800
2020-12-21,32.938834807597836,33.71603523322525,32.47411614504438,33.611873626708984,27869500
2020-12-22,33.31542753057315,33.57182306143528,33.03499281736556,33.043006896972656,21792900
2020-12-23,33.25933573255566,33.964424919568934,33.21927450685077,33.46765899658203,19085900
2020-12-24,33.37150806474509,33.53175295133991,33.155173800071736,33.331443786621094,8039000
2020-12-28,33.40356211739767,34.09262627559301,33.26735332432348,33.443626403808594,23877500
2020-12-29,33.68399601098307,33.74809336600655,33.01095697261937,33.06704330444336,20287700
2020-12-30,33.11511257842303,33.98845760238079,33.06703727855941,33.331443786621094,23807300
2020-12-31,33.22729055060406,33.39554954239908,32.82667215691547,33.026981353759766,22786500
2021-01-04,33.2112624754632,33.85225123669728,32.850705342120435,33.25132369995117,27764700
2021-01-05,33.5237450570426,35.895405055012354,33.51573403455563,34.853797912597656,44035100
2021-01-06,35.58292752915648,36.13577984200858,35.01405011291325,35.7431755065918,36484800
2021-01-07,36.05565555183551,36.512360277640695,35.67907328244409,36.02360534667969,29528100
2021-01-08,36.21590462659559,36.71267059577097,36.01559542297114,36.424224853515625,28628200
2021-01-11,36.08770455211987,37.77030053243785,35.8553451572117,37.529930114746094,38246200
2021-01-12,38.02669537617974,38.5955727344484,37.58601577549944,38.363216400146484,36915100
2021-01-13,38.88401588963428,39.02823873947247,38.210976942547866,38.79587936401367,29000300
2021-01-14,38.85998666258734,40.92717917277778,38.85998666258734,40.31022644042969,35474800
2021-01-15,39.188493007780956,39.32470485746549,37.89049020645529,38.37123107910156,42411300
2021-01-19,38.81992625750328,39.613149032765165,38.73980073807337,39.132408142089844,24932600
2021-01-20,39.348738975627924,39.85351900567353,39.25259141730164,39.68525695800781,22342400
2021-01-21,39.525010425422415,39.573082674376295,38.202968562629074,38.54750061035156,29044500
2021-01-22,37.66613404272105,38.17091399434714,37.3696773343265,38.002655029296875,23264800
2021-01-25,37.5780143737793,37.69819808302091,36.98509768283416,37.5780143737793,26395800
2021-01-26,37.866465712323546,38.3472098279344,36.736721472529844,36.75274658203125,23976800
2021-01-27,36.05565462646668,37.38570754153954,35.67907236674024,36.33608627319336,32410300
2021-01-28,36.80882144941514,37.32962664800332,36.608512227877554,36.904972076416016,24967200
2021-01-29,36.49633713471726,36.88894452776748,35.663050094777674,35.927459716796875,38961100
2021-02-01,36.520381204441435,36.520381204441435,35.48678481794372,35.99156188964844,24412400
2021-02-02,36.70465911812169,37.650118792043656,36.280001533290935,36.5604362487793,31940400
2021-02-03,36.560440086605574,38.19496101660537,36.3921780170594,37.994651794433594,28459300
2021-02-04,38.36321302495739,38.763831364234164,37.858433061655546,38.72377014160156,25280300
2021-02-05,39.404825414157536,40.157986893319155,39.292652753056416,40.02177810668945,34980100
2021-02-08,40.798985911587906,41.952769129031466,40.63072687786957,41.74444580078125,36998700
2021-02-09,41.2881303272752,41.52443575510252,40.55477283494572,41.25553894042969,28977000
2021-02-10,41.255528825727964,41.899252852549324,41.059965010690924,41.65480041503906,25723800
2021-02-11,41.46737843137055,41.499972912047845,39.748058430402565,40.611793518066406,26972200
2021-02-12,40.277717757202055,41.320716528065596,40.26142051285962,41.165897369384766,19756700
2021-02-16,42.339275736995866,42.80373637353152,42.06222876885339,42.40446472167969,28060100
2021-02-17,42.65706561526377,43.406723420923775,42.20890221072738,43.06448745727539,25509700
2021-02-18,43.03188783878906,43.137815259409464,42.25778586540321,42.388160705566406,20627600
2021-02-19,42.461497150903796,42.82817736371619,42.306674889726665,42.67335510253906,22607200
2021-02-22,42.852624228627825,44.661577980707335,42.852624228627825,44.24600601196289,36435100
2021-02-23,44.80009697418927,45.02825216825249,43.789692736153825,44.85713577270508,33527900
2021-02-24,44.97122157082844,46.44608975033917,44.71047184195323,46.201637268066406,28728600
2021-02-25,46.42979453159558,46.64980270776469,45.10159840511486,45.43568420410156,29670900
2021-02-26,44.33564167130458,44.86529127281141,43.284492645264,44.30304718017578,35291000
2021-03-01,46.01422646506353,46.94314782067501,45.73717947230378,45.95718765258789,36998300
2021-03-02,46.16089280961285,46.41349234514774,45.64754045318045,45.68828201293945,30302600
2021-03-03,45.97347593049679,47.228335861738486,45.533462734409625,46.054962158203125,35358900
2021-03-04,46.5438609600296,48.45874509574091,46.52756371663505,47.83946228027344,52137500
2021-03-05,48.75209549848462,49.74620260570904,48.165407094732565,49.64842224121094,51429800
2021-03-08,50.17808216469375,50.202526483752536,48.7439553511854,49.59954071044922,38154600
2021-03-09,49.38767394576248,50.023250995788565,48.458752685453014,48.833580017089844,35645900
2021-03-10,49.31433879414605,50.45511805584521,48.91506403210312,50.33289337158203,31579100
2021-03-11,50.34103174482741,50.96846162915435,49.91731274079955,49.95805740356445,24802600
2021-03-12,50.15362889926608,50.821800481743736,50.11288733611637,50.49586486816406,20422700
2021-03-15,50.1047382508523,50.40622953608791,48.78468927756402,49.20840835571289,31243600
2021-03-16,48.51579595194857,48.613576328237656,47.619465992755195,48.16541290283203,30624800
2021-03-17,47.82316069450676,48.67059862378734,47.76612190199567,48.377254486083984,25575500
2021-03-18,47.9209546428985,48.05132949839355,46.05496199806546,46.29126739501953,38622800
2021-03-19,46.20978489083307,46.82906783561801,45.47642743522816,46.030521392822266,84439400
2021-03-22,46.03866496921394,46.33200917255355,45.54976003590242,45.55790710449219,29315100
2021-03-23,44.767500581776744,45.86754116715628,44.368229009157744,44.99565887451172,33493300
2021-03-24,45.6964366811363,46.674246644982276,45.6964366811363,45.908294677734375,29781800
2021-03-25,44.98752037775547,46.03866950720603,44.40898209102175,45.77791976928711,31495900
2021-03-26,46.6905456911023,47.08167031338674,46.05496856843788,47.02463150024414,34226500
2021-03-29,46.72313051400724,47.1142550553203,46.2342256144613,46.77202224731445,21144400
2021-03-30,46.33201029645007,46.73943212021994,46.03051901720729,46.193485260009766,20303400
2021-03-31,45.916441361956196,46.1445997122041,45.46827794755594,45.49272537231445,23686500
2021-04-01,45.89199538772518,46.812769608021114,45.745323278000804,46.763877868652344,23194500
2021-04-05,46.69054006338656,46.70683730923184,45.745321563032945,46.038665771484375,23264800
2021-04-06,46.315716532130885,46.88610774996242,45.843105689007544,45.908294677734375,18926300
2021-04-07,45.94902636860307,46.25866778175992,45.82680170357531,46.111995697021484,22385000
2021-04-08,45.57419442248335,45.69642218337685,45.07713942047537,45.63123321533203,21999300
2021-04-09,45.63123722986197,45.98976726050789,45.24825977985788,45.525306701660156,20020700
2021-04-12,46.250521299449424,46.27496872111255,45.06900056791392,45.223819732666016,20238800
2021-04-13,45.060846074053586,45.61493991681264,44.88972968071424,45.39493179321289,19370600
2021-04-14,45.96532912024419,47.26907768705506,45.834954263563105,46.70683670043945,28051100
2021-04-15,46.78832442559106,46.78832442559106,46.26682494753558,46.42979431152344,23250300
2021-04-16,46.73942798978218,47.00017768528148,45.98977028393552,46.169036865234375,22752000
2021-04-19,46.24237754521122,46.56016607417202,45.59865031002394,46.022369384765625,21123300
2021-04-20,46.0142234601785,46.0142234601785,44.6371356559267,45.05270767211914,21782100
2021-04-21,44.40896803992135,45.73716373421433,44.24599872819038,45.63123321533203,16625600
2021-04-22,45.623088145872586,45.623088145872586,44.83268896982179,45.036399841308594,21600100
2021-04-23,45.03640843015173,45.582352177829705,44.96307237809539,45.280860900878906,15337900
2021-04-26,45.19937842143049,45.867549968143635,45.174930998143616,45.3704948425293,16083800
2021-04-27,45.639393314714546,46.14459863618269,45.47642706482879,45.96533203125,19278600
2021-04-28,46.37275382382055,47.63576090939493,46.27497345231583,47.35056686401367,24729800
2021-04-29,48.010588739516606,48.46690232509322,47.383161833374,48.026885986328125,27318400
2021-04-30,47.52983084230583,47.986141289700576,46.57646217057561,46.64165115356445,30518400
2021-05-03,47.24462377165443,48.06761741276365,47.04906308056591,47.92909240722656,20509600
2021-05-04,48.07577546017244,48.483197286106105,47.67650070306943,48.230594635009766,23522200
2021-05-05,48.703194599092086,49.74619324652808,48.40170338538909,49.681007385253906,31526200
2021-05-06,49.59138449493687,50.22696154031589,48.91506278079719,50.15362548828125,26836800
2021-05-07,49.76249779754212,50.90328006700738,49.5832312130423,50.87068557739258,33610600
2021-05-10,51.530708926347536,52.16628281025029,50.952167627123536,50.99291229248047,31956600
2021-05-11,50.218814165186984,50.838093960959625,49.208406688694815,49.371376037597656,34563800
2021-05-12,49.61112553328509,50.991740103667404,49.3961811951947,49.635929107666016,34426500
2021-05-13,48.77614860825625,49.97488509461591,48.56947001245856,49.02416229248047,24268200
2021-05-14,49.544985558772424,50.33036473182397,49.544985558772424,50.23942565917969,20735400
2021-05-17,50.04928390844889,51.46296458845709,49.95834483189899,51.413360595703125,25282500
2021-05-18,51.25628465532194,51.504298305179276,49.933543086973046,49.958343505859375,25170800
2021-05-19,48.85881405576614,49.48711869222614,48.29664807731868,48.75960922241211,28889800
2021-05-20,48.734806566438166,48.90015005021844,48.1478401949996,48.64386749267578,20692500
2021-05-21,49.12336387805274,49.462319780203195,48.6521369631744,48.71000671386719,20792700
2021-05-24,48.84227992151041,49.43751204332823,48.51985871151434,49.28043746948242,18400300
2021-05-25,49.18950245830597,49.222571788266755,48.048635803977916,48.16437530517578,25616100
2021-05-26,48.15611542132504,48.87535609051426,47.86676663304928,48.72654724121094,21698700
2021-05-27,48.96628874264448,49.35484548180051,47.96596517339688,48.412391662597656,33556000
2021-05-28,48.55293537067244,48.61080512523157,48.04037333586366,48.25531768798828,19246800
2021-06-01,49.14816659795433,50.18155949045268,49.14816659795433,49.98314666748047,28474200
2021-06-02,50.22288835625292,50.685849450082436,49.74339259975116,50.37996292114258,22978300
2021-06-03,50.057542147436706,50.76851683516462,49.892198683415096,50.578372955322266,20272800
2021-06-04,50.80985572049192,51.008268522919934,50.24768979288778,50.80158996582031,20427800
2021-06-07,50.70238744290589,51.033071257076884,50.446104885150035,50.47090530395508,15477900
2021-06-08,50.84292721799653,51.65310681798989,50.156752865360474,51.3637580871582,28953400
2021-06-09,51.810190723231486,52.43022653267369,51.4133681836283,51.79365921020508,29133000
2021-06-10,52.587298521381506,52.89318193746262,51.46296653899539,51.87632369995117,27488700
2021-06-11,52.09126398561187,52.24007280427831,51.37202346450044,51.39682388305664,17631700
2021-06-14,51.50429565748736,51.901118107592495,50.90079465084843,51.314151763916016,16997200
2021-06-15,51.65310618805766,53.240399194923484,51.5456324520603,53.18252944946289,30717100
2021-06-16,53.174252537762236,53.57107809500201,52.5459511871835,52.992374420166016,24803200
2021-06-17,52.79397500980647,53.29000232183153,50.65278487475728,51.24802017211914,28491800
2021-06-18,50.42957146929883,50.884263696075955,49.80126999926103,49.93354415893555,39590700
2021-06-21,50.37170343630074,51.83498815144975,50.346903016037736,51.744049072265625,33145400
2021-06-22,51.95899339867558,52.9179850308997,51.44643140677274,52.736106872558594,25140400
2021-06-23,52.95105125298662,53.488410479949664,52.562494538847105,53.12466049194336,20701600
2021-06-24,53.03371558662433,53.37266511855648,52.75263264098354,53.339595794677734,19568400
2021-06-25,53.4140183546076,53.67856671262249,53.20733975280439,53.45535659790039,18438300
2021-06-28,53.372673165773776,53.372673165773776,51.876322301788754,52.09126663208008,20570000
2021-06-29,52.25660227951486,52.719563353140934,51.744040373701054,51.76884078979492,19579300
2021-06-30,51.834983296478114,52.27314083296487,51.62830473720481,52.14913558959961,17875500
2021-07-01,53.18253028182948,53.25693153830218,51.89285489067016,52.297943115234375,22530300
2021-07-02,52.09126329175614,52.34754584352682,51.60350176010524,52.22353744506836,14555300
2021-07-06,51.87631725004642,51.88458300462529,50.346897206132354,50.735450744628906,22110800
2021-07-07,50.57838099570639,51.099211886387806,49.28870555571684,49.941810607910156,21671400
2021-07-08,49.148165681407406,50.18982431000769,49.03242618419235,49.718597412109375,18935900
2021-07-09,50.18155150735006,50.801587144211055,49.80126374028808,50.61970901489258,20086000
2021-07-12,49.95007085136842,50.84292370829745,49.73512654525463,50.570106506347656,21809400
2021-07-13,50.42956523166672,50.85118807795851,50.02447389383283,50.330360412597656,17147300
2021-07-14,50.570109112463975,51.033070227359566,49.073758339678626,49.214298248291016,21573600
2021-07-15,48.916684881697556,49.3548456165157,48.58600104534851,48.73480987548828,15851100
2021-07-16,48.92494550419959,48.99108099880162,47.24671672524494,47.38725662231445,27049500
2021-07-19,45.99838055025502,46.461341667434645,45.138596969920535,45.75863265991211,37969100
2021-07-20,45.88264399971151,46.79202847517681,45.49408726657725,46.26293182373047,26756100
2021-07-21,47.00698127133928,48.197448871583035,46.98218084852123,47.75102233886719,20908700
2021-07-22,47.72620782854973,47.73447673615843,46.841623934272995,47.213645935058594,13493800
2021-07-23,47.362467014130644,47.362467014130644,46.684561483024545,47.15578842163086,14088200
2021-07-26,47.254989805152974,48.48679551392778,47.12271564177879,48.34625244140625,18387600
2021-07-27,47.957689321518956,47.957689321518956,47.29631859270511,47.80888366699219,16861400
2021-07-28,47.9494199458735,48.47025073520809,47.63526769078836,48.13129806518555,16855300
2021-07-29,48.77613909138353,49.04895629836547,48.41238596907208,48.71826934814453,18607800
2021-07-30,48.676941475924366,48.676941475924366,47.387265963483365,47.59394454956055,28652800
2021-08-02,47.577403612286226,48.82574387368083,47.453398369186026,47.60220718383789,20873800
2021-08-03,47.593945679027435,48.28838587087335,47.06484899070008,48.114776611328125,18208200
2021-08-04,47.27978910867971,47.85022398711186,46.96563994912564,46.990440368652344,20868300
2021-08-05,47.230181865066456,47.701408694162474,46.9821682424366,47.28805160522461,15180200
2021-08-06,47.668339546994666,48.00729223503449,47.56086582044613,47.833683013916016,14888500
2021-08-09,47.230181865066456,47.5525998898517,46.9821682424366,47.28805160522461,17828200
2021-08-10,47.46993900764913,48.24705255664831,47.3707341633579,48.098243713378906,16340200
2021-08-11,48.10650680572337,48.362789389087496,47.71795320640578,48.2387809753418,18278600
2021-08-12,48.17163692035518,48.498934977809675,47.72684437948354,48.12967300415039,19225500
2021-08-13,47.86111907871165,47.894688930058145,47.248483697925685,47.642921447753906,20063000
2021-08-16,47.01350888489415,47.0722545337279,46.38408847476304,46.94636917114258,16959500
2021-08-17,46.57710951002769,47.24849062845125,46.15749591083825,46.627464294433594,16243700
2021-08-18,46.50997187617228,46.8372731873423,45.57843233351218,45.64556884765625,21890500
2021-08-19,44.87347469229272,45.074887406341745,43.72373124412319,44.252445220947266,30923500
2021-08-20,43.86640358405776,44.59653030932141,43.732127367901256,44.260841369628906,16918300
2021-08-23,45.27630154340608,46.20784411313604,45.27630154340608,46.08195877075195,21632600
2021-08-24,46.400864347982136,46.870829446937535,46.16587859710731,46.45960998535156,17915600
2021-08-25,46.35891694230203,46.803706381881696,46.048400539767115,46.54354476928711,13270300
2021-08-26,46.3253501581747,46.610687583985786,45.846990826873515,45.914127349853516,11842600
2021-08-27,46.49318633797204,47.172958294429655,46.49318633797204,46.8036994934082,15822500
2021-08-30,47.19813004372004,47.28205146699319,46.25819345579597,46.29176330566406,14086100
2021-08-31,46.09875222739441,46.41765947275881,45.70431440290154,45.754669189453125,27104100
2021-09-01,45.72949257752353,45.956081109451226,44.98257766334795,45.125247955322266,21644100
2021-09-02,45.56163829633955,46.69459355773694,45.54485337080957,46.22462844848633,23293300
2021-09-03,46.25820387102783,46.42604995676247,45.821805328676895,46.048397064208984,13840000
2021-09-07,45.88054491959433,46.38408311030214,45.71270205742244,45.77983856201172,14354400
2021-09-08,45.98126289535004,46.30856101845281,45.32666344774654,45.360233306884766,18756700
2021-09-09,44.999364805989266,46.15749932172581,44.7308123387747,45.393802642822266,19110800
2021-09-10,46.31695118208372,46.35052104071427,45.276311175720195,45.30148696899414,15123700
2021-09-13,45.86376853152368,46.93797834113376,45.83858953814999,46.46800994873047,22052300
2021-09-14,46.73655104133235,46.80369073881286,45.66234149281998,45.80501174926758,19940300
2021-09-15,46.46801320608911,47.44151671463925,46.41766161860764,47.34920120239258,23240900
2021-09-16,47.38276219053027,47.38276219053027,46.57710492768408,46.84565734863281,17907200
2021-09-17,46.44282442867339,47.62613442464842,46.241408530861925,46.29176330566406,30000400
2021-09-20,45.13363222078603,45.46093027616456,44.44546625783699,45.058101654052734,27555100
2021-09-21,45.62877923395699,45.746270522694374,44.68884572266041,45.016143798828125,19696800
2021-09-22,45.67914017901639,46.92119614402922,45.628785390735544,46.333736419677734,25690600
2021-09-23,46.50997116699232,48.0373676583026,46.392479867983326,47.90309143066406,23069400
2021-09-24,47.58417740986612,48.52411086941732,47.56739248362804,48.33108901977539,22328600
2021-09-27,49.38852142097477,50.18578793324171,49.36334562841195,49.76617431640625,32972200
2021-09-28,50.26972110784371,50.75647132124384,49.94241974199727,50.286502838134766,37619300
2021-09-29,50.219348392008726,50.51307658826106,49.55635823315664,50.2529182434082,23422800
2021-09-30,50.45432527773729,50.496285986571465,49.35493997985637,49.36333084106445,31289600
2021-10-01,49.85848758959564,51.184468096034074,49.85848758959564,51.13411331176758,24407300
2021-10-04,51.46141551077581,52.090835958022474,51.15090231985887,51.7971076965332,33946700
2021-10-05,52.46848632262506,52.619547478751635,51.20964548916879,51.71318054199219,29641600
2021-10-06,50.74807331652159,51.29356911339159,50.14382866630456,50.76485824584961,25284900
2021-10-07,50.86555576417691,51.2599935312147,50.471117997139125,50.90751647949219,19513600
2021-10-08,51.40267339541307,52.38456782400943,51.40267339541307,52.18315505981445,22186900
2021-10-11,52.8964922259368,52.92167122023642,51.61247556558184,51.6628303527832,22121500
2021-10-12,51.671222814658336,52.015305867681114,51.06697815514594,51.39427947998047,20198600
2021-10-13,51.00823312238406,51.52016227609454,50.52987382825415,51.251609802246094,14991700
2021-10-14,51.788708766955686,52.21671642366639,51.33552531916705,52.03208541870117,18594500
2021-10-15,52.64472442525434,52.930061815149934,52.401347757114415,52.5272331237793,16092600
2021-10-18,52.94684552470851,52.98880624549778,52.25867945929148,52.50205612182617,18282800
2021-10-19,52.762206294054785,53.38323574976566,52.594360235641254,53.29092025756836,18933200
2021-10-20,52.77900217055111,53.601444505879606,52.63633507220747,53.584659576416016,14305200
2021-10-21,53.26574818759692,53.40841526629929,52.32581147542626,52.611148834228516,16564600
2021-10-22,52.678287166851845,53.055940014431116,52.32581010864538,52.972015380859375,14266800
2021-10-25,53.47555404174534,54.06301047485382,53.35806275512365,54.00426483154297,17939800
2021-10-26,54.12175580648416,55.33863898633657,54.01265858461941,55.25471115112305,25585100
2021-10-27,54.68405055713471,54.75957793611842,53.69375894691051,53.81964111328125,21764500
2021-10-28,53.5594722028525,54.10497108758449,53.4000202095203,53.9706916809082,16626400
2021-10-29,54.59172610012496,54.85188445549033,53.987481556106935,54.10497283935547,23966300
2021-11-01,54.60851457575494,55.456135854939795,54.566550653923755,55.0784797668457,19656400
2021-11-02,54.574945292015805,54.92741918903569,54.26443531726782,54.39870834350586,16300000
2021-11-03,53.744113757842065,54.08819360024487,53.42520650704696,53.651798248291016,17372800
2021-11-04,54.28121881995213,54.4574557742265,53.567876937566574,54.054630279541016,17720100
2021-11-05,54.59172958707031,54.826712168576464,54.180503666639424,54.56654739379883,18565100
2021-11-08,55.0113436901245,55.70789737681594,54.868670204748724,55.15401077270508,17696000
2021-11-09,55.19596140440553,55.699502767069525,54.80991772174569,55.69110870361328,18781300
2021-11-10,55.555036621596464,55.835705082942,54.23675332734274,54.59396743774414,20177200
2021-11-11,54.59396169022662,55.13828480646468,54.44937079306699,54.69601821899414,13319300
2021-11-12,54.39834808981056,54.74705856899719,54.07515823426816,54.27927780151367,18158900
2021-11-15,54.22824658406492,55.08725598606324,53.768975933039755,54.7470588684082,18849200
2021-11-16,54.721536812189235,55.59756318486723,54.721536812189235,55.29988098144531,17028700
2021-11-17,54.75555335705632,55.48698876115936,54.5854548165482,54.69601821899414,15497000
2021-11-18,54.568450606636,54.88313357304091,53.675416996968345,54.100669860839844,16948200
2021-11-19,52.63779961841526,52.75686990265648,51.37905151520212,51.600181579589844,32035500
2021-11-22,51.30250880911246,53.190632694350725,51.30250880911246,52.31460952758789,21994400
2021-11-23,52.89294735426168,53.90505119530778,52.66331043010219,53.69242477416992,21185900
2021-11-24,53.22464768555791,54.30478705774162,53.22464768555791,53.9901008605957,15869700
2021-11-26,51.47260655562526,52.23805975685162,50.63911133948713,52.093475341796875,24979600
2021-11-29,53.21614370088984,53.70093171139287,52.12749739581945,52.38264846801758,18946400
2021-11-30,51.42158073209266,52.04244958693749,50.74117672982587,50.89426803588867,34979800
2021-12-01,51.795803733586034,52.756872937051604,50.817720780625244,50.851741790771484,30630600
2021-12-02,50.80921916807963,52.37415000831153,50.29891372888662,52.118995666503906,29216000
2021-12-03,52.66332008737881,52.92697806593055,51.328026177323714,51.78730010986328,22014700
2021-12-06,52.49321579339919,52.867437154446186,52.238061473516915,52.3741455078125,19210500
2021-12-07,53.02052604585709,53.60737381726362,52.81640324808597,52.96099090576172,19800400
2021-12-08,53.25016694497079,53.74345860601062,53.02052999702359,53.11408615112305,18214400
2021-12-09,52.773887218513956,53.38625246727748,52.569767631874335,53.25017166137695,16910300
2021-12-10,53.81150733827326,53.87954612147413,52.9269804457048,53.59037399291992,17942400
2021-12-13,53.13109673276941,53.343723176240495,52.17852793003508,52.41667175292969,17793700
2021-12-14,52.10198601234358,53.13110053821333,52.06796824471249,52.34012985229492,22551100
2021-12-15,52.042443062996135,52.30610100025757,51.0388460688033,52.1104850769043,19961900
2021-12-16,52.255072710767095,53.11408534498629,52.136002423510256,52.19553756713867,21187800
2021-12-17,51.83832558115651,52.11899078868631,50.766686530241465,51.05585861206055,44338100
2021-12-20,50.00122797180421,50.39245979237498,49.29530672456335,50.315914154052734,21819300
2021-12-21,50.817725157934774,51.60869586764554,50.79221102033842,51.455604553222656,19798900
2021-12-22,51.319522506425166,52.19554248325723,51.0048362541183,51.872352600097656,14058300
2021-12-23,52.0254353971162,52.5952759392013,51.880850976308054,51.89786148071289,13543300
2021-12-27,51.82131735514223,52.68883363873679,51.38755759113391,52.63780212402344,12593700
2021-12-28,52.65480944175575,52.99501303040825,52.22105294842459,52.46769714355469,12781000
2021-12-29,52.28908803466361,52.391147806298406,51.81280369299848,52.0084228515625,12733600
2021-12-30,52.06796536794096,52.39115523132483,51.685237114542055,51.702247619628906,11940300
2021-12-31,51.65972114111483,52.28058995479548,51.625700132151565,52.04244613647461,14072000
2022-01-03,52.08496770944046,54.09215832875846,52.059450333598626,54.04113006591797,24282400
2022-01-04,54.54293194904308,56.29497822372356,54.51741781450666,56.07384490966797,38584000
2022-01-05,56.558632868506045,57.502694778351035,56.541625608448975,56.77125930786133,34033300
2022-01-06,57.83438674888515,58.2426323339684,57.04341619997167,58.10654830932617,30668500
2022-01-07,58.276653549330284,58.837990482231746,57.81738613548532,58.58283615112305,23985400
2022-01-10,58.65937989999001,58.82947844657747,57.79186044140054,58.234127044677734,22760300
2022-01-11,58.59133531358777,60.72610637041259,58.32768063129887,60.68357849121094,32936100
2022-01-12,60.504981994628906,61.074819322380826,60.07972909531954,60.504981994628906,23045100
2022-01-13,60.48796521627186,60.8791970434168,59.799051215373716,60.07121276855469,21043200
2022-01-14,60.08823262276431,61.36399124962197,60.04570473966482,61.125850677490234,23012900
2022-01-18,61.93381972223512,62.83535361368089,61.244912238307165,62.15495300292969,32841200
2022-01-19,62.72480416217853,62.81836032139238,61.70419977473849,62.18048095703125,26431600
2022-01-20,61.66168353265869,63.25213205079585,61.457563914392885,62.31657028198242,26774600
2022-01-21,62.240013172544835,62.240013172544835,60.4199313244236,61.38100051879883,35995200
2022-01-24,60.28384838363074,62.1549650250066,59.373807442987165,61.90831756591797,41507000
2022-01-25,61.738217891898984,63.99205974163575,60.7176134450364,63.7284049987793,39278400
2022-01-26,64.1536396382163,64.63842758555425,62.50365664710267,63.082000732421875,35252400
2022-01-27,64.17916058922252,64.64694132884077,62.92891614773708,63.889991760253906,29174700
2022-01-28,63.76241494402318,64.31524496046306,62.89489547481754,64.02606964111328,30595700
2022-01-31,63.76241701920542,64.99564775930126,63.16705910180019,64.60441589355469,36085500
2022-02-01,65.02117141845982,69.32473554978641,64.86808010171153,68.74639129638672,61033100
2022-02-02,68.09149945971625,68.72937887705463,67.31754247421175,68.56778717041016,30299300
2022-02-03,68.1169915866222,68.30410386012585,67.20695083818048,67.7682876586914,28529400
2022-02-04,68.78040353753144,70.19223973294511,68.78040353753144,69.23967742919922,32197500
2022-02-07,69.01002622775908,70.66000922468331,68.58477341319865,70.07315826416016,34949200
2022-02-08,69.9711086495618,70.16672783680436,67.97242133622167,68.2615966796875,34356300
2022-02-09,68.43356258579223,68.82053033663904,67.68541749860779,67.93479919433594,40106100
2022-02-10,67.69402897912099,68.51956511779588,66.89428981965813,67.28125762939453,28527700
2022-02-11,67.60804916361757,69.06993511171687,67.27267525127972,68.975341796875,42002100
2022-02-14,68.43358478265549,68.65716301483943,66.25795168414676,67.9176254272461,34652800
2022-02-15,66.12896632542841,67.23828265065593,65.71619486643081,67.06629180908203,25075100
2022-02-16,67.75424304720696,68.56258361250647,67.10929214360326,67.37586975097656,21733800
2022-02-17,67.48765817192935,68.03801569220616,67.03188740474401,67.27267456054688,23738800
2022-02-18,66.3525442405048,67.22107329722914,66.12035826871502,66.52452850341797,23394800
2022-02-22,68.51097626913612,68.6141707653363,64.76166153065972,65.7505874633789,35947800
2022-02-23,65.75061134816458,66.61914729788045,65.46683130111165,66.0171890258789,25385000
2022-02-24,67.93480863808469,67.96060561695695,63.66093418416679,65.18302154541016,46199900
2022-02-25,65.94836712718111,67.06627784107333,65.57859509578499,66.93728637695312,28310300
2022-02-28,65.79357921174733,67.87461877226501,65.5269951008798,67.43605041503906,32204600
2022-03-01,67.73702622772923,69.35370701333822,67.3586595730199,68.08100128173828,40002300
2022-03-02,69.31072158269767,70.6436227242183,68.63997370118192,69.25052642822266,44321400
2022-03-03,68.67435650709737,70.31682767508279,68.47656872333621,69.68907928466797,30196600
2022-03-04,69.69769451688445,72.47527930445193,69.36232058353457,72.3118896484375,42802200
2022-03-07,73.02563589799915,75.01208904705503,72.14850559795414,74.91749572753906,55207900
2022-03-08,76.5771436134031,78.69258097134471,73.46417942804753,75.48502349853516,72082300
2022-03-09,72.2602865449943,74.44452070716085,70.17064569164124,71.1939697265625,65466700
2022-03-10,72.24309673449422,73.67918572625385,71.28856894697029,73.40400695800781,44644200
2022-03-11,72.29469176679196,74.1521534003615,72.2086996305962,73.025634765625,35303400
2022-03-14,71.42616875035465,71.76154273345541,69.22473818214854,70.41144561767578,37462600
2022-03-15,67.78002262377609,68.08099832266045,65.67318617080738,66.40412902832031,47957900
2022-03-16,66.91149456005017,67.60804589574295,65.56999897554081,66.15475463867188,37812300
2022-03-17,67.22967524618079,68.06381270846924,66.27514748632278,67.9176254272461,34041900
2022-03-18,67.98640535464514,68.27018525531147,67.1608691933434,67.65103149414062,41461500
2022-03-21,68.89796360938168,70.96180143357313,68.57118425728636,70.6866226196289,33089300
2022-03-22,70.19645158879227,70.68661399635843,69.47410975060198,70.37703704833984,23132200
2022-03-23,71.66692881815555,72.46666806222356,71.41755361887235,71.48634338378906,27716300
2022-03-24,71.7701284228848,72.79345251802204,71.15957575056619,71.70133209228516,19871600
2022-03-25,71.30578365221778,73.51581556577412,71.19399450325136,73.26643371582031,22398300
2022-03-28,71.52073563168938,71.64112591131045,70.53180985413495,71.2111587524414,21552400
2022-03-29,69.49128466824345,70.93597447119829,68.58835764188272,70.8327865600586,27036300
2022-03-30,71.42614952388706,72.24309114446429,71.12517379452866,72.04530334472656,22079000
2022-03-31,71.26277508849836,72.57847383691197,70.98759630818166,71.02198791503906,27861500
2022-04-01,70.50602257392276,72.35488292356514,70.50602257392276,71.47775268554688,18671100
2022-04-04,71.85611449853828,71.94211318492805,70.55761831201933,71.51214599609375,20869400
2022-04-05,71.80451099806733,73.15460752925257,70.99617069097553,71.14236450195312,21753100
2022-04-06,71.73572203904094,72.83643695941281,71.3229572242907,71.93350982666016,24768200
2022-04-07,72.08829215520468,73.47278686872008,71.12516340121809,73.13741302490234,26122000
2022-04-08,73.24062293407945,74.99489017667044,73.24062293407945,74.67671203613281,24866500
2022-04-11,73.76518075324545,73.89417224108853,71.80453113252517,72.10550689697266,21800100
2022-04-12,73.70497538733699,74.65950308001914,73.42119546556042,73.61038208007812,22444200
2022-04-13,74.47891754190165,74.90888473401019,73.25781229090032,74.6509017944336,19306800
2022-04-14,74.53049593958424,76.06977895314226,74.15212935088125,75.52802276611328,24566400
2022-04-18,76.10417931411443,76.43955313877207,75.45922864196092,76.14717864990234,19032300
2022-04-19,75.68283334554748,76.24179205436899,75.046477124044,75.46784973144531,20382600
2022-04-20,75.64842509400972,76.10418924541592,75.07227065961993,75.63982391357422,20689400
2022-04-21,76.49115252459657,77.2221019202293,74.6336978685042,74.84008026123047,29010900
2022-04-22,74.52191231357963,75.77741565021924,73.09441817418089,73.20620727539062,23591600
2022-04-25,70.83279062448447,71.08217235867787,68.18419140695953,70.73819732666016,37698300
2022-04-26,71.14237316038185,72.85364071590031,70.66940663361059,70.76399993896484,28941500
2022-04-27,71.70994804883559,73.50721483157744,70.7554200876282,72.78486633300781,32773000
2022-04-28,72.99121238301055,75.79459970622449,72.2946677819013,74.98625946044922,33683800
2022-04-29,75.79463584700741,75.79463584700741,72.83645869514979,73.3094253540039,34656500
2022-05-02,73.10302864222942,74.84869450715689,72.77624935585895,74.30693817138672,36335200
2022-05-03,74.17794979380432,76.34498178824734,74.05755949193411,75.8376235961914,33908100
2022-05-04,76.96414180291002,79.01078365880495,76.45678357036687,78.85599517822266,46188400
2022-05-05,79.14837225154936,79.1569734335768,76.00961001105213,77.66068267822266,41013400
2022-05-06,78.23684413942483,78.95918597433781,76.8351466975948,78.84739685058594,29619300
2022-05-09,76.91251830829907,77.01570621522735,72.25166987564168,72.63004302978516,45851600
2022-05-10,73.64479508910601,74.71971328758173,71.82173146261039,73.11163330078125,34483200
2022-05-11,74.32412064177527,76.48255753782529,74.19512918664962,74.63369750976562,33020600
2022-05-12,74.66846118574308,75.04202095580578,72.45317042391544,74.97252655029297,29491500
2022-05-13,75.89338819946808,77.27468637327975,75.01595592300643,77.19650268554688,25798400
2022-05-16,77.3007582993771,79.90698740871844,77.29206901317727,79.01217651367188,26101200
2022-05-17,79.6897927886577,80.31528213784354,79.15985906511122,80.01991271972656,23120700
2022-05-18,80.36740337836414,80.72358450239223,78.03917226165716,78.75154113769531,25451200
2022-05-19,77.3181363784836,80.18499127741869,77.3181363784836,79.17724609375,24387400
2022-05-20,79.86353085088501,81.30564054229121,78.53435534445012,79.80271911621094,28795000
2022-05-23,80.49771888430031,82.33076027342321,80.40215663673693,81.56626892089844,27239300
2022-05-24,80.63671538242112,82.34813994888465,80.20234393420122,82.00933074951172,24293300
2022-05-25,82.16570380159219,83.85974977919196,82.07014155383197,83.65994262695312,29947800
2022-05-26,83.92056412433017,84.64162233330102,83.57306563330955,83.95531463623047,24314800
2022-05-27,83.35588643011792,85.07600044993221,82.79120879448602,84.78062438964844,25588800
2022-05-31,85.62330232240492,86.68316977311042,83.14738626099279,83.39932250976562,44888100
2022-06-01,84.28544138208728,85.75361914584018,83.93794949091192,84.99781036376953,25815400
2022-06-02,84.52000061647685,85.22368027016634,84.08562915064726,84.8501205444336,19089100
2022-06-03,85.04994811462937,86.57893777790808,85.04994811462937,86.08374786376953,21038200
2022-06-06,86.16192266883253,86.6831670928048,85.71886192586402,85.86654663085938,20682100
2022-06-07,86.61367940581,89.85409389757531,86.43124416072699,89.80197143554688,37810200
2022-06-08,89.90620054524689,91.71318736153275,89.46314643997071,90.86181640625,31613200
2022-06-09,89.84539465541036,90.84445037747805,88.75078330620694,88.89846801757812,26607000
2022-06-10,88.55966066643467,89.78458481012417,86.69186195146412,87.27391815185547,30950500
2022-06-13,84.71982714678134,84.9370129293467,81.59235320343703,83.26902770996094,33421000
2022-06-14,84.6242562275728,85.71886760200286,82.76514016659333,83.48619842529297,31264000
2022-06-15,83.39062867676247,83.89450114682926,81.027646940708,82.43501281738281,29620800
2022-06-16,80.2805537492332,80.90604321915575,78.43012668826263,79.3944320678711,35696700
2022-06-17,79.02085963766599,79.35966886522067,74.41652588034151,74.81614685058594,64610200
2022-06-21,76.95325451405908,80.38478662293824,76.9011254283967,79.47261047363281,35951500
2022-06-22,76.04976890205772,77.97837957182082,76.04107961554985,76.32776641845703,29727200
2022-06-23,77.02275626562422,77.36156549968555,72.5574112230034,74.02558898925781,35757200
2022-06-24,75.53719995716418,76.79688126324803,74.54683348368198,75.49376678466797,26639000
2022-06-27,76.2843174009722,78.22161712327366,76.16269391648505,77.34418487548828,25478700
2022-06-28,79.15984746350466,81.00157798415297,78.49091178618939,79.4899673461914,33096900
2022-06-29,80.77571805384609,80.96683592504017,76.24087903877732,76.55362701416016,25400900
2022-06-30,74.83352619037065,76.10189025468397,73.55647283967625,74.39915466308594,39948100
2022-07-01,75.35477004575478,76.34513658915931,73.59122272070955,76.05845642089844,26327900
2022-07-05,75.00726870857092,75.32001672410493,72.1143595068561,73.67809295654297,34591100
2022-07-06,72.76591465134145,74.04296790629574,70.37687143038106,72.34891510009766,33375700
2022-07-07,74.17326661852209,75.37213606570536,74.10377222359885,74.6597671508789,23817400
2022-07-08,75.53718167242282,75.84124694620833,73.78232418236657,74.78137969970703,17673800
2022-07-11,73.99084436696096,74.816154245592,73.28716461371445,74.39915466308594,15603800
2022-07-12,72.78327181434379,73.88657889854902,71.98403001708094,73.40876770019531,21013000
2022-07-13,72.4357834505896,74.98120051231987,72.36628905313661,73.70414733886719,19928600
2022-07-14,71.10660810776355,72.37497200113752,70.0988697468289,72.22728729248047,26343000
2022-07-15,73.66940223662105,73.73889663292552,72.01878936370954,73.44352722167969,17243700
2022-07-18,75.21577429642812,76.39726536581865,74.49471597961207,74.79877471923828,19395800
2022-07-19,75.07677888418709,76.90113811167171,74.9290941444157,76.68395233154297,18248900
2022-07-20,76.08450910790101,77.88280674824613,75.79782234385026,77.52661895751953,16584400
2022-07-21,75.51982404740708,76.27563279136177,74.02558512996983,76.23219299316406,21375700
2022-07-22,76.05845677889025,76.85769879522711,75.2592081345699,75.650146484375,15479500
2022-07-25,76.58839017842769,78.29980841291889,75.94551555172225,78.16950225830078,17536400
2022-07-26,79.16853172569705,79.29884447581624,77.31811188354631,77.86541748046875,15141200
2022-07-27,78.43012476162798,79.9243639303688,77.66563323184643,79.5508041381836,18047000
2022-07-28,80.08074849098043,81.01030345043982,79.06432053706388,80.4803695678711,20353100
2022-07-29,82.05277455309214,84.71981532574048,81.74871582552308,84.20726013183594,29825800
2022-08-01,82.34813506526767,82.83462893746832,80.99289834814762,82.07882690429688,20793200
2022-08-02,82.26127931258482,82.70433348401833,81.5054704933424,81.72265625,16722500
2022-08-03,82.02671023316125,82.02671023316125,78.8731756152034,79.07298278808594,23580800
2022-08-04,78.45617858184922,78.48223981149575,75.08545811190632,75.7457046508789,31821500
2022-08-05,75.02464705852331,77.91756287966064,74.95514602683626,76.84031677246094,17408000
2022-08-08,76.97932687655027,77.83938069256727,76.64051759666528,77.27469635009766,14458500
2022-08-09,78.23030177501268,79.5855385950151,78.14342218153978,78.69941711425781,19083400
2022-08-10,78.77760410622965,79.74190922693616,77.48317907936445,79.446533203125,18302000
2022-08-11,80.56056266783294,82.71844085749075,80.20969447696406,81.74476623535156,18797900
2022-08-12,81.12196757542428,82.47282485147637,80.79740713293381,82.45528411865234,15058200
2022-08-15,79.41145325693762,81.34126175177657,78.64830758684072,80.98161315917969,20755200
2022-08-16,80.72722841208262,81.48160705629923,80.07811423882008,80.22723388671875,14038200
2022-08-17,80.06056913335586,81.76230798831048,79.75355611632328,80.87635040283203,13678000
2022-08-18,81.70967993870313,83.60439364359733,81.65704435496863,82.78861236572266,17770400
2022-08-19,82.59564324051911,83.50790865144886,82.27985648581944,82.52546691894531,16128600
2022-08-22,81.94651595632735,82.88510243442391,80.57811125355751,82.46405792236328,16019900
2022-08-23,83.8149145192987,86.32366071527643,83.72719078565287,85.9640121459961,23764700
2022-08-24,85.97278383524795,86.81487945786292,85.40261304187021,86.4727783203125,17050300
2022-08-25,86.77103109774617,87.59558611781314,86.05174055653312,86.92015075683594,15305700
2022-08-26,86.63944330257806,87.63943901836052,85.45524647932756,85.84998321533203,15531400
2022-08-29,86.12190779154149,89.08678669650907,86.08681963562465,87.82364654541016,23059200
2022-08-30,86.27981238537502,86.50788208235102,84.05176438730174,84.48158264160156,17086800
2022-08-31,82.48159385105419,84.94647825347124,82.09563082716086,83.8499984741211,18340900
2022-09-01,82.82370231806136,83.39387319213141,80.95530301837358,82.34125518798828,16423000
2022-09-02,84.5166600538328,84.9026230777261,83.42895398658426,83.8499984741211,18206800
2022-09-06,84.35001854827101,84.7272012520614,82.90266357726239,83.28861999511719,19201500
2022-09-07,81.74476487500871,82.97281690737687,80.96407178626825,82.57808685302734,16274700
2022-09-08,83.03423642084348,83.70089140835452,82.20968136130107,83.25353240966797,18759200
2022-09-09,84.66577223662367,85.08682337943755,83.61315441816029,84.64823150634766,17158000
2022-09-12,85.65699824982597,87.0078620866391,84.98156298522882,85.62191009521484,16118900
2022-09-13,84.74475036840511,85.77105408574653,83.25354018213379,83.62195587158203,18229100
2022-09-14,84.37632444759393,86.4552460805239,84.34123628727507,85.67455291748047,22655700
2022-09-15,84.4026346768997,84.68333325304101,82.4991472483044,83.183349609375,21092300
2022-09-16,83.3938764985513,83.63071321653995,80.70092208367188,81.76231384277344,37874700
2022-09-19,79.83251177284306,82.00792418321753,79.8237380596288,81.7535400390625,15342100
2022-09-20,81.34126768430127,81.51670179099911,80.38513373336615,81.08688354492188,14712500
2022-09-21,82.07810104227892,82.35002592226292,79.7097070799572,79.77987670898438,17332400
2022-09-22,80.87634809526556,81.27985855457464,79.40267896317413,79.44654083251953,16139400
2022-09-23,76.75358519262197,76.75358519262197,74.42904670259769,75.21851348876953,27738800
2022-09-26,74.47292412960661,75.63080676043063,73.5869664015693,73.6659164428711,22043400
2022-09-27,75.09570819645427,76.27990502808001,74.39395845573749,75.2097396850586,17307300
2022-09-28,75.54308165210158,78.33252678733338,75.36764085255047,77.94656372070312,19543300
2022-09-29,77.35007383697948,78.3851510701063,76.42902809756646,77.78866577148438,17896000
2022-09-30,77.34130035690107,78.104452734491,76.58692169189453,76.58692169189453,21357600
2022-10-03,78.98162661447665,81.01669267155293,78.70092807875514,80.63072967529297,23881300
2022-10-04,81.78863067863914,83.64826308587318,81.32372424992626,83.5693130493164,22133700
2022-10-05,83.99034522162613,87.70960249908785,83.91140189537948,86.94645690917969,34857700
2022-10-06,86.37628877595834,89.63063983015104,86.2534835808855,89.52537536621094,29124700
2022-10-07,89.63941601330123,90.63063131296911,87.87627467488609,88.62187957763672,24507600
2022-10-10,89.0253900596613,89.4990701576935,86.59559365801046,86.70085144042969,16786100
2022-10-11,85.27980985479876,87.50785750330114,84.86753239923594,85.9640121459961,17804100
2022-10-12,85.52544325169863,86.76227595106707,85.28860650734248,86.34122467041016,12635800
2022-10-13,85.56928500685744,89.86748040555638,85.43770609432183,89.35871887207031,22019100
2022-10-14,88.70084651455647,89.68328828955988,86.8763022290035,87.00788116455078,15222000
2022-10-17,88.65698291419888,89.4464498197448,88.15698832275022,88.26225280761719,14283200
2022-10-18,89.06924199321676,89.77975871480238,87.0429495991356,88.42012786865234,14065400
2022-10-19,88.81486005217744,91.21834179848811,88.79731932076552,91.04290771484375,20921700
2022-10-20,91.50782690379901,92.10431224124714,90.7095930110803,91.16572570800781,17649000
2022-10-21,91.62185584094973,93.33236846442023,91.14818242340375,92.85868835449219,22814100
2022-10-24,92.68324140941536,94.45514970041111,92.209561365118,93.5077896118164,17024200
2022-10-25,93.34113375058077,94.14814126098828,92.16570394856855,92.876220703125,15719800
2022-10-26,93.20954889547609,94.58672714108714,92.98147924233575,93.9814682006836,17383800
2022-10-27,95.09550413262336,96.12180762816496,94.22708730496663,94.34112548828125,18214000
2022-10-28,96.01654950715553,97.55162134200773,94.84112628595496,97.10425567626953,28169400
2022-10-31,96.05164341471905,99.04284392426989,95.99901451879393,97.20075225830078,26401800
2022-11-01,98.5691378668312,98.74457193537604,97.06038078477478,98.16563415527344,22213100
2022-11-02,97.87617022602163,98.33230285837979,95.88495924789682,96.14811706542969,20654200
2022-11-03,95.24462355524638,98.08669734093932,95.00778016921602,97.45512390136719,17103700
2022-11-04,99.12178432324124,99.56037628927328,97.19198234965317,98.51652526855469,17541500
2022-11-07,98.604219083927,99.99016418966805,98.35860203590606,99.68315124511719,16008000
2022-11-08,99.54282972901618,100.57790697596378,98.77090363085613,99.99896240234375,14661000
2022-11-09,99.20946765777381,99.36736097957446,95.23582686690112,95.52529907226562,19522800
2022-11-10,96.65690810654768,97.10426713268345,94.35868359339419,96.9288330078125,20146700
2022-11-11,98.75336337392552,100.43755482685927,98.67441334424134,99.9551010131836,20518900
2022-11-14,99.59256359838177,101.36989885956451,99.4687697738474,100.24691009521484,20858300
2022-11-15,100.62713418446612,101.27262958041747,99.8047856520328,100.91893005371094,19373800
2022-11-16,100.30879789699051,101.03387883751854,98.91168857984287,99.84014892578125,13591000
2022-11-17,98.40765949029844,100.09656449226613,97.93016622241717,99.97277069091797,12425900
2022-11-18,98.06281423917041,99.45992356220418,96.92213688653575,99.1062240600586,15415000
2022-11-21,97.25815421146967,98.32809038602198,95.03870301084189,98.12471771240234,20973000
2022-11-22,99.22117033925707,101.21956672777497,98.53146004270171,100.963134765625,17719100
2022-11-23,99.31844431412577,100.75976190570007,99.12390924426457,100.45912170410156,11546700
2022-11-25,100.69786578465857,101.34336790822526,99.97278481166627,100.10542297363281,7136000
2022-11-28,97.85060542887716,98.5579977461375,96.93098934480702,97.09899139404297,23015500
2022-11-29,97.8063655853129,98.85861956948567,97.08128476541174,97.74446868896484,14453200
2022-11-30,98.62872689659908,98.94705576148642,97.0724531956228,98.45187377929688,23158100
2022-12-01,98.71715098323813,99.09737675608788,97.42615357330227,97.9743881225586,14398300
2022-12-02,96.83371918328791,98.77905643590854,96.55959851181102,97.14320373535156,15248400
2022-12-05,97.88596427068104,98.46956947997444,93.67696097285233,94.48162078857422,19287700
2022-12-06,93.6415871616912,94.64962635594894,91.20991236486203,91.85540771484375,21197000
2022-12-07,91.76700332739284,92.7131458087014,90.52022059326579,91.65205383300781,20061700
2022-12-08,93.97760571349268,94.43741712719195,91.70509516797097,92.3329086303711,21128800
2022-12-09,92.48323277159498,93.68580718043535,91.34256202360305,91.55477905273438,21298200
2022-12-12,91.81121087925551,93.942239002878,91.59898710427264,93.80960083007812,20413200
2022-12-13,95.32164952091847,95.97598917787192,94.63193249486557,94.83531188964844,24305300
2022-12-14,95.4896589097122,95.76377957131817,93.50895110157178,94.13676452636719,17597300
2022-12-15,93.13756523453151,93.88032809750517,91.69624098250064,93.23483276367188,15365100
2022-12-16,91.68740712110049,93.35863037712511,91.19222511269014,92.58049011230469,54596600
2022-12-19,93.07567934974564,93.90686549773748,92.29753902448837,92.99609375,13611100
2022-12-20,92.99608454735976,95.06522223464236,92.90766135903722,94.34014129638672,14680000
2022-12-21,95.75493122080103,96.02020078209098,94.75573638872103,95.55155181884766,13565400
2022-12-22,95.40124430038799,95.66652064289907,92.0499531215356,93.62390899658203,13213000
2022-12-23,94.57003742812508,96.15283741324075,94.52582920840518,96.09978485107422,11539400
2022-12-27,96.62150940415746,97.68260812425626,96.23244594508698,97.43502044677734,11962100
2022-12-28,97.18741188661987,97.26699073174258,95.41007680338795,95.83451080322266,10702100
2022-12-29,95.48967218567974,97.01941990955795,95.48967218567974,96.55960845947266,10534000
2022-12-30,96.03789542310918,97.70911872402773,96.03789542310918,97.53227233886719,11799600
2023-01-03,97.07246414188529,97.28468116032171,93.27905036276509,94.18098449707031,15146200
2023-01-04,92.6689131585368,94.75573267424572,92.63354253583333,94.45508575439453,18058400
2023-01-05,94.03064903835822,97.22277535122396,94.00412275676346,96.56843566894531,15946600
2023-01-06,97.33773375411454,99.02663893408669,96.97518990748685,97.73564147949219,16348100
2023-01-09,98.71715697595984,98.71715697595984,95.33049543850468,95.91410064697266,17964600
2023-01-10,97.08130330365398,97.55879662934305,95.50734757059948,97.34657287597656,15104600
2023-01-11,98.14239125688299,98.54914331558233,96.46232371268536,98.47840881347656,16710400
2023-01-12,98.87631299543084,100.57406241790805,98.80557174959682,100.1142578125,15357300
2023-01-13,100.01698991188329,100.35300070895308,99.17695954608057,100.05236053466797,12011400
2023-01-17,100.28226696325957,100.87470972027816,99.6279205562102,99.85782623291016,16542200
2023-01-18,100.14963281276874,100.91008437308099,97.62069050684785,97.80638122558594,16399700
2023-01-19,97.32888973548522,99.15043307873616,96.89561138365754,98.43419647216797,12928000
2023-01-20,98.46956352784129,100.30879549011219,97.80637950987159,100.22920989990234,16515600
2023-01-23,100.48563772619146,101.325668082534,99.60139240530188,99.70750427246094,16584400
2023-01-24,96.52423518252803,100.82166180163472,92.73082144661996,100.63597106933594,13583000
2023-01-25,100.12311165989883,100.49449311639943,98.49609658253976,100.10542297363281,11914700
2023-01-26,101.44062419152921,104.14641271197326,101.10460665231939,104.12873077392578,21019700
2023-01-27,103.41248556637876,104.04914326442632,102.03306505144657,102.22760009765625,15179200
2023-01-30,101.76780379790432,102.12150332088453,100.05237224277478,100.41490936279297,18672100
2023-01-31,99.12390384975248,102.92616160941232,97.64721571254422,102.58130645751953,27861800
2023-02-01,102.42215166217919,103.79272805616499,100.22037564362668,101.45832061767578,19464900
2023-02-02,101.5555796917687,101.7501147531378,97.11667088976105,98.28387451171875,24562100
2023-02-03,98.94705500001072,100.90123639392891,98.64640807603901,98.96473693847656,20226600
2023-02-06,99.35381749501028,99.99931288386817,97.54995600026155,98.79674530029297,13855200
2023-02-07,99.38033768573094,101.96233257537793,99.05316446658634,101.61747741699219,16013300
2023-02-08,101.7324244680747,102.42213472270468,100.67132606027324,100.73322296142578,18459700
2023-02-09,101.3522067539154,102.78467993593524,100.96313663225233,101.11345672607422,17439300
2023-02-10,103.0234520072313,105.78229383475546,102.71396741071521,105.37554168701172,24918600
2023-02-13,104.89435923738331,105.3042412346242,103.2726492490959,104.96564483642578,14536200
2023-02-14,104.26171522881944,104.97455082738382,103.37957123327398,103.73599243164062,12079000
2023-02-15,103.11225967442395,103.44194367199793,101.70439969022765,103.42412567138672,13663400
2023-02-16,102.74691645508187,104.05676031780247,102.29248610128886,103.12116241455078,11360600
2023-02-17,101.74895582464784,101.74895582464784,98.88868742934098,99.15599822998047,20758300
2023-02-21,98.73720499535217,100.13615260951966,98.73720499535217,99.0579833984375,14469400
2023-02-22,98.44316668192455,98.87977909965782,96.80363181821126,97.7748794555664,13973800
2023-02-23,98.66592197465629,99.64607514298973,97.92634919926599,98.6748275756836,11289400
2023-02-24,97.41845749721823,98.87086594406027,97.14222748967994,98.68374633789062,14351000
2023-02-27,98.72829370043308,99.13817568114506,97.97980853700834,98.50553131103516,11710500
2023-02-28,99.12036310794797,99.2272915153876,97.3204457708155,97.93527221679688,18107000
2023-03-01,97.40061945615238,99.67279841876882,97.33824626257541,98.80847930908203,13200000
2023-03-02,98.5679066122847,99.53023498841861,98.16693022390754,99.26292419433594,10339900
2023-03-03,98.0600178299464,101.01830243005463,97.97090742538573,100.5193099975586,13006700
2023-03-06,99.78864458518112,101.43708501502884,99.681722982097,101.41035461425781,14347400
2023-03-07,100.51929177440321,100.84007013779335,99.05797114036729,99.45003509521484,11525300
2023-03-08,99.11144685233094,100.17179121990932,97.18677651431959,97.99763488769531,13509800
2023-03-09,98.79067322864667,100.00250124848627,97.15113840255877,97.24024200439453,12961200
2023-03-10,97.62339016857555,98.94214654302196,95.47596420792222,96.03732299804688,15795700
2023-03-13,93.86317038308538,96.108619392153,92.41967424685434,94.93243408203125,20745600
2023-03-14,94.76313365153834,97.13332910205723,93.52457512002258,95.28885650634766,18263500
2023-03-15,91.61772642382849,92.84737251607261,89.3009986509107,90.54846954345703,25733800
2023-03-16,88.31192956337324,90.60192684547903,87.34068192953325,90.02274322509766,27465200
2023-03-17,89.63959435885735,90.53955641816661,88.33866267216256,88.96239471435547,43199500
2023-03-20,88.77525057079464,91.31474683640569,88.65941659444371,91.28800964355469,32042100
2023-03-21,92.82064513210845,95.59181022847245,92.78500232851445,95.37796020507812,31592300
2023-03-22,95.16410329101637,95.50269970338768,93.16814722329414,93.19487762451172,14952700
2023-03-23,93.88099197998577,94.7542168329142,91.27912862489582,92.14344787597656,14385900
2023-03-24,90.41481364395302,92.53550947081975,89.91582799014195,92.25037384033203,13401600
2023-03-27,93.32853122214578,94.87896238796156,92.5889652364314,94.2730484008789,14805900
2023-03-28,93.95227794354756,95.921496868355,93.72951552945392,95.4492416381836,11047600
2023-03-29,96.28681440297478,97.26697436895958,95.77891641976845,97.08876037597656,14219100
2023-03-30,97.61448749681699,97.632305497823,96.69670068803575,97.56101989746094,11578200
2023-03-31,97.73031952652534,98.16693192313609,97.16896073088293,97.7125015258789,14418000
2023-04-03,101.036103454132,104.11913394475476,100.79552307748536,103.47757720947266,28087700
2023-04-04,103.59342411420617,103.98548129923331,101.73112699219475,102.48851776123047,16365500
2023-04-05,102.78256055966354,104.25279362425464,101.85586824500108,104.24388122558594,16479500
2023-04-06,104.12807188203942,104.41320752341247,102.26577441325146,102.51527404785156,15778000
2023-04-10,102.27467153273818,103.52214232666908,101.7311307353695,102.06082153320312,13006600
2023-04-11,102.43505348189714,103.53995299915736,101.91824312127746,102.78256225585938,11758500
2023-04-12,103.50432797565166,103.88747278916813,102.40833394282146,102.67565155029297,10919000
2023-04-13,102.1142730158608,103.26372770550128,101.6954786562823,103.15679931640625,12399700
2023-04-14,103.27264461309936,103.94984417726504,102.57762704905738,103.40630340576172,11530800
2023-04-17,102.90731438541017,103.81618876658746,101.9538916040066,102.20338439941406,13260400
2023-04-18,101.92716911850628,104.4399288644819,101.84697791297111,104.19934844970703,17436100
2023-04-19,103.43304699042855,104.1637074455372,103.15681697086725,103.86965942382812,10682600
2023-04-20,102.58651748125318,103.07659738249474,100.89352901842072,103.04095458984375,17038700
2023-04-21,103.79835884605725,104.14586762225117,102.70237172057439,103.37065887451172,14315300
2023-04-24,103.29046763817986,105.9368860286054,103.2548248385246,105.32205963134766,15831300
2023-04-25,104.74287522960606,104.91217001796988,103.03205496117032,103.82508850097656,12179800
2023-04-26,103.38848398346079,104.33299438389295,102.18556838329042,102.87167358398438,15566100
2023-04-27,103.02316434318183,104.26172282921254,102.3637826987773,104.10133361816406,16279200
2023-04-28,104.47556704699743,106.85466788038768,104.10132784137473,105.44680786132812,24381900
2023-05-01,103.35284386071824,104.5201234895178,101.98062662561837,102.1766586303711,17355000
2023-05-02,101.52619489475417,101.52619489475417,97.3828128422563,98.10456085205078,24324100
2023-05-03,97.19569074727107,97.84615313991577,96.01950556235205,96.17098236083984,16212300
2023-05-04,96.14425312821218,96.90164392801576,94.37106632901671,94.48690032958984,17177200
2023-05-05,96.72342992359061,97.5075510685098,95.8145555892242,96.83926391601562,14968200
2023-05-08,98.46097037842664,98.87976473380651,97.16003891590364,97.222412109375,11187800
2023-05-09,96.5362955885276,98.22038532843939,96.42046160564176,97.24913787841797,11370800
2023-05-10,97.7837698301792,98.02435700117825,95.08389094382916,96.00167083740234,14884800
2023-05-11,94.88786926395719,95.18191726123521,93.49783407416122,94.2641372680664,17165900
2023-05-12,94.72748133822724,95.35122014066874,93.36417653019662,94.2552261352539,12613300
2023-05-15,94.83044073617398,95.20792733140733,93.9945736426379,94.43497467041016,13715600
2023-05-16,94.039511287738,94.2012922413337,91.69369088917978,92.14308166503906,14795200
2023-05-17,92.9250310123881,94.57879275658259,92.43968811541232,94.21028900146484,14064700
2023-05-18,93.9676248306723,95.18996843079383,93.5901313238996,95.06413269042969,12005600
2023-05-19,95.78314430201911,96.2145624397153,95.10905817616542,95.50452423095703,13359600
2023-05-22,95.12704365539558,96.20558571693434,94.26421412046034,94.34510803222656,12882000
2023-05-23,95.26185971748569,97.26614569955332,95.04615405382208,95.63036346435547,14394400
2023-05-24,96.51116970400808,97.52679734231111,95.92696712573715,96.69991302490234,16340300
2023-05-25,95.21691345792236,95.65731446900327,94.1114092055992,94.96525573730469,14316500
2023-05-26,95.6932804662803,96.12469180516813,94.21927915362097,94.34510803222656,12370300
2023-05-30,92.8351454172637,93.58113573578032,92.22397370020268,93.50923156738281,11938000
2023-05-31,91.93636804761347,92.61045422826227,91.44203543894065,91.8375015258789,24926100
2023-06-01,91.4510247828361,94.89335984298441,91.01062373337051,92.89806365966797,13551900
2023-06-02,94.51587766757163,95.38769007173461,93.94964086308077,95.05514526367188,14112000
2023-06-05,96.3403996901627,96.3403996901627,94.45295288769556,94.6327133178711,10628000
2023-06-06,93.60809944354169,95.51351193362409,93.45530822634811,95.4056625366211,12209800
2023-06-07,95.98087615547195,97.86831591334528,95.92695146035398,97.54475402832031,16027100
2023-06-08,97.76046195420554,98.09301358192033,95.18096340569245,97.23917388916016,13517100
2023-06-09,97.48184520645275,97.6166638091624,96.31343331634001,96.52014923095703,12251600
2023-06-12,95.10007339564658,96.22355033059999,94.87537800865589,95.64833068847656,14112000
2023-06-13,96.51117088697404,97.37400044613507,95.52251244567452,95.66632080078125,13533800
2023-06-14,96.57408060892152,97.16727975901026,93.82381109491601,94.51587677001953,16627700
2023-06-15,94.82145754075123,96.19659227334364,94.76753283975837,95.17198181152344,16224100
2023-06-16,95.59441896089379,95.96291587983639,94.33612325157867,94.4889144897461,43128900
2023-06-20,94.08444876681249,94.1653358112984,91.78357029487414,92.32283782958984,17514100
2023-06-21,92.125104548851,94.03950669187438,91.97231333824416,93.35643768310547,13285700
2023-06-22,92.43069354184057,93.37441693498566,92.25992970608648,92.8441390991211,12455300
2023-06-23,92.20599637641676,92.41271915108315,91.33418402864389,92.03523254394531,17933600
2023-06-26,91.85547541328523,94.2911795474207,91.85547541328523,93.73393249511719,14283400
2023-06-27,93.51822244796544,94.02153791859389,92.8171670832428,93.96761322021484,13227500
2023-06-28,93.75189957486727,95.10906161059825,92.75425152400555,94.73157501220703,13084100
2023-06-29,94.96526706757078,95.9269631044756,94.48890705995747,95.89999389648438,11364400
2023-06-30,96.4572396931843,96.96055518787752,95.9988591635691,96.39432525634766,13544700
2023-07-03,96.61000830364019,97.48182733656489,96.2325217709793,96.58304595947266,7397000
2023-07-05,96.73586211570444,96.99650960519409,95.36072735097176,96.0887451171875,12491200
2023-07-06,94.45294828058817,95.01918503657284,92.06219296172061,92.50259399414062,17961400
2023-07-07,91.60380590421694,93.47327301013772,91.2802440259938,92.71829986572266,21929200
2023-07-10,92.54754692962625,94.14737715793291,92.34981387090794,94.09345245361328,14877600
2023-07-11,94.60573957452534,95.41464427000291,94.20128379820734,95.2438735961914,12576500
2023-07-12,96.1696231735287,96.75383253620154,95.3876807782135,95.71124267578125,13238200
2023-07-13,95.24388370795724,95.47756883527342,92.86211118508017,93.95862579345703,26826800
2023-07-14,93.51822609243841,93.51822609243841,90.35451109250127,90.72301483154297,28181900
2023-07-17,90.52528457265767,91.3791243566181,90.07589376906597,91.11847686767578,18051300
2023-07-18,90.70502471923828,91.85546390892551,90.18372981854924,90.70502471923828,24617800
2023-07-19,90.82188512135791,92.0352389326174,90.5971897171558,91.33419036865234,15556500
2023-07-20,92.1610735285297,93.16771147038943,91.9992925531801,92.9430160522461,15740200
2023-07-21,93.61709503878014,93.81482123138156,92.80819022483087,93.37442016601562,17121500
2023-07-24,93.79685621411784,95.41466597306061,93.43734217244611,94.83943939208984,15090900
2023-07-25,94.42599116868446,95.35173510450932,93.95862776142235,94.98323822021484,14116100
2023-07-26,94.47094425657629,95.01920163762824,94.04851576391397,94.45296478271484,15159600
2023-07-27,95.27085248461927,96.16064437555582,94.1383857143257,94.74955749511719,17677900
2023-07-28,94.47093573534497,94.51587755878472,91.96333421634755,93.61709594726562,17566400
2023-07-31,94.54282467832456,96.94256954874278,94.54282467832456,96.38532257080078,24197000
2023-08-01,96.12469484524709,96.45724652474189,94.84842654636407,95.8281021118164,14177400
2023-08-02,95.50453254703446,95.61238194798051,93.98558948355772,94.6327133178711,13484100
2023-08-03,95.17198430901674,96.96055779619503,94.64170644957997,96.2774887084961,16280400
2023-08-04,97.0324543663438,98.18289364194919,96.46622446395773,96.54711151123047,14279600
2023-08-07,96.97853169948583,97.44589509355536,95.72922587960633,96.34938049316406,12410800
2023-08-08,95.30679402335704,96.84370961291643,94.22825207578562,96.82573699951172,14065600
2023-08-09,97.7065418120592,99.24345744496048,97.34702781939689,98.47050476074219,19919600
2023-08-10,99.03674561378249,100.33098644074141,98.36265942116411,98.97383117675781,15837200
2023-08-11,99.19852194990123,100.7264478390776,98.91091212874478,100.5107421875,14047000
2023-08-14,100.37592337718681,100.64556058397295,99.56701861398736,100.59162902832031,12973400
2023-08-15,100.35603281514209,100.45570978906649,97.8369389214972,98.00910949707031,14909600
2023-08-16,98.11784860411012,99.06930816845882,96.30554993934749,96.35991668701172,13695100
2023-08-17,97.3385409124955,99.81233115620968,97.3385409124955,98.22657012939453,16709500
2023-08-18,97.53792460523293,99.85766494595714,97.51980465842107,99.71268463134766,16224000
2023-08-21,100.00263208573435,100.56444711124797,97.99097963850673,98.50748443603516,11092400
2023-08-22,98.92431424558052,99.42269910992684,97.81881102893615,97.9547348022461,10518800
2023-08-23,96.99422560801206,97.22982637075873,95.79810876284007,97.09390258789062,11435600
2023-08-24,96.43241821905487,97.65571853564443,96.1152673093274,96.36898803710938,10818500
2023-08-25,97.34761038649393,98.70683420819121,96.61363173505575,98.09065246582031,13579300
2023-08-28,98.27187307248077,99.71265382356147,98.26281655855877,98.91524505615234,10382100
2023-08-29,99.3683403313137,99.69454773468792,98.24471016769371,99.50425720214844,9665000
2023-08-30,100.07513018870064,100.70943192881693,99.6583023432856,100.47383117675781,11922100
2023-08-31,100.6913076827024,100.96314831112169,100.23823305530009,100.7547378540039,17479800
2023-09-01,101.66994917390052,103.13791353563354,101.66994917390052,102.8660659790039,14843500
2023-09-05,103.39162686037311,104.959268086835,102.84793869926247,102.8751220703125,18304000
2023-09-06,102.82982045010745,103.83563976237589,102.60328313646578,103.76315307617188,13325500
2023-09-07,103.8900077493185,104.97738403011078,103.02916185643564,103.25569915771484,13248500
2023-09-08,103.78126777877344,105.15861844765047,103.5909772745279,104.7599105834961,14283200
2023-09-11,105.27640977906032,105.72948435946367,102.91135991628519,103.44599151611328,14383600
2023-09-12,104.51525573326576,106.6265852370249,104.45182555953512,106.4634780883789,20145800
2023-09-13,106.39098982977431,106.88936778362799,105.02270248706232,105.51202392578125,13472800
2023-09-14,106.51785342155534,107.52367970179121,106.31849946859032,107.39681243896484,15210700
2023-09-15,106.83500292751211,107.38775454879507,105.56639253582382,105.74761962890625,34568400
2023-09-18,106.49972640501394,107.14309158011397,105.74762082481244,106.59940338134766,14045300
2023-09-19,107.48741467859938,107.68676168440024,105.6660529510715,106.3184814453125,12562900
2023-09-20,105.60264465597915,106.94374180442486,105.4032906955254,105.47578430175781,11879900
2023-09-21,106.00136073768927,106.35475845356609,103.84472072315027,103.98970794677734,14400600
2023-09-22,104.85054110498263,105.72950708603814,104.03500530228314,104.1528091430664,13197300
2023-09-25,104.28872260489598,105.70232025446639,104.0531287577765,105.32173919677734,11316000
2023-09-26,104.6602336648645,105.77480023408735,104.5424367564791,105.48483276367188,11805400
2023-09-27,106.8259484776227,109.19099888199536,106.38193722289209,108.91915130615234,23976200
2023-09-28,108.71979033714982,109.37221199160076,107.09778234586405,108.25765228271484,16808100
2023-09-29,107.92237248153056,107.99486607952304,105.77480321962082,106.54502868652344,18813600
2023-10-02,106.49973078229587,106.73533154634731,103.79940962164248,104.77804565429688,14395000
2023-10-03,104.60586901700265,105.5120182443478,104.23434451537355,104.95926666259766,13297100
2023-10-04,103.34633576016009,103.382575650263,100.12950281391228,101.03565216064453,19622200
2023-10-05,99.49519319466137,100.49195601483106,98.49842346112135,98.7612075805664,20128800
2023-10-06,95.80716453403502,98.10877757625113,95.24534950265924,97.11201477050781,25367500
2023-10-09,100.07513063881703,101.55215150508566,99.24146803086683,100.51007843017578,22369900
2023-10-10,100.60068753956887,100.99033199688212,99.78515873840313,100.08418273925781,13892000
2023-10-11,96.92173327900544,97.11202381217961,94.99163765963515,96.49584197998047,57939000
2023-10-12,97.49259730331303,97.71913462235229,96.13337338907755,96.47771453857422,31183000
2023-10-13,97.89130599097514,99.85764827697349,97.71913541483055,99.55862426757812,30276500
2023-10-16,100.12949601724083,100.29260316511595,98.88806900767075,99.63111114501953,18452000
2023-10-17,99.43176230054604,101.30749101029969,99.38645207176101,100.93596649169922,19775400
2023-10-18,101.32560979607649,102.74826385520615,101.21686939625702,102.34955596923828,23380300
2023-10-19,102.14114612424639,103.27383270402491,100.88159920060231,102.4129867553711,20972500
2023-10-20,102.32235559563257,102.6848166214337,100.39226048479247,100.65504455566406,22445300
2023-10-23,100.2472805934485,100.54631147996575,98.48029247015481,99.17802429199219,18185000
2023-10-24,99.40458275489267,99.51332316770286,97.97287200976585,98.217529296875,16786100
2023-10-25,98.33532775445437,99.22335718944872,97.9819300490411,98.39875793457031,22047300
2023-10-26,97.36573943045822,98.1722117536498,96.50490036159502,97.50166320800781,18768300
2023-10-27,98.67058560053748,99.54955142858866,95.10941897646228,95.64405059814453,23092000
2023-10-30,95.81622436876351,96.43240616494147,95.33596634929859,95.94308471679688,19379900
2023-10-31,95.67122869723546,96.19679686224119,94.72883275378811,95.91588592529297,22185200
2023-11-01,96.5320811270923,97.11201610982731,95.56250167970373,95.7256088256836,28984900
2023-11-02,95.94307669592474,98.94243530806163,95.59874248195929,98.86994171142578,25212700
2023-11-03,98.22658709762725,98.570921348405,96.54114881919033,97.6647720336914,30555600
2023-11-06,98.01816786194084,98.10878140902652,95.84340816503212,95.93402862548828,19097300
2023-11-07,94.66541795214418,95.01881562411467,93.59616150753924,94.42981719970703,20272500
2023-11-08,93.9948730964615,95.05506615395798,93.23370406387403,93.26995086669922,19184100
2023-11-09,93.940499595573,94.21234716053966,93.20652084888209,93.29713439941406,18380500
2023-11-10,94.17609237196733,94.61104705635773,93.2518231735217,94.01298522949219,17825500
2023-11-13,94.284842374133,95.27254184450476,94.06736155310273,95.00069427490234,15308400
2023-11-14,95.37560901438927,95.85111232279556,94.98240153804662,95.36646270751953,18260500
2023-11-15,95.0646935321899,96.15287377835287,94.64405412880795,94.79036712646484,20137600
2023-11-16,94.09541568685827,94.43375236166493,92.49515353904296,93.69306182861328,22469100
2023-11-17,94.24172002627202,96.40893466430744,93.95824725489716,95.9791488647461,22984900
2023-11-20,96.36319516844986,96.82041284580811,95.49448437210447,95.5584945678711,17458800
2023-11-21,95.29330279365193,95.7413741419933,94.38801379042695,95.52191162109375,14989000
2023-11-22,93.80277743158253,95.2110086710551,93.21753938096897,95.11042022705078,18072000
2023-11-24,95.11956295002705,96.44549840620299,95.01898147902293,95.62250518798828,9480800
2023-11-27,95.19272529497738,95.46705871008051,94.35144638765766,95.06470489501953,18013500
2023-11-28,95.32073130552365,95.93340824322046,94.99153404773023,95.00982666015625,20629500
2023-11-29,95.3481735422177,95.63165325272807,92.94321101600929,93.58331298828125,26802100
2023-11-30,94.28742499581931,95.54020387708965,93.09865630692994,93.94908142089844,29254700
2023-12-01,93.72961725981092,95.30244707544908,93.47357649476984,94.17768859863281,17845300
2023-12-04,93.391277877056,94.51603640428931,92.8974819609478,93.66561126708984,21523900
2023-12-05,93.51928980379098,93.58329999212891,91.70871191846798,91.84587860107422,22250300
2023-12-06,91.4435390167588,92.1019336139336,89.92557292031819,90.62969207763672,31154800
2023-12-07,91.31550729272283,92.21164995703255,89.69695294601573,89.99871826171875,29990700
2023-12-08,90.5473944415933,91.25151363916868,90.30049994183113,91.03205108642578,22074900
2023-12-11,91.26064507964328,91.31550896474386,90.14503290534728,91.0960464477539,22252300
2023-12-12,90.23647686682177,90.23647686682177,89.13915728306176,89.66038513183594,26084000
2023-12-13,89.65124723748455,90.55653632786162,89.30376429789246,90.45594787597656,19915400
2023-12-14,91.30636759803646,93.40042537057786,91.18749351502491,92.88834381103516,26165700
2023-12-15,91.98304557501308,92.3579674053216,91.7270048014306,92.26652526855469,55527000
2023-12-18,93.39128715630663,94.28743693974812,92.83348099064595,92.95236206054688,21610400
2023-12-19,93.27239961464112,94.3605798426533,93.0803690408603,94.17768859863281,18904700
2023-12-20,94.64405995452196,95.04641374625713,92.47684563529596,92.60486602783203,20988900
2023-12-21,92.7877651570058,93.28156113149817,92.18423441820777,93.02552032470703,19250900
2023-12-22,93.55588546858769,94.13198424747097,93.10781406680293,93.19011688232422,12927800
2023-12-26,93.94909627661626,94.21428339458089,93.38215076204737,93.40043640136719,16835100
2023-12-27,93.30899265844397,93.77535668390802,92.66888366775852,92.96150970458984,14558800
2023-12-28,92.7146063921377,92.91578330017664,91.56241581301647,91.6172866821289,16329300
2023-12-29,91.78188407144494,91.98305400012299,91.09605751799366,91.42525482177734,17746400
2024-01-02,92.28481154334361,94.27828083563186,92.22080134950542,93.60160064697266,23483000
2024-01-03,93.51932067635838,94.75381425075783,92.96152140903713,94.3880386352539,23490800
2024-01-04,95.17442574867007,95.62249708304648,93.31812324395169,93.56501770019531,19395200
2024-01-05,94.34230673826964,94.55262996823741,93.39129300247319,93.8485107421875,15827400
2024-01-08,92.11106734152747,92.39454004125685,90.43764913168093,92.28480529785156,23370100
2024-01-09,92.6231571836727,92.6231571836727,90.70284434927748,91.14176940917969,19496600
2024-01-10,91.26065216967724,91.26065216967724,89.76097872999239,90.2456283569336,18206100
2024-01-11,90.56568431326872,90.98632376685956,90.12675224449345,90.22734069824219,15833400
2024-01-12,91.57156448530664,92.03792851356826,90.68456099145976,91.39781951904297,18041700
2024-01-16,91.27892901443693,91.45267394946711,89.18487139421582,89.33118438720703,20235700
2024-01-17,88.33445589301563,89.57808856203434,88.31617025520136,88.68194580078125,18384000
2024-01-18,88.70023353197607,88.78252936896494,87.62119948417303,88.51734924316406,20940300
2024-01-19,88.44420187124564,88.71852833279523,88.16072910133431,88.6545181274414,20088400
2024-01-22,88.42590214011099,88.79167770267068,87.57547692220986,88.53563690185547,19955900
2024-01-23,88.52648702041735,90.07188504713534,88.45333749212932,89.5323715209961,15863400
2024-01-24,89.90728266599925,91.12348334685854,89.37690849255246,91.0777587890625,17330600
2024-01-25,91.72700904604254,93.43700568672294,91.09605338954229,93.39128112792969,22089500
2024-01-26,93.24496899650306,94.25999274132299,92.53171057616207,94.18683624267578,20817200
2024-01-29,94.16855774363708,94.36972766528264,93.14438761471426,94.30571746826172,18317500
2024-01-30,93.6473375495015,95.90598724502888,93.36385781662871,95.87855529785156,19610900
2024-01-31,95.77795246936326,95.90597285470763,93.9765137914047,94.01309204101562,22415300
2024-02-01,94.70806995354098,95.11042374443817,92.9249237922251,93.62903594970703,19240700
2024-02-02,94.87267377167272,95.10128262413458,92.91578255272627,93.24497985839844,21973400
2024-02-05,92.76946701792436,93.61989220504073,91.90075619280678,92.86091613769531,17190900
2024-02-06,93.3364160671064,94.22341947449192,92.87919839126545,93.50101470947266,13347900
2024-02-07,93.50102661331613,93.9399587077037,92.52258094151173,93.47359466552734,13826800
2024-02-08,93.58331081703531,95.48533802849734,93.3729945924205,95.07384490966797,19636900
2024-02-09,95.1927163747251,95.86939656489078,92.99807018932007,93.06208038330078,20410500
2024-02-12,93.41873322056796,94.55263127731328,93.27242019307094,94.3423080444336,18173100
2024-02-13,94.84068464207732,95.1452474618783,92.84714414105372,93.53011322021484,18917400
2024-02-14,94.01927710536295,94.71147751694474,92.68101875144879,93.06864929199219,17651300
2024-02-15,92.84713653915107,95.92973901524957,92.84713653915107,95.73592376708984,23196300
2024-02-16,95.99434409796947,96.56655853308125,95.5421014775042,95.73592376708984,20151400
2024-02-20,95.83745362522836,96.09588103426265,94.73916706289708,94.83145904541016,17650000
2024-02-21,95.08064449584977,96.88960108333988,95.05295760628873,96.76961517333984,20991300
2024-02-22,96.13278745702674,97.28645470065604,95.47749826619038,96.6865463256836,20470700
2024-02-23,95.87435868695363,96.0681739360968,94.95142490545703,95.83744049072266,15975900
2024-02-26,95.72669703162295,96.85267741976382,95.10833306155419,96.21585083007812,13360800
2024-02-27,96.61271050253767,97.04649051533143,95.84667375830298,96.01280212402344,16360000
2024-02-28,96.41889802529249,97.30491365416758,95.98511800001039,96.28045654296875,14810500
2024-02-29,96.61270726785996,96.97265087463205,96.18815857888329,96.46503448486328,17566100
2024-03-01,97.57256391127079,98.19092787650928,97.25876275307027,97.68331146240234,18460100
2024-03-04,97.51718425574997,97.6925368816105,96.01279772361131,96.31736755371094,18138000
2024-03-05,96.47426881166503,98.08017164914092,96.28045355898915,97.49872589111328,19952700
2024-03-06,98.4032067949697,99.27999111071071,97.96942677130318,98.54164123535156,20472800
2024-03-07,98.38473502800964,99.65838809251535,98.38473502800964,99.09539794921875,15195400
2024-03-08,98.96619674124804,100.0460276220633,98.5416409870592,100.0275650024414,16281500
2024-03-11,99.90758442458568,100.710539370117,99.06771128187091,100.61824035644531,17577300
2024-03-12,100.65516759198407,100.85821417401262,99.70454681378384,99.97219848632812,14957200
2024-03-13,100.72899984319686,101.84574895691982,100.70131295432027,101.08894348144531,17122200
2024-03-14,101.36582179680171,102.95326907278616,101.23661162702867,102.87943267822266,22121000
2024-03-15,102.3072089765779,103.6454671938381,102.3072089765779,102.69483947753906,38264400
2024-03-18,103.1747714508918,104.16231034580095,102.53794486882171,103.64546966552734,16770500
2024-03-19,103.5716249106406,104.7437476563422,103.42395213309598,104.37457275390625,14878800
2024-03-20,104.03311379338841,104.66070914791096,103.48857911274244,104.28230285644531,16119700
2024-03-21,104.2176947410887,105.13140437580023,103.8946692830009,104.74376678466797,14878000
2024-03-22,104.7345425154561,104.92835779030878,104.12540275898174,104.74376678466797,14701900
2024-03-25,105.05755613796572,106.8572742312929,105.05755613796572,105.81436157226562,14011700
2024-03-26,105.82359244979635,106.11893098291667,104.66992520457231,105.02063751220703,13152300
2024-03-27,104.73454116583363,106.19277136375726,104.66993607504858,106.10971069335938,12415700
2024-03-28,106.62654005605535,107.4756374562894,106.19276004640233,107.28182220458984,18482100
2024-04-01,107.43872566594041,108.20475535867473,106.48809794928158,107.9740219116211,13817000
2024-04-02,108.83236425901019,110.38289349923444,108.28783663558876,110.08755493164062,19919600
2024-04-03,110.27213881063592,110.521327850359,109.57993842743952,110.10601043701172,16504300
2024-04-04,109.87528070764085,110.64131047291079,109.49687443875699,110.49364471435547,18467400
2024-04-05,110.73359451257194,112.73635906174569,110.41979337577739,112.01647186279297,21720600
2024-04-08,111.7488278669607,112.35796052253859,110.94587291402607,111.25967407226562,17513900
2024-04-09,111.67499711174722,112.2749055293105,111.06585738398022,111.84112548828125,14132300
2024-04-10,111.87803009060751,113.03169727593149,111.4257945255597,112.78250122070312,17409200
2024-04-11,113.2347479521139,113.2347479521139,111.06584793155514,112.40410614013672,17555900
2024-04-12,113.47471565104489,114.21306555809207,110.44749370671926,111.09355163574219,21556200
2024-04-15,111.75804373353924,112.31180961333972,110.24443295598275,110.45671081542969,15029500
2024-04-16,110.34597010788197,110.95510983569538,108.8323591399794,109.54302215576172,18082200
2024-04-17,109.41380339989786,110.15214620554974,108.09400780120869,109.48763275146484,14538600
2024-04-18,109.82914269150396,110.49365627811456,108.8785218267689,109.3861312866211,13821400
2024-04-19,109.97679757925351,111.61038734551809,109.78297528023154,110.64130401611328,21572400
2024-04-22,110.06908828070878,112.20106313104158,109.30305152757214,111.2688980102539,16340700
2024-04-23,110.75206175831984,111.73036938392853,110.24444532535696,111.70268249511719,13929800
2024-04-24,111.02894524070491,111.91496089388144,110.18907205528436,111.72114562988281,12101200
2024-04-25,111.70267789249316,112.37642267198943,110.19829831717631,111.97956085205078,16041000
2024-04-26,109.82913771606998,109.92142970082328,107.26338251622205,108.8692855834961,27289500
2024-04-29,108.68469429668613,110.79821369994919,108.68469429668613,110.41980743408203,17309900
2024-04-30,109.93065600618448,110.93665056461488,108.88774324724837,109.15538787841797,21083300
2024-05-01,109.16460606508394,109.33996573604759,106.74652407478992,107.08800506591797,27777700
2024-05-02,107.30028482366183,108.22321861733172,106.96802809462658,107.28182220458984,25513600
2024-05-03,107.0603256225586,107.12493070981171,105.33443680390212,107.0603256225586,28023300
2024-05-06,107.67869655695011,109.21999448192419,107.42950750186807,107.75253295898438,31401300
2024-05-07,108.24168896456321,108.5185719570153,106.99572958138282,107.21723175048828,30122000
2024-05-08,106.79268306695131,107.93711915645956,106.51580711573305,107.19877624511719,18957200
2024-05-09,107.24491698847129,109.39535467794686,107.23569271924485,109.31229400634766,17564000
2024-05-10,109.40458895306314,109.51534355962335,108.51857322486273,108.8692855834961,13648100
2024-05-13,109.29382657718672,109.86604810826327,108.09401677782996,108.82313537597656,15060600
2024-05-14,108.66496557650129,109.54887160329535,108.37653442854922,109.4837417602539,15079100
2024-05-15,109.42790296375618,110.57232820328069,108.00434580801523,110.3304214477539,18244300
2024-05-16,110.29320929404695,111.00033831402159,109.3627789883087,109.6698226928711,15745200
2024-05-17,110.06990016529521,111.49345729586055,109.75355019260326,111.3166732788086,15104500
2024-05-20,111.40043032191807,111.54929548849705,110.30252221124428,110.41416931152344,11551300
2024-05-21,110.16294646315839,111.1398939970238,109.5860771346238,109.65120697021484,14495000
2024-05-22,109.28833865753374,109.28833865753374,106.96226298263659,107.44609069824219,17879300
2024-05-23,107.55773204455018,109.33485717262066,105.47357033873818,105.6131362915039,15979800
2024-05-24,106.85060529350903,107.07391366198803,105.17583512163291,105.5293960571289,12212900
2024-05-28,105.6224517986824,107.10183976873613,105.2037609743274,106.86923217773438,13978300
2024-05-29,106.56218117056476,106.58079375180014,104.96183991807457,105.72479248046875,13902000
2024-05-30,105.38984243139542,106.19001309884466,105.10141129497309,106.05975341796875,14683700
2024-05-31,106.18071368454889,109.3162594087373,106.05975319640238,109.10226440429688,29037400
2024-06-03,108.20905671450744,108.26488026610025,105.8457626825986,106.48775482177734,19589300
2024-06-04,105.13860951760043,105.22234482580836,103.20331305466988,104.8315658569336,19412200
2024-06-05,105.03628018667314,105.31541212724945,103.7243771026528,105.25028228759766,14863500
2024-06-06,104.90602673963181,106.1062827976226,104.31055185640514,106.04115295410156,13154100
2024-06-07,105.87366952621038,106.90644777428768,104.83158498709432,104.90602111816406,13289200
2024-06-10,105.19444589072783,106.27374843010362,104.85949041979188,105.21305847167969,15239700
2024-06-11,104.66410858426377,104.83158633200925,103.56620048207009,104.36637115478516,12462400
2024-06-12,105.41775354428825,105.41775354428825,102.84976398434146,103.21263122558594,13606800
2024-06-13,103.12888430474084,103.14749688475153,102.08680697996182,102.3845443725586,14466900
2024-06-14,102.36594452347974,102.54272856247057,101.03542883201787,101.51925659179688,13313400
2024-06-17,101.57508033837279,101.84490599365314,100.65395627284346,100.8214340209961,21147900
2024-06-18,101.44482046102978,103.01725003240122,101.23082545462577,101.77046966552734,17762900
2024-06-20,102.26359604927995,104.78506127022936,101.96585154335379,103.96627807617188,17433200
2024-06-21,104.1151639731466,104.85950403964657,103.05447387695312,103.05447387695312,52212500
2024-06-24,103.87323728551928,106.56218026292127,103.87323728551928,106.1155776977539,16266700
2024-06-25,106.17140095633029,106.58079255547527,105.56661984812604,106.41331481933594,14188900
2024-06-26,106.43191842516109,106.83200372673863,105.26888058320537,106.45053100585938,15771800
2024-06-27,106.99016841746763,106.99016841746763,106.17139238390652,106.90643310546875,16812700
2024-06-28,107.79965381615791,108.43234669641568,106.70174579155236,107.11113739013672,24565900
2024-07-01,107.66008773037444,108.61842979085901,106.56217970702073,106.96226501464844,11972900
2024-07-02,107.83687540328157,107.87409346787993,105.59453492691573,106.23653411865234,13326700
2024-07-03,106.32027571714383,107.61358046777788,106.32027571714383,106.77619171142578,7732900
2024-07-05,106.63663429565402,106.65523978123518,104.85020953778124,105.48290252685547,12631000
2024-07-08,104.57105325429904,105.65035573124874,103.66853479306819,104.37566375732422,13350500
2024-07-09,103.38010289213838,104.71061839814845,102.92419406939374,103.22193145751953,11727000
2024-07-10,103.20334335779081,104.17099187338226,102.73812813483076,104.13377380371094,10004100
2024-07-11,103.6778482234087,105.43636091591206,103.21263307515659,105.37123107910156,13082700
2024-07-12,106.05974246032976,106.20861470801863,104.79435674945219,105.38983154296875,11684900
2024-07-15,106.32026327432591,108.07878300617335,105.67827121843959,107.19486999511719,13032500
2024-07-16,106.39469557582402,108.25555603923543,105.7992207954219,107.96712493896484,13614100
2024-07-17,108.61842949991737,109.95825138208083,108.44165257280171,109.45581817626953,13602800
2024-07-18,109.74424670044446,111.57719545465164,109.26973237723821,110.53511810302734,13033600
2024-07-19,110.33972983992317,110.60955548846644,107.80896529570148,107.99504852294922,16157700
2024-07-22,107.16695895780282,107.87408795177274,106.60870221461379,107.25069427490234,12065900
2024-07-23,106.82270019228999,107.15765566730427,105.29679507216711,105.52010345458984,11251700
2024-07-24,105.85505794526229,107.18557363158186,105.20375953879267,107.00879669189453,14925200
2024-07-25,107.15766241910832,109.81869380571065,106.59009933394081,109.26043701171875,17021700
2024-07-26,108.64635071339328,109.81869496215582,108.36722586276814,109.16739654541016,11252500
2024-07-29,109.1580829545249,109.22321279184412,107.35304589364988,108.02295684814453,8861800
2024-07-30,108.26487507509734,110.34903705187133,108.14392168623881,109.9489517211914,12483900
2024-07-31,111.31667629703713,111.42833048430039,110.31180990752658,110.3397216796875,15137700
2024-08-01,110.11643915613043,111.17712927059374,108.26488460174212,108.81383514404297,15051500
2024-08-02,107.90200745705388,110.60025685756344,107.39026793159479,108.74869537353516,20403800
2024-08-05,107.50191195240095,107.95782078735353,105.37122582775808,106.78547668457031,18025900
2024-08-06,106.48775221328799,107.58566032564894,105.72479959951988,106.21793365478516,13647800
2024-08-07,107.4181695499133,108.97199346275264,107.24139262943032,107.63217163085938,13660700
2024-08-08,108.00435416422461,109.8931265940461,107.67870496918988,109.68843078613281,13851000
2024-08-09,109.68841475966379,111.00962392854697,109.19528789371577,110.58162689208984,12151900
2024-08-12,111.23294617394728,111.80980842185848,109.80938183969893,110.72120666503906,13228900
2024-08-13,110.05128619410503,110.26528826986372,109.32555175229442,109.66050720214844,11585100
2024-08-14,109.8838106979485,111.55858798118807,109.44650734629043,110.67467498779297,12194500
2024-08-15,110.90916972488236,112.20349826271918,110.78724255834449,111.359375,11579400
2024-08-16,110.66530325739343,111.12488972642107,110.35579474768004,110.8341293334961,10056000
2024-08-19,111.04985628406172,113.01948910283262,110.83413128910263,111.17178344726562,12417500
2024-08-20,111.28433361277588,111.28433361277588,107.4013410522251,107.46699523925781,15632000
2024-08-21,107.87030234242498,108.3955358424207,106.69790102581328,106.78231048583984,11752400
2024-08-22,106.71665201608197,107.8702980138738,106.5853436463521,107.60768127441406,10609500
2024-08-23,107.88905712333153,109.47414598601405,107.88905712333153,109.0989761352539,10381400
2024-08-26,110.44958205234703,111.55632914952807,109.66172466931447,111.43439483642578,13671000
2024-08-27,111.57510309407684,111.99717191997664,110.11194833814069,110.37456512451172,9991600
2024-08-28,109.73676532127105,110.28076125990657,109.04270573225635,109.28656005859375,10742900
2024-08-29,109.92434113278117,111.41563928170105,109.12710969366353,110.7966079711914,10753900
2024-08-30,109.53979759102933,110.6934364468926,109.0708370775764,110.618408203125,13284700
2024-09-03,108.64876875535772,108.88324901301942,106.96051519365521,108.30174255371094,15725100
2024-09-04,108.13291695635395,108.93952961871048,106.90424269066257,106.9792709350586,12620600
2024-09-05,107.92657504859764,108.12353761060844,106.05073294666266,106.14452362060547,17200800
2024-09-06,106.53844489443793,107.09182201551054,104.79391838599196,105.64742279052734,13467700
2024-09-09,105.86315733695932,108.9395374059609,105.6661947642724,107.87030792236328,21645300
2024-09-10,107.95470760644294,108.23608677380093,103.33075670722039,103.9404067993164,20913400
2024-09-11,103.9028930615489,104.06233792310529,101.07974868962246,102.90869903564453,19571900
2024-09-12,103.07752212013285,104.41874947265336,102.94621374904159,104.32495880126953,15919500
2024-09-13,104.55006580017995,105.48798689693474,104.04358754923994,104.24993133544922,10035400
2024-09-16,105.09404959920325,106.06948112993862,104.75639747096052,105.71307373046875,11729000
2024-09-17,105.34729364076983,107.2700346846158,105.1597122902448,107.09182739257812,12202600
2024-09-18,107.02617120242263,108.4518080447484,106.74479202612835,107.46699523925781,12569900
2024-09-19,108.94891418874313,110.28076038174613,108.0391296120762,108.79884338378906,12660600
2024-09-20,108.29235828161315,108.33925719412889,107.15747472527195,108.11415100097656,36206200
2024-09-23,108.17043849111822,110.47772345973343,107.97347592552825,110.07441711425781,16066300
2024-09-24,110.5246045342945,110.82474611657985,109.57730949934074,109.78365325927734,11984900
2024-09-25,109.25842034696798,109.783660997219,106.96051665284243,107.64519500732422,13816000
2024-09-26,104.24055570101753,106.43529490591182,104.24055570101753,105.7975082397461,16887900
2024-09-27,106.69790498988922,108.8832556868593,106.2195632313246,108.63002014160156,15964000
2024-09-30,108.29235702382203,110.10254482705656,107.82339652718895,109.94309997558594,13247600
2024-10-01,108.8363586278658,113.11327629172023,108.73318674073163,112.48487091064453,23235900
2024-10-02,114.36070919148358,115.19545831906036,112.7381026934323,113.97615814208984,17129700
2024-10-03,114.33256563837708,115.52372210052923,113.4227811687534,114.97035217285156,16524300
2024-10-04,115.55186502833796,117.41833298164764,114.82966900255995,117.08068084716797,19752300
2024-10-07,117.47461272927663,118.49694324959624,117.10882408844945,117.58716583251953,15714400
2024-10-08,116.18966143736814,116.32096981681066,113.73231277428384,114.4638900756836,14818500
2024-10-09,113.39465912385103,114.97036681226322,113.30086844773231,114.51078033447266,11144900
2024-10-10,115.51436789827159,116.02083900303117,114.69837395256744,115.49560546875,10243300
2024-10-11,115.45807490723053,116.33034173281709,115.30801126662102,115.93641662597656,8294800
2024-10-14,115.58938565631865,116.54606911351011,115.0078791977999,116.37724304199219,9808100
2024-10-15,113.31963114586075,114.37947945141116,112.34419230761712,112.8788070678711,15771300
2024-10-16,113.38527349516018,113.90113292738442,113.11327553596647,113.1695556640625,8426800
2024-10-17,113.26335816765624,114.03245321145617,112.27853811445506,112.8788070678711,11204900
2024-10-18,112.96321233926093,113.15079368493949,111.75329333905624,112.55990600585938,12898600
2024-10-21,113.46968728856005,113.9386477950075,112.28790480869708,112.62555694580078,10177800
2024-10-22,112.79438899533952,113.66665586981497,112.49425454152913,113.20706939697266,9201400
2024-10-23,112.52239231471867,113.25396960700846,111.98777758913998,112.80376434326172,8320300
2024-10-24,112.55052089646504,112.9632084295983,111.73452704388869,112.16596984863281,9905600
2024-10-25,112.73811244798883,112.95383744778695,111.9127444627261,112.07218933105469,10714600
2024-10-28,109.53980010231074,111.62198597470056,109.52103767411153,111.51881408691406,11844500
2024-10-29,111.21867455921185,111.7720445177355,109.8024118371687,109.99937438964844,14731000
2024-10-30,110.35579900753713,110.92792428976828,109.24905183386909,109.44601440429688,12303700
2024-10-31,109.87745941199209,111.30309634993101,109.43663534559218,109.53042602539062,20512000
2024-11-01,112.4848680717072,112.50362334354476,107.71084636498144,107.81401824951172,20939300
2024-11-04,108.86449816904357,111.33122800390267,108.73318979187357,111.24681854248047,14965400
2024-11-05,111.68764924140712,111.80957641153506,110.68407392425613,111.5750961303711,10436700
2024-11-06,113.62913868787086,114.3419607023416,111.89398614523262,113.48844909667969,20807700
2024-11-07,113.76983235746506,113.95741371526445,112.18474340771083,113.62914276123047,12184400
2024-11-08,113.46969423586133,113.88237464087864,112.23163870926963,113.59162139892578,12836000
2024-11-11,113.48845293334288,114.06996659056618,112.616186025393,112.9913558959961,11969700
2024-11-12,113.61038440761122,113.77921049799512,112.40046528582162,112.8788070678711,11972800
2024-11-13,113.08513753089439,114.47326379438152,111.42502046763641,113.92926788330078,15127900
2024-11-14,115.0451022388473,115.2531343319112,113.7874153078449,114.0049057006836,13041800
2024-11-15,113.85362196189949,114.64794608392222,112.6526702634422,112.82288360595703,19051700
2024-11-18,113.27678549727732,114.06165851389102,112.7850548688523,113.76850891113281,14239700
2024-11-19,113.2389613823231,113.2389613823231,111.77323498799754,112.17985534667969,11584400
2024-11-20,112.69049563439015,113.91981501409778,112.18931391044723,113.77796936035156,11360900
2024-11-21,114.49664788521001,115.88672229561942,113.73068424636159,115.30043029785156,14675400
2024-11-22,115.19642036336552,116.51084290806995,115.02620700864128,115.16805267333984,13323400
2024-11-25,114.82762240913345,115.25315217548572,113.10657952667614,113.44700622558594,26580300
2024-11-26,113.03092551151803,113.17277116927244,111.44227001672235,111.55574798583984,14827300
2024-11-27,111.66921690965505,112.27442552045656,111.04510612616527,111.26260375976562,11079100
2024-11-29,111.05456410905455,112.05692756596119,110.59120115500892,111.5462875366211,9426500
2024-12-02,111.63140595966166,111.7732444104627,110.46828016110155,111.44227600097656,12687300
2024-12-03,112.26496896849113,112.26496896849113,110.88435281091847,111.27205657958984,11756600
2024-12-04,111.11130714602159,111.15859143914585,107.66922127202535,108.0663833618164,19520600
2024-12-05,108.47299089652618,109.33351587031774,107.85833123161355,108.5391845703125,15751200
2024-12-06,108.31224178156593,108.5297322010772,107.32878770687353,107.39498138427734,16171100
2024-12-09,108.40680444261103,108.69049575748583,106.61956791678135,106.76141357421875,17412600
2024-12-10,107.41389090317223,107.68812391405827,105.67393868667152,106.54391479492188,20990900
2024-12-11,105.91033825240235,106.27913260308,105.06872989166934,105.83468627929688,32392200
2024-12-12,105.52263755270522,106.26968462691676,104.75668109066488,105.7401351928711,14543300
2024-12-13,105.81577852058861,105.81577852058861,104.25549082049722,104.81340789794922,13106100
2024-12-16,104.20821345220341,104.39734340043357,102.2791384822446,102.57228088378906,20256100
2024-12-17,101.40916086773758,102.28859533652992,100.98363108572235,102.13729858398438,17554000
2024-12-18,101.72121707231194,102.9127105293603,100.52972361526359,100.63374328613281,17114500
2024-12-19,101.5510021259872,101.81577684237844,99.48953255820825,99.77322387695312,20565600
2024-12-20,99.71647818412927,100.36896386821377,99.13964447796727,100.1136474609375,40141200
2024-12-23,99.5840867165366,100.80394775551166,99.21529235761037,100.520263671875,12285100
2024-12-24,100.7282931323388,101.3618693863983,99.95287844747496,100.61482238769531,7807000
2024-12-26,100.7283036021954,101.21057596076606,100.17984477874931,100.69993591308594,9652400
2024-12-27,100.52026213046753,102.11836858978563,100.01907321604627,100.69047546386719,11943900
2024-12-30,100.52026832757856,100.76612643520365,99.77322127463374,100.00962829589844,11080800
2024-12-31,100.39733351326339,102.03327329851932,100.02853913191474,101.7212142944336,12387800
2025-01-02,102.39260214217032,103.07345547948516,101.06872145456582,101.475341796875,12685400
2025-01-03,102.1278249661572,102.59118067046133,101.61718497557813,101.99543762207031,14237900
2025-01-06,102.3547796694016,103.81104775430923,101.67392630871028,101.88196563720703,15623700
2025-01-07,103.01673067415497,104.07582956123026,102.3926126460684,102.8370590209961,12625900
2025-01-08,101.47535630891089,101.85360901868759,100.24604402034954,101.11602020263672,17858100
2025-01-10,102.78978371526789,104.1136646544243,100.02855106888812,100.74723052978516,19304500
2025-01-13,101.30513426797638,103.66920448325739,101.30513426797638,103.34769439697266,17073400
2025-01-14,102.87489136391204,103.79215185994035,101.96708916983665,103.75432586669922,11191200
2025-01-15,104.06637481288595,105.65503030217259,103.51790878590812,105.44699096679688,14521100
2025-01-16,105.14438205060468,105.61719606149569,104.53918069382973,105.2673110961914,10366600
2025-01-17,104.99309050226154,106.73305001938002,104.79450945998613,106.21295166015625,19298500
2025-01-21,105.95763045283476,106.08055950738536,105.0876471262843,105.40916442871094,20416300
2025-01-22,105.15385095801308,105.50373598261656,103.45172455906729,103.57465362548828,15718000
2025-01-23,104.31223118945626,105.09710422730271,103.65029441932653,104.16093444824219,13726800
2025-01-24,104.24604004452188,104.69048640721991,102.51554609927294,102.751953125,14235900
2025-01-27,103.08293040432257,104.4446300839876,102.49663833273327,104.17985534667969,15926700
2025-01-28,104.40680595227781,104.84179402906241,101.92925763886623,102.16566467285156,15862000
2025-01-29,101.85359625447286,102.86541797794688,101.62664754287603,102.76139831542969,12345500
2025-01-30,103.30040591752677,103.87723960382762,102.78976590598653,103.61246490478516,14346300
2025-01-31,104.5391837253997,104.5391837253997,100.3311345776974,101.02144622802734,20376500
2025-02-03,100.84178133142986,101.4658993486214,99.59355251161668,101.2673110961914,14623200
2025-02-04,100.90797096488379,104.28386290229066,100.73775762288976,103.98126220703125,14835700
2025-02-05,103.77322177899387,104.02854539656991,103.16802039487452,103.90560913085938,13364400
2025-02-06,104.74722061888653,105.01200254499247,102.11837567639213,102.53445434570312,13411400
2025-02-07,102.86541698399573,103.76376795027561,102.43042895156763,102.96943664550781,10051600
2025-02-10,104.02854588101921,104.99308333689818,103.90560961473618,104.93634796142578,12142200
2025-02-11,105.5320958105176,106.39262085505797,104.79450703780869,105.5982894897461,12713100
2025-02-12,104.9972185521628,105.16895440730048,102.25898777277376,102.42118072509766,18244100
2025-02-13,102.23036646446549,103.43251745185245,101.62928733122097,103.16536712646484,15460000
2025-02-14,103.53745247442286,105.16894661692919,103.13673793515184,103.27030944824219,15733500
2025-02-18,103.6424114864913,105.89405615693919,103.34664700761877,105.08308410644531,20060300
2025-02-19,105.6746119035709,106.9817056154373,105.00674705483698,105.23573303222656,10964700
2025-02-20,105.49333737412131,107.25839583220866,104.90180116087555,106.85768127441406,16325800
2025-02-21,106.20891339170564,106.71457809348759,105.48380558281505,105.60784149169922,14710000
2025-02-24,105.83681556155507,106.72411629625529,105.25482221518705,106.16120147705078,13153500
2025-02-25,106.18982523150925,106.9817114561347,103.89047338362401,104.69190979003906,14497000
2025-02-26,104.70145397737382,104.82548988515217,103.53746724374585,104.43431091308594,10446400
2025-02-27,104.95905695254184,106.18028649682488,104.26257061104485,105.0926284790039,15293200
2025-02-28,105.05445820591811,106.4569664335721,104.31980757281275,106.21844482421875,18821700
2025-03-03,106.57145850890615,107.01034470192397,101.61975455294244,102.81236267089844,18706900
2025-03-04,101.4766404108463,103.95726384741157,101.07592582906085,102.60246276855469,19394900
2025-03-05,100.9805057073238,101.44801330569057,98.91013987147753,100.598876953125,24822200
2025-03-06,100.58932061081029,103.14627222945845,99.56844854361312,102.67877197265625,17150200
2025-03-07,103.43251743063102,105.33114746271542,103.32756733688295,104.0145034790039,19625000
2025-03-10,104.26256813965618,107.40151349531523,104.07175375754828,106.6668701171875,22749100
2025-03-11,106.781352242652,106.9530880924127,103.79506431642064,104.14807891845703,19904700
2025-03-12,104.04313966880363,105.07354759562867,103.44206049246121,104.11946105957031,14051500
2025-03-13,103.35618661156289,105.73185982784803,102.68832173080712,103.68057250976562,17767800
2025-03-14,103.93818809204463,107.02942638684297,103.33710892423488,106.76228332519531,15890100
2025-03-17,106.66687185741029,109.24290245340426,106.60008609467272,108.53688049316406,19908800
2025-03-18,108.85172217048452,109.28106545063756,107.40151393486391,108.4223861694336,15998700
2025-03-19,108.95666355670544,110.50228613934242,108.60365624866415,110.11111450195312,17315000
2025-03-20,109.45279860950036,111.12244989548778,108.96621248229262,110.57862091064453,16230800
2025-03-21,110.19699096679688,110.66449131456797,109.09979003381783,110.19699096679688,41102800
2025-03-24,110.36872233598935,111.54225188833725,110.27331514550545,110.48321533203125,14207500
2025-03-25,111.08428080697632,112.23872448750056,110.63585903042939,111.23693084716797,12081800
2025-03-26,112.27689047838969,113.70802011197941,112.27689047838969,112.83979797363281,14110800
2025-03-27,112.6776064231976,113.60307142902788,111.87617731243849,112.47724914550781,12740800
2025-03-28,112.67760754527073,113.02107924733124,111.8570926213597,112.32460021972656,10233400
2025-03-31,112.3818397493789,114.40450557061007,112.3818397493789,113.46949768066406,21652300
2025-04-01,113.74619111850504,113.80343397789585,112.51541868788759,113.57445526123047,12425400
2025-04-02,112.95429250960764,113.38362849391564,112.25781348803227,113.221435546875,12614600
2025-04-03,109.11886669436157,110.14927449790741,107.0771223338016,107.26793670654297,21204600
2025-04-04,104.82547362994622,105.7413956850887,99.06279099712759,99.54936981201172,30841300
2025-04-07,95.78073784210038,100.9423490148835,93.93935070803215,98.21366119384766,35068500
2025-04-08,100.61795540569199,100.75152692538437,94.46410075995801,96.1432876586914,27147800
2025-04-09,94.80756878383878,101.68653089754434,93.62449639945632,100.94234466552734,30063300
2025-04-10,98.94830347620935,99.01508923561397,93.30965642047127,95.34185791015625,33999300
2025-04-11,95.69487042395652,99.1582014931081,94.254197897836,98.40447235107422,22884600
2025-04-14,100.20770669188589,100.26494955415065,98.00376914546212,98.64300537109375,18020000
2025-04-15,98.88151766868603,100.5702547371125,98.27090293182614,98.3663101196289,13164900
2025-04-16,99.1772792797317,100.74198040778214,98.93875767753985,99.40626525878906,13607000
2025-04-17,99.88330903611559,103.56608317741076,99.66386595803561,102.01091766357422,17916500
2025-04-21,100.76108028614692,100.78015881418237,99.33949337667053,100.51301574707031,16926500
2025-04-22,101.2667377762235,103.93818281528044,101.2667377762235,103.32756805419922,13147000
2025-04-23,103.81414133992091,104.2816489280658,101.58158260444385,102.44026184082031,14235700
2025-04-24,103.01272457834386,103.8809395419968,102.04909513769606,103.64241790771484,9849600
2025-04-25,103.17490186198036,103.76643804557389,102.48795849499471,103.58515930175781,11245800
2025-04-28,103.75691091264711,104.233954181211,102.73603860908449,103.64241790771484,13890900
2025-04-29,102.79327516417018,103.83323321095662,102.58337497422602,103.38481140136719,9483100
2025-04-30,102.48796702471762,102.48796702471762,99.36810746562098,100.7801513671875,20379300
2025-05-01,100.27448447242551,102.01092152083714,100.1599987570128,100.92326354980469,18610300
2025-05-02,102.77419153116102,103.99542099841271,99.74973929131089,101.3335189819336,16581900
2025-05-05,99.84515509463252,99.85469799791629,98.33769665630227,98.52851104736328,19624000
2025-05-06,99.1200389424679,101.11408337257942,98.72886729006916,99.90238952636719,16303400
2025-05-07,100.16954183477145,100.45577070280711,99.29178398214573,99.80699157714844,12332200
2025-05-08,100.50346484879086,102.45934501601036,100.50346484879086,101.199951171875,19196500
2025-05-09,102.22082553800055,102.80281887684731,101.49571777041895,102.38301849365234,10992100
2025-05-12,105.20710816636254,105.3693083927101,103.34664252653981,104.14807891845703,14244600
2025-05-13,104.30073938094199,105.43610468326804,104.0145105097178,104.43431091308594,13350800
2025-05-14,103.8618483150062,103.8618483150062,102.97454765280234,103.49929809570312,15494900
2025-05-15,102.5364182716989,104.61622899016453,102.03572717992571,104.548828125,15004300
2025-05-16,104.6162380143028,104.84732566535136,103.46078506677206,104.1733169555664,14042500
2025-05-19,103.57634117683949,103.57634117683949,101.79502599904072,102.51718139648438,16802700
2025-05-20,102.44013703873874,102.75788713734026,100.88990972317289,101.05359649658203,12429300
2025-05-21,100.64918835125309,101.07285513703019,99.79223133176284,99.81149291992188,16716100
2025-05-22,99.2337650956297,99.62854685439093,98.10720458515205,99.14710998535156,13417400
2025-05-23,98.79084376076683,99.62854655498961,98.28052185650168,99.20487976074219,12061600
2025-05-27,99.6477964831327,100.00406239433833,99.07970453011797,99.67668151855469,13043600
2025-05-28,100.41811123496409,100.55291298162369,98.01092669297955,98.31904602050781,14292400
2025-05-29,98.48272829783883,99.03156605444025,97.97240637368327,98.87751007080078,13825300
2025-05-30,98.36718952958898,98.58864638658616,97.43320078154211,98.50199127197266,28645800
2025-06-02,99.89814499476937,99.99443089421038,98.42494942950654,99.22413635253906,17290500
2025-06-03,99.07971642388539,100.77437638479212,98.41533114485188,99.94630432128906,19194300
2025-06-04,100.06184210416772,101.02471589041909,98.50199127197266,98.50199127197266,15648500
2025-06-05,99.15674478935911,99.22414565990444,97.95315256808973,98.0494384765625,13924800
2025-06-06,98.94490779654164,100.62030605089956,98.86787613409805,100.39884185791016,15487800
2025-06-09,100.45661451036285,101.92017929661513,99.97517766215387,101.0728530883789,17087300
2025-06-10,102.14165851859676,103.65337015071411,101.9972259736389,103.23933410644531,17634800
2025-06-11,103.7592819023642,105.32876353900765,102.50754303407103,105.2517318725586,22648200
2025-06-12,104.87621043073194,106.09906424606112,104.20220172269977,105.65614318847656,17469400
2025-06-13,108.17886193405955,108.35217949904542,106.57086457044517,107.95740509033203,28540200
2025-06-16,107.66853123699347,108.95878574784209,107.00414606780276,108.30403137207031,22986100
2025-06-17,109.71946201611948,110.6630815332449,108.9106515838495,109.76760864257812,19451700
2025-06-18,110.35495744477733,110.96156524270965,108.7469600982511,108.98767852783203,17968900
2025-06-20,109.23802764537137,110.76900077896947,108.9780549564968,110.44161987304688,36273300
2025-06-23,112.36736767540006,112.60808612144518,107.03305337564711,107.59151458740234,26631100
2025-06-24,105.19395236311243,106.82121127674935,103.90370512343452,104.31773376464844,24828300
2025-06-25,104.09628467206528,105.18432939601642,103.70150289714556,104.34663391113281,17483200
2025-06-26,104.89546587897843,106.33977646546933,104.51994571418227,105.90647888183594,18304800
2025-06-27,105.85834424850997,106.01240023116787,104.346632728826,105.31912994384766,22002100
2025-06-30,104.606608619303,104.79918044006295,103.72076648997667,103.79779815673828,19199000
2025-07-01,104.11553572393119,105.56947714029376,103.17192356475611,105.184326171875,15536900
2025-07-02,105.91611884569635,107.22562781184375,104.78955825377581,106.92713928222656,11892200
2025-07-03,106.74418416289659,108.29441148300808,106.5130965205741,108.03443145751953,11223600
2025-07-07,107.39893742867832,107.89000509111263,106.12794439060524,106.98490142822266,15415900
2025-07-08,106.7730676374945,110.21052656958359,106.73455180664708,109.95055389404297,17913400
2025-07-09,109.69058288049658,110.02758724540793,109.06471343357883,109.57504272460938,10652100
2025-07-10,109.48837117973027,110.99045185082323,108.87213257896681,110.66307830810547,14901700
2025-07-11,110.58605505055245,111.4622737393747,110.25868148295565,111.14452362060547,11683900
2025-07-14,110.95194424017892,110.95194424017892,109.01656596677141,109.6905746459961,13220300
2025-07-15,109.44023392561274,109.8253775486079,108.41958275547317,108.71807861328125,10959300
2025-07-16,108.68918603391911,109.28617040231443,107.93814568583247,108.06332397460938,11158900
2025-07-17,107.3507864791736,108.06331830455888,106.96563553093841,107.51448059082031,13151400
2025-07-18,106.98490006862788,107.58188442216026,103.35486201505994,103.7688980102539,32366600
2025-07-21,103.60520798430053,104.7317684429792,103.45115201328608,104.03850555419922,17010400
2025-07-22,103.97110800643856,105.37690276270683,103.61484208375289,104.51031494140625,13970900
2025-07-23,104.88583537941356,105.91610997349179,104.80880371817658,105.84870910644531,12002700
2025-07-24,105.58873603781592,106.83083667643824,105.07840679363585,106.6767807006836,15647200
2025-07-25,106.61901199774485,106.85973043169554,105.62724587910735,106.30126190185547,10548900
2025-07-28,106.8789836611563,107.94777408545934,106.72492033873907,107.30265045166016,12353000
2025-07-29,107.74556637325594,108.80472595312855,107.27376032648549,108.68917846679688,15928000
2025-07-30,108.23664262449778,108.42921443757189,107.12933633396219,107.74557495117188,12996900
2025-07-31,106.26274678430435,108.32329600506476,106.26274678430435,107.49522399902344,17233700
2025-08-01,107.84186360975019,108.36181633369162,104.8184405212398,105.5694808959961,19652000
2025-08-04,105.16507353667451,105.83908223210184,103.11414772060712,103.38375854492188,19129500
2025-08-05,103.23932882537225,103.81705162950657,102.13202249886415,103.25858306884766,21314300
2025-08-06,104.28885532310031,105.00138719969958,102.42088521103375,102.5556869506836,15321800
2025-08-07,103.16230170225022,104.04814386400987,101.9587094130732,102.0164794921875,13468300
2025-08-08,102.54605771765384,103.51856229377444,102.01647419943372,102.83492279052734,14417700
2025-08-11,103.13340955581646,103.53781477403791,101.61206724405704,101.90093231201172,13570700
2025-08-12,102.39198378057428,103.29708739209165,101.85277686961578,102.18978118896484,14109400
2025-08-13,102.06461288940845,103.60520935058594,101.8142636687973,103.60520935058594,17958700
2025-08-14,103.55707332974849,103.59558181461352,102.48828289422498,103.39337921142578,13683500
2025-08-15,103.19902440302852,104.53043184516203,102.96577897336046,103.49057006835938,19271900
2025-08-18,103.1115564920614,104.20973334395688,102.6936676947345,103.71409606933594,13040000
2025-08-19,103.20873276921256,104.43324526924799,103.16014553442298,104.39437103271484,16113600
2025-08-20,104.84141301967696,106.25057628140125,104.64704925264721,105.47310638427734,18959700
2025-08-21,105.36620628024141,106.48381650017089,104.91916367517014,106.15339660644531,12194900
2025-08-22,106.51296434690045,108.27198825876137,106.51296434690045,108.14564514160156,13586700
2025-08-25,107.77634523854397,108.76761222531339,107.42648455744848,108.59268188476562,9744900
2025-08-26,108.23310853153694,108.66071026510373,107.251554539153,108.34972381591797,18143900
2025-08-27,108.28170867190343,109.7977742801282,108.28170867190343,109.57424926757812,15262600
2025-08-28,109.69087260799938,110.44890170919774,108.91340268064054,110.1573486328125,14189800
2025-08-29,110.51691696705754,111.5567786110806,110.38086085770887,111.07086181640625,14597900
2025-09-02,110.96396512433365,111.99410640835276,110.13790801462953,111.45960235595703,15206700
2025-09-03,110.75987893875846,111.20692151454529,108.32057447471314,108.75790405273438,14920100
2025-09-04,108.95226770233171,109.94353473208668,108.2428258975398,109.23410034179688,12864400
2025-09-05,108.45663769312769,108.63156805289493,105.9493050079647,106.15339660644531,16826700
2025-09-08,106.63930512241828,106.95029158055625,105.29816999741539,106.75592041015625,15440500
2025-09-09,107.41677115372212,109.34100502528872,107.41677115372212,107.53339385986328,14899500
2025-09-10,108.02903760030244,109.38959884806225,107.71804369852568,109.33129119873047,15837600
2025-09-11,108.26227519488062,109.59368261284318,107.74720452242771,108.98143005371094,11534500
2025-09-12,109.68114268817986,110.03100338371648,108.7287424804408,109.00086212158203,11105700
2025-09-15,109.02029878756257,109.29241102232862,108.18452125820836,109.18550872802734,12880500
2025-09-16,109.77832745457134,112.07185544585985,109.60339710220181,111.44988250732422,17208000
2025-09-17,111.30411365469479,112.23707312684543,110.83763762587085,112.04270935058594,13302000
2025-09-18,111.92607995354716,112.10101030753755,110.20593765139351,110.72100830078125,14628700
2025-09-19,110.69184737643388,110.76959584310909,109.46733497705596,109.64226531982422,38746500
2025-09-22,109.28268825518494,109.62283595581596,108.41775692138489,108.86479949951172,15611500
2025-09-23,109.54508914296424,111.51791024684958,109.31185114530597,110.74044036865234,25369100
2025-09-24,111.34297999499384,112.49946440086293,111.24579811375746,111.33325958251953,14756100
2025-09-25,111.41101237450077,112.63552488617954,111.18749478043796,112.3342514038086,15012600
2025-09-26,112.69382255766303,115.02622466382806,112.65494832420173,113.9183349609375,18568900
2025-09-29,112.7910162029508,113.21862540114104,110.46833426642237,111.00284576416016,19189300
2025-09-30,110.15734800250948,110.29340412684338,108.78706634614592,109.57424926757812,18076200
2025-10-01,109.38959246283336,109.83663504878889,108.15536699883687,108.83564758300781,16614000
2025-10-02,108.8162121516571,109.90466106611652,107.90268617173395,108.15536499023438,13062600
2025-10-03,108.74819084896897,110.54608168355931,108.74819084896897,110.06988525390625,12950100
2025-10-06,110.09903368290979,111.53734331429891,109.99213138962384,110.9833984375,12036800
2025-10-07,110.85706675882555,111.28467594749493,108.59269252173914,111.04171752929688,11945000
2025-10-08,111.1583323936962,111.77059235046264,110.2156599629254,110.8084716796875,12301000
2025-10-09,111.20692788321571,112.2565100331723,109.56452659751527,109.72974395751953,10976200
2025-10-10,109.09804160628607,109.44790229414498,107.59169656608793,107.61113739013672,13811600
2025-10-13,108.39832506981655,109.13692071210326,108.18452048274652,109.07860565185547,10296500
2025-10-14,107.64029302443528,109.77832400668812,107.59169837799688,109.127197265625,11167200
2025-10-15,109.62283878732902,110.37114743614104,107.84438142670133,108.46635437011719,12182900
2025-10-16,108.72875337123354,109.03002686476279,107.28072321186103,107.523681640625,11782200
2025-10-17,108.48578653843487,109.72973982552386,108.04846436633875,109.07860565185547,13460100
2025-10-20,108.84536184926239,109.96297195829358,108.82592843988441,109.52564239501953,9523600
2025-10-21,109.71030022674081,110.16706322885845,108.83564845827111,109.53536987304688,9202300
2025-10-22,110.25452952377394,111.93580507533065,109.89495580258458,111.47904205322266,12938800
2025-10-23,113.34495804742382,113.5587626407378,112.11073255125102,112.71327209472656,15001100
2025-10-24,113.07284436855093,113.18946707646688,111.93580077075434,112.13988494873047,9919400
2025-10-27,112.44114729207452,112.72297993267722,111.85804860077681,112.67439270019531,10975400
2025-10-28,112.23706639389255,112.90763398641612,111.7511495678905,111.79002380371094,9535200
2025-10-29,111.68310928917606,113.75311948673895,111.57620700599199,113.17001342773438,12570600
2025-10-30,113.15059081063988,113.23805227913105,111.30410541485863,111.45960235595703,16172900
2025-10-31,110.76959902188928,111.98439104416849,109.44790470848932,111.1388931274414,20213400
2025-11-03,111.27495623795205,111.75115266456905,110.43917868090855,110.55580139160156,12290300
2025-11-04,110.18649893854,111.12917878564296,109.34100839013,110.92509460449219,16860700
2025-11-05,110.87650583197897,111.93580844495868,110.46833744804312,110.47805786132812,12400900
2025-11-06,110.43918576822759,111.70257259771944,110.43918576822759,111.27496337890625,14219700
2025-11-07,111.96494736289283,114.20016759265555,111.6636813216951,113.9183349609375,17181100
2025-11-10,114.13215338689474,115.11370009651469,112.20791937682769,114.89018249511719,13048000
2025-11-11,115.4829957289592,117.40722222583193,115.4829957289592,116.40623474121094,16077100
2025-11-12,115.74538444838527,115.92031479926958,114.47228475914534,114.7929916381836,13790900
2025-11-13,115.28862536860791,116.38680215875796,114.9484850676996,115.44412231445312,17291900
2025-11-14,116.12054640396673,117.13029659441288,114.36575532080614,116.94403076171875,17064300
2025-11-17,116.63032375061441,117.14989951410585,114.80690212217205,115.36569213867188,16034900
2025-11-18,114.9539526464096,117.13029505260532,114.18929341814709,116.68914031982422,15808500
2025-11-19,114.55201596702355,115.85586186327224,113.65011056424346,115.04218292236328,15919200
2025-11-20,115.65979317287263,116.66953586139736,114.44417378999563,114.71866607666016,14401000
2025-11-21,114.68925477292015,115.07158437525726,113.37561100680882,114.7774887084961,15667600
2025-11-24,114.89512993221705,114.89512993221705,112.48350943901481,113.68932342529297,18034900
2025-11-25,112.914847977459,113.62068951387047,111.94431960456993,112.25802612304688,14434600
2025-11-26,112.160003247741,113.46384162902656,112.06196387586725,112.5129165649414,11650600
2025-11-28,112.68937191455296,116.40483806561917,112.5619312079222,113.64029693603516,7240800
2025-12-01,113.81676607945676,115.10100859456215,113.81676607945676,114.33634185791016,12658100
2025-12-02,114.15008279695115,114.3069323331814,112.43449845560603,113.11092376708984,14607700
2025-12-03,113.66970617872575,115.6597901639792,113.60108310884485,115.48332977294922,16819100
2025-12-04,115.18922448643572,116.01270130969586,114.36574766317557,114.8363037109375,13686900
2025-12-05,114.4539847645169,116.44406141854374,114.12067482295866,114.24811553955078,12516900
2025-12-08,113.55206799921592,114.69905677188999,112.7776033850286,113.6991195678711,14904200
2025-12-09,114.60103497720259,118.10082671847627,114.59122954393455,115.92448425292969,23790800
2025-12-10,116.3950417739158,117.51262176910427,116.04212098813484,117.1891098022461,19845200
2025-12-11,116.76756594586071,117.99298326333523,116.72835169417907,117.1891098022461,14781800
2025-12-12,117.09107842247377,117.56163448599445,115.98329637586768,116.48326873779297,14459500
2025-12-15,116.66953969111152,116.68914307822224,114.55201487415584,115.44412231445312,16358700
2025-12-16,114.47358447642657,114.54220754921194,112.35606717379666,112.42469024658203,17638700
2025-12-17,112.9442739961624,115.30688241650844,112.90505974046134,115.10101318359375,18502200
2025-12-18,114.68926281028475,114.68926281028475,113.35600808534332,114.24811553955078,13705600
2025-12-19,114.45398212999562,115.25785562394006,113.67951745617594,114.3951644897461,45412800
2025-12-22,115.03237860130838,116.13035528445343,115.03237860130838,115.82645416259766,11768600
2025-12-23,116.14015795769345,117.66947644340163,115.99310637729363,117.07147216796875,12567600
2025-12-24,116.9832416812017,117.68908325934501,116.77737246746888,116.87540435791016,6137400
2025-12-26,116.55189584262978,117.19891980155684,116.19897504309758,116.76757049560547,8066100
2025-12-29,117.787120887003,118.9145063803753,117.05187045384986,118.1596450805664,14782500
2025-12-30,118.71843302977904,119.40467124297325,118.2576749030489,118.610595703125,11150500
2025-12-31,118.79686542942925,118.87529393853949,117.51263038000505,117.97338104248047,10559900
2026-01-02,117.72830081012032,120.26736963731908,117.25774470118102,120.23796081542969,14175100
2026-01-05,122.74760936566847,123.45345098557014,119.98306800728975,122.89466094970703,30112200
2026-01-06,122.8848495018372,123.32600423236111,118.62039864956253,118.66941833496094,23328600
2026-01-07,117.44400199217434,117.75770853507144,115.94408487086373,116.15975952148438,20353000
2026-01-08,116.64013108932252,121.19867775555002,116.32642453948432,120.49284362792969,20232700
2026-01-09,120.80655047223998,122.40449204572425,120.67910227773142,122.15940856933594,16137700
2026-01-12,122.01235656019075,122.051570813798,120.14972065029409,121.59081268310547,15314900
2026-01-13,122.54172999624801,124.63964381543548,122.35546417326054,124.05144500732422,21619700
2026-01-14,124.84550786994382,129.1295692663085,124.62983323735816,127.63945770263672,27593900
2026-01-15,126.59051513671875,127.63946458017203,125.77683624424921,126.59051513671875,17400000
2026-01-16,126.37484067147311,127.60025798860698,126.33561894044863,127.33556365966797,16592400
2026-01-20,128.92370969178984,129.34526106003074,127.51204139853334,127.89437103271484,16477300
2026-01-21,129.31585712353169,131.10005716420434,129.31585712353169,130.982421875,18879900
2026-01-22,130.4334321339966,131.54119930090036,129.2570344119412,131.01182556152344,16600100
2026-01-23,132.43329384244976,133.30579035502723,131.83528960627595,132.31565856933594,17758200
2026-01-26,134.23709589269498,134.24690880396307,131.53138007370205,132.18820190429688,16056100
2026-01-27,132.59015456841982,134.23710827308267,132.0607808658375,134.1390838623047,14517000
2026-01-28,134.9821659317197,135.2958649752726,133.98222124790016,134.87432861328125,15637300
2026-01-29,137.56045323507496,139.54071684501432,136.3742426928216,137.7467041015625,35760600
2026-01-30,136.0115249641907,139.413284651152,135.1194175625329,138.61920166015625,29657700
2026-02-02,137.0800926697375,137.5604616716114,135.34489745756886,135.67820739746094,27735600
2026-02-03,135.9135003144931,142.15822288499697,135.58998831098552,140.9033966064453,37577800
2026-02-04,141.28570982267485,144.9325529451777,141.28570982267485,144.68746948242188,29426200
2026-02-05,143.69733549717404,143.8443795891129,140.9720086293876,143.20716857910156,18431700
2026-02-06,143.73655519939692,146.62855224315575,143.2169794161954,146.1187744140625,17216000
2026-02-09,146.32463450957823,148.56960754784373,145.7070343161397,148.23629760742188,21297300
2026-02-10,148.3735398653639,148.79507625683397,146.87363021409703,148.6088104248047,15800300
2026-02-11,150.9420202819541,153.84380041252888,150.5498926833496,152.50074768066406,23091500
2026-02-12,151.86914039995418,153.2112816986525,147.9118045030338,147.9611358642578,30652500
2026-02-13,148.573009056918,149.66843335045488,146.0367505798841,146.50057983398438,20166000
2026-02-17,146.25386332053407,147.17165857121253,143.24391231753378,144.270263671875,19766600
2026-02-18,146.20451859059764,148.99735741858277,145.67161638544218,148.7012939453125,19849700
2026-02-19,150.20133141726754,151.36584368014013,148.85919011306916,148.98748779296875,20305000
2026-02-20,148.51380081276685,148.8295908063359,144.53672317214324,145.345947265625,25908600
2026-02-23,146.2045163413988,149.28355533426253,146.18478981965436,148.78024291992188,16073100
2026-02-24,148.44471274188743,148.7407762133805,146.08609834773506,147.29994201660156,14185500
2026-02-25,147.94141356259428,148.20785713109032,145.39529183251534,147.10256958007812,15225700
2026-02-26,145.8689764649243,148.97762012181042,144.8426402313522,146.58938598632812,15632100
2026-02-27,149.01710365170337,151.63229845401327,147.2900842385214,150.49740600585938,30275100
2026-03-02,157.25744744344775,157.5140277442215,151.0204334392882,152.19480895996094,31493100
2026-03-03,153.388913296314,154.00078180487054,148.32628979550924,149.83619689941406,25198900
2026-03-04,148.74077544915835,149.1749998639953,145.9183318111316,147.85260009765625,16764800
2026-03-05,149.0170967065771,150.32963320643273,147.5071895803822,148.78024291992188,22969300
2026-03-06,151.13886167079949,151.78033504800396,147.99076470220882,149.22434997558594,21136400
2026-03-09,150.0237005068187,151.8691391301945,147.50718371049803,148.46444702148438,25532700
2026-03-10,147.2900868194475,148.42497928748784,145.76043801499983,146.18479919433594,19617600
2026-03-11,146.046624457752,149.8164529995664,145.72095615785696,149.5894775390625,15297400
2026-03-12,150.27042175538625,152.96456766631465,149.63882672348768,151.5138702392578,26054000
2026-03-13,152.27376248734015,154.82974744779892,150.97108926767592,154.06985473632812,22414100
2026-03-16,153.95143953087205,155.70806372597428,152.7277175392131,155.165283203125,22835600
2026-03-17,156.17188931021934,158.34299629210685,154.74093346250348,156.7245330810547,21592200
2026-03-18,157.56337795891957,158.07653857282673,155.46134390714047,155.5205535888672,18947100
2026-03-19,156.18174662674213,157.46467822216096,152.80665939038394,156.08306884765625,27082700
2026-03-20,157.25745219688022,160.3068712918422,157.01073514922803,157.5732421875,53942100
2026-03-23,154.06986435705824,159.30026902536085,152.9843183312989,159.0140838623047,25021300
2026-03-24,159.58646273652485,165.2806813902276,159.13249674027693,163.20826721191406,26131800
2026-03-25,161.71809435727107,162.83326029190215,160.79043579838304,161.11610412597656,17192300
2026-03-26,161.9351991047626,163.50431592661914,159.9318578661477,163.25759887695312,18625200
2026-03-27,163.4056230540538,168.98142183830936,162.6358671348429,168.7445831298828,30338300
2026-03-30,170.24461319200663,174.09340787768787,168.80379417601876,169.21827697753906,29813500
2026-03-31,170.40252029916738,172.09007144795677,163.79050675840085,167.4320526123047,32006700
2026-04-01,163.59314847597437,165.79386038255356,157.43508538359336,158.66867065429688,37927600
2026-04-02,162.32995131495318,164.70829216920555,157.4942882287153,158.57984924316406,25377700
2026-04-06,158.46143620148837,161.59966989102813,157.4350848271786,161.2246551513672,16344300
2026-04-07,162.06349508840393,164.0569730451393,159.64567103873514,161.757568359375,25227500
2026-04-08,151.50400750448705,154.29684626632607,148.99735388970248,154.16854858398438,31311200
2026-04-09,154.80015098369313,157.1390238674347,152.28363398837865,153.00404357910156,25868400
2026-04-10,152.01715490726124,153.08297425812682,149.92499936208736,150.5072479248047,21065000
2026-04-13,152.244159041483,152.58955387101517,149.29341774875434,150.63555908203125,18685600
2026-04-14,148.09931479763057,148.13878289907458,144.79330037579695,147.28021240234375,18528200
2026-04-15,146.6486181452608,148.25720304523475,144.97093018596462,147.05322265625,15626500
2026-04-16,147.56639837260283,150.77371997111916,147.3887693274927,149.98422241210938,15191000
2026-04-17,142.95771435979552,144.8722408937409,140.10566613734218,144.5169677734375,28947400
2026-04-20,145.44462849031555,147.40848641370326,144.42815553036803,145.7406768798828,16354400
2026-04-21,145.43475353941858,146.85584607589826,144.31960277659698,146.41175842285156,17515900
2026-04-22,147.40849126178932,148.70128613345972,146.2341157498405,147.5367889404297,13738700
2026-04-23,147.88220528695376,149.24407315856882,146.54992719815058,148.5532684326172,12970400
2026-04-24,147.6749536212974,148.32629023309528,145.02027581191402,146.9545440673828,13735900
2026-04-27,147.20126666981344,149.19472962349624,146.0268910837684,146.24400329589844,13940800
2026-04-28,149.54013382081567,150.30988979505028,147.86246092975082,148.58287048339844,15173600
2026-04-29,150.02370608327118,152.9152226446687,149.0269595764905,152.63890075683594,14669100
2026-04-30,150.42830150729972,153.64550124162795,149.35261886191103,152.30335998535156,22885900
2026-05-01,150.60594916857974,152.97442670827715,149.14538852104675,150.74411010742188,15458200
2026-05-04,150.66515846041094,152.4415241398171,147.55652981525986,151.67176818847656,14238500
2026-05-05,151.08952150756775,153.25075013159284,150.40858006697343,152.8461456298828,12494600
2026-05-06,147.11244147126834,148.35588991182468,145.1584317038633,146.7374267578125,20527000
2026-05-07,144.87224830738384,145.14857018638108,142.29652181797798,144.65513610839844,22509400
2026-05-08,143.9347293661345,144.5761876566039,142.03006595775787,142.67153930664062,19550100
2026-05-11,144.10250542845526,147.75391492522851,144.08276384718866,147.7144317626953,14849500
2026-05-12,149.26381574762087,149.8164595321171,147.80325502310743,148.65196228027344,16443100
2026-05-13,148.0894397413527,149.79671751167356,147.71442500651165,149.57962036132812,15772800
2026-05-14,149.905263382453,151.10924370941106,149.27366837965636,150.77371215820312,11331500
2026-05-15,152.7608516688576,156.98350935726506,152.01567678266807,156.90402221679688,27882400
2026-05-18,156.30788510753027,160.6895017397437,154.23131965292822,159.45748901367188,20065200
2026-05-19,160.46099405822483,162.2692924138743,158.612959712182,161.50424194335938,20715600
2026-05-20,160.57027775243373,162.62695246090524,155.2646364435186,155.27456665039062,18509700
2026-05-21,157.40080741244543,158.36456815663448,152.47272592771048,154.2909393310547,17061700
2026-05-22,153.039050982118,154.54927634853834,152.1845831622433,153.92332458496094,12948500
2026-05-26,152.51245412992614,153.55570196228766,148.50838244281752,148.84619140625,13057800
2026-05-27,146.2827985604971,147.73341239068998,144.812324315,146.948486328125,16241100
2026-05-28,148.37921962101078,149.2436327977562,145.9251091176085,146.01454162597656,14012500
2026-05-29,145.2494947353263,145.9847242712525,143.77902050285167,144.32546997070312,27959900
2026-06-01,146.07415816976595,148.6872278824595,146.05428259382654,148.41897583007812,16732100
2026-06-02,148.0712197861663,149.8596425847688,147.54463073444197,148.59780883789062,10462400
2026-06-03,149.6410600803893,153.91339931686977,149.05485944903873,151.5487060546875,14373000
2026-06-04,151.07178923986044,152.44290069957347,149.96892981929165,151.0618438720703,11799400
2026-06-05,151.0320404901442,151.15127878116928,148.33948372439218,148.9554901123047,16584000
2026-06-08,150.18751157814702,152.82045666526088,149.92917459257427,150.77371215820312,13870900
2026-06-09,149.93912891268184,150.1577147624696,146.82926081757435,147.95199584960938,18163500
2026-06-10,150.25706190677164,151.5089654358688,148.5978076229357,149.65098571777344,14596500
2026-06-11,151.32018657890387,151.5089666465856,145.47801049142424,145.6568603515625,17285800
2026-06-12,144.69309749283448,147.95199447310367,144.21617464648634,146.064208984375,17713100
2026-06-15,138.8409959581125,141.06657534019064,136.83398727052634,140.01339721679688,23631400
2026-06-16,139.28808771120796,141.2354695284117,139.07943207905402,140.9473419189453,18925400
2026-06-17,140.31145660572122,141.42424618882197,139.41725285653254,139.8345489501953,16663200
2026-06-18,137.43012951128387,137.5692282188612,134.97601897282365,136.92340087890625,48063400
2026-06-22,137.64870437324234,138.10575166092363,136.1384941196488,137.57916259765625,15783300
2026-06-23,138.56278739587265,139.486796941336,137.60895690836153,138.83103942871094,13699400
2026-06-24,136.23784244879812,136.75450130722126,134.7176868182312,136.01925659179688,16212900
2026-06-25,134.76735400327686,137.18172838415734,134.08179072030313,136.66506958007812,13288800
2026-06-26,136.08880152709986,136.6948776843146,135.04555369443563,135.66156005859375,22684200
2026-06-29,135.70132071428984,136.5061071911013,134.51897409848138,135.18466186523438,11972700
2026-06-30,135.6019469157409,136.4166786942443,134.45935154509178,135.8404083251953,28784000
2026-07-01,135.6516356483452,136.60546617741443,134.75743184534812,135.4032440185547,12433400
2026-07-02,136.26763463349974,138.24483735700704,135.45291801558523,136.20802307128906,13703300
2026-07-06,135.67150299991567,136.48621961272076,135.13496862214214,135.5622100830078,13915100
2026-07-07,137.6685743295943,140.82812374084455,137.24134800388697,140.7784423828125,14667800
2026-07-08,142.5171821025025,143.0636467131422,138.91053083290223,140.2220458984375,18291400
2026-07-09,138.7614962690738,139.14898658435814,136.2378289556867,136.57565307617188,14110200
2026-07-10,137.01282036043938,138.0759438396731,136.25771524478435,137.9865264892578,9753500
2026-07-13,140.013391594685,144.29566085231056,139.58616526996687,143.58029174804688,18724300
2026-07-14,144.57385127298625,145.06070430003604,142.9642784465353,144.15655517578125,16096400
2026-07-15,144.15656214651605,144.15656214651605,141.11625103370636,143.58029174804688,13444500
2026-07-16,144.3453443482853,145.92511149334146,143.62004502594374,145.0110321044922,13518000
2026-07-17,148.07121098589766,149.03497168229288,146.2231767306124,146.41195678710938,19031400
2026-07-20,145.55749846162485,148.13083216789195,145.28923125020256,147.40553283691406,12149200
2026-07-21,148.0513366306137,150.78364446729043,147.52474760584934,150.73397827148438,13145300
2026-07-22,152.87014400150304,153.80409894761962,151.96599483786918,153.4563446044922,13788700
2026-07-23,155.59251814100296,157.54984533591656,155.05598374734197,155.88064575195312,15822800
2026-07-24,155.98000972608443,157.6889453127249,154.67842488089144,155.93032836914062,12091600
2026-07-27,152.08523196835614,154.420104155216,151.51889178426083,153.7742919921875,13955800
2026-07-28,153.17815498792126,155.17521831898253,150.9028942324521,152.055419921875,16299900
2026-07-29,156.7053073348219,158.04662815474293,154.85727306502608,155.74154663085938,14571300
2026-07-30,154.09223405988436,156.76493053038882,153.53583921231603,155.96014404296875,12578100
2026-07-31,152.7509270772818,155.1553563125088,151.16121453071767,154.4399871826172,15714200
2026-08-03,152.4727263545316,154.90696132074848,151.66792473036153,154.0624237060547,14532800
2026-08-04,150.6445556868725,153.84384119554895,148.13083352442996,152.96951293945312,14347900
2026-08-05,154.04254552700252,154.04254552700252,150.17757239730147,150.6544952392578,12227500
2026-08-06,153.227835140774,153.87364733649875,150.8631418913171,153.84384155273438,11879100
2026-08-07,151.65799936147022,152.68137170710398,150.55513987163098,152.055419921875,18455200
2026-08-10,153.50603299447087,159.33826383030498,153.45635163451644,158.76199340820312,19761600
2026-08-11,158.6328281788065,160.62989135010667,158.2453378571924,158.7719268798828,13744500
2026-08-12,157.5299675257101,159.19915192536513,156.54633125837117,158.7222442626953,13219500
2026-08-13,157.0133139569994,158.73217976988673,156.4171679882901,157.58958435058594,10542800
2026-08-14,158.68251698441384,160.22253297554738,158.22546971049474,159.07000732421875,10231300
2026-08-17,160.10000610351562,162.50999450683594,159.08999633789062,161.4600067138672,12858100
2026-08-18,164.35000610351562,165.6699981689453,163.25,165.55999755859375,18952700
2026-08-19,166.07000732421875,168.2100067138672,164.66000366210938,164.77000427246094,13648900
2026-08-20,167.02000427246094,168.63999938964844,166.07000732421875,166.14999389648438,13803000
2026-08-21,166.5399932861328,168.0,164.61000061035156,165.11000061035156,14314300
2026-08-24,163.8699951171875,165.22000122070312,162.25,164.0500030517578,10842500
2026-08-25,161.4499969482422,162.80999755859375,160.4600067138672,160.63999938964844,17525300
2026-08-26,158.0,161.1300048828125,157.75999450683594,158.19000244140625,14838400
2026-08-27,157.6300048828125,158.19000244140625,156.13999938964844,156.44000244140625,14288500
2026-08-28,156.60000610351562,157.4199981689453,155.32000732421875,156.7100067138672,11352600
2026-08-31,159.94000244140625,161.58999633789062,158.74000549316406,160.9499969482422,18363400
2026-09-01,163.60000610351562,164.6999969482422,162.22000122070312,164.5500030517578,11381800
2026-09-02,163.92999267578125,165.02000427246094,162.75999450683594,164.14999389648438,11287000
2026-09-03,164.42999267578125,165.64999389648438,162.08999633789062,162.2100067138672,13755100
2026-09-04,161.02000427246094,161.47999572753906,159.16000366210938,159.47000122070312,16206400
2026-09-08,160.61000061035156,163.11000061035156,158.75,160.66000366210938,12607700
2026-09-09,162.8800048828125,165.17999267578125,162.5500030517578,164.22999572753906,13124000
2026-09-10,167.0,167.3699951171875,163.17999267578125,165.22999572753906,16615300
2026-09-11,165.07000732421875,167.08999633789062,164.0800018310547,165.99000549316406,11362400
2026-09-14,168.6999969482422,169.4499969482422,164.0399932861328,165.0800018310547,13942100
2026-09-15,165.36000061035156,169.63999938964844,165.14999389648438,169.32000732421875,12329200
2026-09-16,167.22999572753906,167.5,162.55999755859375,163.32000732421875,13437800
2026-09-17,161.8300018310547,163.38999938964844,161.4499969482422,163.27000427246094,10976500
2026-09-18,162.5,163.5399932861328,161.30999755859375,163.5399932861328,37640600
2026-09-21,160.9600067138672,161.9499969482422,157.94000244140625,158.3000030517578,15752500
2026-09-22,157.52999877929688,159.97000122070312,155.85000610351562,158.7100067138672,14189400
2026-09-23,159.6199951171875,162.1199951171875,159.4199981689453,161.22999572753906,12569300
2026-09-24,163.05999755859375,164.91000366210938,161.1999969482422,162.13999938964844,12484900
2026-09-25,160.22999572753906,161.7899932861328,159.77999877929688,160.58999633789062,10996700
2026-09-28,162.8000030517578,163.5399932861328,161.0500030517578,162.52000427246094,12809500
2026-09-29,160.22000122070312,161.97000122070312,159.27000427246094,161.35000610351562,9160000
2026-09-30,162.22999572753906,164.3699951171875,161.8000030517578,162.75,13100400
